-- MySQL dump 10.13  Distrib 8.0.43, for Win64 (x86_64)
--
-- Host: 113.160.226.169    Database: sybau
-- ------------------------------------------------------
-- Server version	9.4.0

/*!40101 SET @OLD_CHARACTER_SET_CLIENT=@@CHARACTER_SET_CLIENT */;
/*!40101 SET @OLD_CHARACTER_SET_RESULTS=@@CHARACTER_SET_RESULTS */;
/*!40101 SET @OLD_COLLATION_CONNECTION=@@COLLATION_CONNECTION */;
/*!50503 SET NAMES utf8mb4 */;
/*!40103 SET @OLD_TIME_ZONE=@@TIME_ZONE */;
/*!40103 SET TIME_ZONE='+00:00' */;
/*!40014 SET @OLD_UNIQUE_CHECKS=@@UNIQUE_CHECKS, UNIQUE_CHECKS=0 */;
/*!40014 SET @OLD_FOREIGN_KEY_CHECKS=@@FOREIGN_KEY_CHECKS, FOREIGN_KEY_CHECKS=0 */;
/*!40101 SET @OLD_SQL_MODE=@@SQL_MODE, SQL_MODE='NO_AUTO_VALUE_ON_ZERO' */;
/*!40111 SET @OLD_SQL_NOTES=@@SQL_NOTES, SQL_NOTES=0 */;

--
-- Table structure for table `actions`
--

DROP TABLE IF EXISTS `actions`;
/*!40101 SET @saved_cs_client     = @@character_set_client */;
/*!50503 SET character_set_client = utf8mb4 */;
CREATE TABLE `actions` (
  `id` varchar(36) NOT NULL,
  `name` varchar(50) NOT NULL,
  `description` varchar(255) DEFAULT NULL,
  `action_type` varchar(20) NOT NULL,
  `is_active` bit(1) NOT NULL,
  `created_at` timestamp NOT NULL DEFAULT CURRENT_TIMESTAMP,
  `updated_at` timestamp NOT NULL DEFAULT CURRENT_TIMESTAMP ON UPDATE CURRENT_TIMESTAMP,
  PRIMARY KEY (`id`),
  UNIQUE KEY `name` (`name`),
  KEY `idx_actions_type` (`action_type`)
) ENGINE=InnoDB DEFAULT CHARSET=utf8mb4 COLLATE=utf8mb4_0900_ai_ci;
/*!40101 SET character_set_client = @saved_cs_client */;

--
-- Dumping data for table `actions`
--

/*!40000 ALTER TABLE `actions` DISABLE KEYS */;
INSERT INTO `actions` VALUES ('act-approve-001','APPROVE','Approve content or applications','BUSINESS',0x01,'2025-08-21 08:37:28','2025-08-21 08:37:28'),('act-create-001','CREATE','Create new records','CRUD',0x01,'2025-08-21 08:37:28','2025-08-21 08:37:28'),('act-delete-001','DELETE','Delete records','CRUD',0x01,'2025-08-21 08:37:28','2025-08-21 08:37:28'),('act-enroll-001','ENROLL','Enroll in courses','BUSINESS',0x01,'2025-08-21 08:37:29','2025-08-21 08:37:29'),('act-grade-001','GRADE','Grade student work','BUSINESS',0x01,'2025-08-21 08:37:29','2025-08-21 08:37:29'),('act-paid_out-001','payment:PAID_OUT','Permission to paid out payments','BUSINESS',0x01,'2025-08-26 06:15:10','2025-08-26 06:15:10'),('act-publish-001','PUBLISH','Publish courses or content','BUSINESS',0x01,'2025-08-21 08:37:28','2025-08-21 08:37:28'),('act-read-001','READ','Read and view records','CRUD',0x01,'2025-08-21 08:37:28','2025-08-21 08:37:28'),('act-update-001','UPDATE','Update existing records','CRUD',0x01,'2025-08-21 08:37:28','2025-08-21 08:37:28');
/*!40000 ALTER TABLE `actions` ENABLE KEYS */;

--
-- Table structure for table `affiliate_payouts`
--

DROP TABLE IF EXISTS `affiliate_payouts`;
/*!40101 SET @saved_cs_client     = @@character_set_client */;
/*!50503 SET character_set_client = utf8mb4 */;
CREATE TABLE `affiliate_payouts` (
  `id` varchar(36) NOT NULL,
  `referred_by_user_id` varchar(36) NOT NULL,
  `course_id` varchar(36) NOT NULL,
  `discount_usage_id` varchar(36) DEFAULT NULL,
  `commission_percent` decimal(4,2) NOT NULL,
  `commission_amount` decimal(10,2) NOT NULL,
  `payout_status` varchar(20) NOT NULL DEFAULT 'PENDING',
  `created_at` timestamp NULL DEFAULT CURRENT_TIMESTAMP,
  `updated_at` timestamp NULL DEFAULT CURRENT_TIMESTAMP,
  `paid_at` timestamp NULL DEFAULT NULL,
  `cancelled_at` timestamp NULL DEFAULT NULL,
  PRIMARY KEY (`id`),
  KEY `fk_affiliate_payout_usage` (`discount_usage_id`),
  KEY `idx_affiliate_payout_user_status` (`referred_by_user_id`,`payout_status`),
  KEY `idx_affiliate_payout_course` (`course_id`),
  CONSTRAINT `fk_affiliate_payout_course` FOREIGN KEY (`course_id`) REFERENCES `courses` (`id`) ON DELETE RESTRICT,
  CONSTRAINT `fk_affiliate_payout_usage` FOREIGN KEY (`discount_usage_id`) REFERENCES `discount_usages` (`id`) ON DELETE SET NULL,
  CONSTRAINT `fk_affiliate_payout_user` FOREIGN KEY (`referred_by_user_id`) REFERENCES `users` (`id`) ON DELETE RESTRICT
) ENGINE=InnoDB DEFAULT CHARSET=utf8mb4 COLLATE=utf8mb4_0900_ai_ci;
/*!40101 SET character_set_client = @saved_cs_client */;

--
-- Dumping data for table `affiliate_payouts`
--

/*!40000 ALTER TABLE `affiliate_payouts` DISABLE KEYS */;
INSERT INTO `affiliate_payouts` VALUES ('2e9c7bf4-78e8-47b1-b82a-59e1288705f6','user-003','course-004','8da53e18-b816-4035-97a6-66f7edbeb342',3.00,5.10,'PAID','2025-09-11 06:07:21','2025-09-11 06:07:21',NULL,NULL),('ap1a2b3c-4d5e-6f78-9012-12342','user-003','course-003','du3c4d5e-6f78-9012-3456-3456789012ab',10.00,8.50,'PAID','2024-03-22 02:15:00','2024-04-01 02:55:00','2024-04-01 03:00:00',NULL),('ap2b3c4d-5e6f-7890-1234-2345a','user-006','course-005','du4d5e6f-7890-1234-5678-456789012abc',12.00,9.60,'PAID','2024-04-18 09:45:00','2024-05-01 02:45:00','2024-05-01 03:00:00',NULL),('ap3c4d5e-6f78-9012-3456-345sab','user-009','course-008','du6f7890-1234-5678-9012-6789012abcde',15.00,14.98,'PAID','2024-06-08 06:20:00','2024-12-01 03:00:00','2024-12-01 03:00:00',NULL),('ap4d5e6f-7890-1234-5678-456c','user-012','course-011','du890123-4567-8901-2345-8901def',12.50,12.49,'PAID','2024-09-14 05:40:00','2024-12-01 03:15:00','2024-12-01 03:15:00',NULL),('ap5e6f78-9012-3456-7890-5678','user-003','course-006',NULL,8.00,7.99,'PAID','2024-05-20 07:30:00','2024-06-01 02:50:00','2024-06-01 03:00:00',NULL),('ap6f7890-1234-5678-9012-678de','user-004','course-009',NULL,10.00,9.99,'PAID','2024-07-15 04:20:00','2024-12-01 03:30:00','2024-12-01 03:30:00',NULL),('ap7890123-4567-8901-2345-7890f','user-006','course-012',NULL,11.00,10.99,'PAID','2024-10-05 09:15:00','2024-12-01 03:45:00','2024-12-01 03:45:00',NULL),('ap890123-4567-8901-2345-89012','user-009','course-013',NULL,9.50,9.49,'PAID','2024-10-12 06:45:00','2024-12-01 04:00:00','2024-12-01 04:00:00',NULL),('apb1b1b1-b1b1-b1b1-b1b1-b1b1b1b1b1b1','user-002','course-006','dub3b3b3-b3b3-b3b3-b3b3-b3b3b3b3b3b3',10.00,8.99,'PAID','2024-09-10 07:20:00','2024-10-01 02:30:00','2024-10-01 03:00:00',NULL),('apb2b2b2-b2b2-b2b2-b2b2-b2b2b2b2b2b2','user-002','course-009','dub4b4b4-b4b4-b4b4-b4b4-b4b4b4b4b4b4',12.00,10.79,'PENDING','2024-09-20 09:45:00','2024-09-20 09:45:00',NULL,NULL),('apb3b3b3-b3b3-b3b3-b3b3-b3b3b3b3b3b3','user-002','course-012','dub5b5b5-b5b5-b5b5-b5b5-b5b5b5b5b5b5',10.00,8.99,'PENDING','2024-10-01 04:30:00','2024-10-01 04:30:00',NULL,NULL),('apb4b4b4-b4b4-b4b4-b4b4-b4b4b4b4b4b4','user-002','course-013',NULL,8.00,7.99,'PAID','2024-08-25 08:20:00','2024-09-01 02:45:00','2024-09-01 03:00:00',NULL),('apb5b5b5-b5b5-b5b5-b5b5-b5b5b5b5b5b5','user-002','course-014',NULL,9.00,8.99,'CANCELLED','2024-07-30 05:10:00','2024-08-05 01:30:00',NULL,'2024-08-05 02:00:00'),('eeee036c-c88e-4626-b5cd-6ba8cfd37c11','b4d02e45-4c19-409d-b8a9-83b4662ce1bf','course-013','dd20c9b9-61b7-406e-abb2-5bd39b860380',3.00,3.82,'PAID','2025-09-21 06:30:12','2025-09-21 06:30:12',NULL,NULL);
/*!40000 ALTER TABLE `affiliate_payouts` ENABLE KEYS */;

--
-- Table structure for table `categories`
--

DROP TABLE IF EXISTS `categories`;
/*!40101 SET @saved_cs_client     = @@character_set_client */;
/*!50503 SET character_set_client = utf8mb4 */;
CREATE TABLE `categories` (
  `id` varchar(36) NOT NULL,
  `name` varchar(255) NOT NULL,
  `description` text,
  `created_at` timestamp NULL DEFAULT CURRENT_TIMESTAMP,
  `updated_at` timestamp NULL DEFAULT CURRENT_TIMESTAMP,
  PRIMARY KEY (`id`),
  UNIQUE KEY `name` (`name`)
) ENGINE=InnoDB DEFAULT CHARSET=utf8mb4 COLLATE=utf8mb4_0900_ai_ci;
/*!40101 SET character_set_client = @saved_cs_client */;

--
-- Dumping data for table `categories`
--

/*!40000 ALTER TABLE `categories` DISABLE KEYS */;
INSERT INTO `categories` VALUES ('6c4d515e-f978-4652-9a22-e9dd56565b22','HuyMapNe','Programming courses including various languages and frameworks','2025-08-26 07:34:57','2025-08-26 07:34:57'),('cat-001','Web Development','Learn to build modern web applications using latest technologies and frameworks','2024-12-15 03:00:00','2024-12-15 03:00:00'),('cat-002','Mobile Development','Create native and cross-platform mobile applications for iOS and Android','2024-12-16 03:00:00','2024-12-16 03:00:00'),('cat-003','Data Science','Master data analysis, visualization, and machine learning techniques','2024-12-17 03:00:00','2024-12-17 03:00:00'),('cat-004','DevOps','Learn infrastructure automation, CI/CD, and cloud deployment strategies','2024-12-18 03:00:00','2024-12-18 03:00:00'),('cat-005','Cybersecurity','Understand security principles, ethical hacking, and threat mitigation','2024-12-19 03:00:00','2024-12-19 03:00:00'),('cat-006','Machine Learning','Dive deep into AI algorithms, neural networks, and deep learning','2024-12-20 03:00:00','2024-12-20 03:00:00'),('cat-007','Cloud Computing','Master AWS, Azure, and Google Cloud Platform services','2024-12-21 03:00:00','2024-12-21 03:00:00'),('cat-008','Database Design','Learn relational and NoSQL database design and optimization','2024-12-22 03:00:00','2024-12-22 03:00:00'),('cat-009','Software Architecture','Design scalable and maintainable software systems','2024-12-23 03:00:00','2024-12-23 03:00:00'),('cat-010','Game Development','Create games using popular engines and programming languages','2024-12-24 03:00:00','2024-12-24 03:00:00');
/*!40000 ALTER TABLE `categories` ENABLE KEYS */;

--
-- Table structure for table `certificates`
--

DROP TABLE IF EXISTS `certificates`;
/*!40101 SET @saved_cs_client     = @@character_set_client */;
/*!50503 SET character_set_client = utf8mb4 */;
CREATE TABLE `certificates` (
  `certificate_id` varchar(36) NOT NULL,
  `user_id` varchar(36) NOT NULL,
  `course_id` varchar(36) NOT NULL,
  `issued_at` timestamp NOT NULL DEFAULT CURRENT_TIMESTAMP,
  `certificate_code` varchar(100) NOT NULL,
  `file_url` varchar(500) DEFAULT NULL,
  `created_at` timestamp NULL DEFAULT CURRENT_TIMESTAMP,
  `updated_at` timestamp NULL DEFAULT CURRENT_TIMESTAMP,
  PRIMARY KEY (`certificate_id`),
  UNIQUE KEY `certificate_code` (`certificate_code`),
  UNIQUE KEY `unique_user_course_certificate` (`user_id`,`course_id`),
  UNIQUE KEY `unique_certificate_code` (`certificate_code`),
  KEY `idx_cert_user` (`user_id`),
  KEY `idx_cert_course` (`course_id`),
  KEY `idx_cert_code` (`certificate_code`),
  CONSTRAINT `fk_certificate_course` FOREIGN KEY (`course_id`) REFERENCES `courses` (`id`) ON DELETE CASCADE,
  CONSTRAINT `fk_certificate_user` FOREIGN KEY (`user_id`) REFERENCES `users` (`id`) ON DELETE CASCADE
) ENGINE=InnoDB DEFAULT CHARSET=utf8mb4 COLLATE=utf8mb4_0900_ai_ci;
/*!40101 SET character_set_client = @saved_cs_client */;

--
-- Dumping data for table `certificates`
--

/*!40000 ALTER TABLE `certificates` DISABLE KEYS */;
INSERT INTO `certificates` VALUES ('08b2465c-a2be-4d2f-8b96-d57f003f6b85','ec592cdf-3410-4fdc-a79d-2ef048b15899','2c4fccd5-49b6-44cc-bdec-d0e951db3619','2025-09-23 23:38:33','V-2025-001-B7A6F312',NULL,'2025-09-23 23:38:33','2025-09-23 23:38:33'),('14ffced4-4c41-47c5-a4be-02f2aa3ea1b0','user-002','72eb8613-3192-4dc4-8917-d4baefe98582','2025-09-07 08:12:40','VT-2025-001-B766086A','https://res.cloudinary.com/dd4znnno1/raw/upload/fl_attachment/v1/certificates/certificates/certificate_user002_72eb861331924dc48917d4baefe98582_VT-2025-001-B766086A_1757232765197_0376ecdc.pdf','2025-09-07 08:12:48','2025-09-07 08:12:48'),('6696bca3-8942-471d-8d94-d6d4fec3a70f','ec592cdf-3410-4fdc-a79d-2ef048b15899','course-013','2025-09-23 23:14:29','CVWD-2025-001-BFC93C13',NULL,'2025-09-23 23:14:29','2025-09-23 23:14:29'),('70c6033f-df79-4aa1-9e48-552f502dafc4','ec592cdf-3410-4fdc-a79d-2ef048b15899','course-014','2025-09-23 23:31:05','DADC-2025-001-EEF71354',NULL,'2025-09-23 23:31:05','2025-09-23 23:31:05'),('7861e438-9342-496e-95ba-93126cd1a92b','ec592cdf-3410-4fdc-a79d-2ef048b15899','fe33fc8c-d4ef-45cf-bbdd-182823f81f7b','2025-09-23 23:12:32','HTG1-2025-001-14A22448',NULL,'2025-09-23 23:12:32','2025-09-23 23:12:32'),('c47a7f37-b3f1-4b38-abae-ae56ee2df181','user-002','course-005','2025-09-07 03:02:41','APP-2025-001-178EF0E4','https://res.cloudinary.com/dd4znnno1/raw/upload/fl_attachment/v1/certificates/certificates/certificate_user002_course005_APP-2025-001-178EF0E4_1757214168231_b6229404.pdf','2025-09-07 03:02:52','2025-09-07 03:02:53'),('cert-001','user-002','course-001','2024-12-30 08:30:00','RC-2024-001-UXYZ8901','https://certificates.ktc.edu/downloads/cert-001.pdf','2024-12-30 08:30:00','2024-12-30 08:30:00'),('cert-002','user-005','course-002','2025-01-15 07:20:00','ML-2025-002-ABCD2345','https://certificates.ktc.edu/downloads/cert-002.pdf','2025-01-15 07:20:00','2025-01-15 07:20:00'),('cert-003','user-007','course-004','2025-01-20 03:45:00','CS-2025-003-EFGH6789','https://certificates.ktc.edu/downloads/cert-003.pdf','2025-01-20 03:45:00','2025-01-20 03:45:00'),('cert-004','user-011','course-006','2025-01-25 09:15:00','FS-2025-004-IJKL0123',NULL,'2025-01-25 09:15:00','2025-01-25 09:15:00'),('cert-005','user-012','course-010','2025-01-28 06:30:00','AI-2025-005-MNOP4567','https://certificates.ktc.edu/downloads/cert-005.pdf','2025-01-28 06:30:00','2025-01-28 06:30:00'),('f63a4fb3-72bb-4ca9-a7e8-0ee662c0d342','user-002','course-015','2025-09-12 03:59:07','FMAD-2025-001-D853370C',NULL,'2025-09-12 03:59:07','2025-09-12 03:59:07'),('feaf536b-0820-460e-a9a5-7079f6f1a604','ec592cdf-3410-4fdc-a79d-2ef048b15899','63459fb6-0eb1-42f8-802e-f51ca751f296','2025-09-23 22:19:08','BLNT-2025-001-1BFD9EAC',NULL,'2025-09-23 22:19:08','2025-09-23 22:19:08');
/*!40000 ALTER TABLE `certificates` ENABLE KEYS */;

--
-- Table structure for table `chat_message_audios`
--

DROP TABLE IF EXISTS `chat_message_audios`;
/*!40101 SET @saved_cs_client     = @@character_set_client */;
/*!50503 SET character_set_client = utf8mb4 */;
CREATE TABLE `chat_message_audios` (
  `id` varchar(36) NOT NULL,
  `file_url` varchar(1000) NOT NULL,
  `file_name` varchar(255) DEFAULT NULL,
  `mime_type` varchar(150) DEFAULT NULL,
  `file_size` bigint unsigned DEFAULT NULL,
  `duration` bigint unsigned DEFAULT NULL COMMENT 'Duration in seconds',
  `thumbnail_url` varchar(1000) DEFAULT NULL,
  `created_at` timestamp NULL DEFAULT CURRENT_TIMESTAMP,
  `updated_at` timestamp NULL DEFAULT CURRENT_TIMESTAMP ON UPDATE CURRENT_TIMESTAMP,
  PRIMARY KEY (`id`),
  CONSTRAINT `fk_chat_message_audios_parent` FOREIGN KEY (`id`) REFERENCES `chat_messages` (`id`) ON DELETE CASCADE
) ENGINE=InnoDB DEFAULT CHARSET=utf8mb4 COLLATE=utf8mb4_0900_ai_ci;
/*!40101 SET character_set_client = @saved_cs_client */;

--
-- Dumping data for table `chat_message_audios`
--

/*!40000 ALTER TABLE `chat_message_audios` DISABLE KEYS */;
INSERT INTO `chat_message_audios` VALUES ('msg-016','https://soundcloud.com/course-audio/react-hooks-detailed-explanation.mp3','react-hooks-detailed-explanation.mp3','audio/mpeg',1572864,298,'https://storage.googleapis.com/thumbnails/react-audio-thumb.jpg','2025-08-27 01:52:01','2025-08-27 01:52:01'),('msg-017','https://aws.s3.amazonaws.com/student-recordings/learning-rate-question.m4a','learning-rate-question-detailed.m4a','audio/mp4',892928,156,'https://storage.googleapis.com/thumbnails/student-audio.png','2025-08-27 01:52:01','2025-08-27 01:52:01'),('msg-018','https://podcast.python-course.org/episodes/generator-patterns-masterclass.mp3','generator-patterns-masterclass.mp3','audio/mpeg',2097152,386,'https://storage.googleapis.com/thumbnails/python-podcast.png','2025-08-27 01:52:01','2025-08-27 01:52:01'),('msg-019','https://vocaroo.com/react-state-follow-up-question','react-state-follow-up.mp3','audio/mpeg',1048576,145,'https://storage.googleapis.com/thumbnails/student-question.png','2025-08-27 01:52:01','2025-08-27 01:52:01'),('msg-020','https://anchor.fm/ml-course/episodes/training-schedule-optimization','training-schedule-optimization.mp3','audio/mpeg',1835008,334,'https://storage.googleapis.com/thumbnails/ml-instructor.png','2025-08-27 01:52:01','2025-08-27 01:52:01');
/*!40000 ALTER TABLE `chat_message_audios` ENABLE KEYS */;

--
-- Table structure for table `chat_message_files`
--

DROP TABLE IF EXISTS `chat_message_files`;
/*!40101 SET @saved_cs_client     = @@character_set_client */;
/*!50503 SET character_set_client = utf8mb4 */;
CREATE TABLE `chat_message_files` (
  `id` varchar(36) NOT NULL,
  `file_url` varchar(1000) NOT NULL,
  `file_name` varchar(255) DEFAULT NULL,
  `mime_type` varchar(150) DEFAULT NULL,
  `file_size` bigint unsigned DEFAULT NULL,
  `created_at` timestamp NULL DEFAULT CURRENT_TIMESTAMP,
  `updated_at` timestamp NULL DEFAULT CURRENT_TIMESTAMP ON UPDATE CURRENT_TIMESTAMP,
  PRIMARY KEY (`id`),
  CONSTRAINT `fk_chat_message_files_parent` FOREIGN KEY (`id`) REFERENCES `chat_messages` (`id`) ON DELETE CASCADE
) ENGINE=InnoDB DEFAULT CHARSET=utf8mb4 COLLATE=utf8mb4_0900_ai_ci;
/*!40101 SET character_set_client = @saved_cs_client */;

--
-- Dumping data for table `chat_message_files`
--

/*!40000 ALTER TABLE `chat_message_files` DISABLE KEYS */;
INSERT INTO `chat_message_files` VALUES ('0243acbc-9d69-49fb-a2e4-c5948abbc5d1','https://res.cloudinary.com/djg6scfth/raw/upload/v1757313951/crerpi65701epj4r48hz.pdf','cv2.pdf','application/pdf',136232,'2025-09-08 06:45:50','2025-09-08 06:45:50'),('033443ed-d3df-4bb8-904e-8f353b7344e0','https://res.cloudinary.com/djg6scfth/image/upload/v1757483763/uc7ogviuz5spqvp51chy.png','t1liet.png','image/png',913422,'2025-09-10 05:56:02','2025-09-10 05:56:02'),('08988996-871b-4251-842d-9deb1a427d17','https://res.cloudinary.com/djg6scfth/raw/upload/v1757134766/b6po6q9xwrib34zdspbt.docx','ReactJS.docx','application/vnd.openxmlformats-officedocument.wordprocessingml.document',17843,'2025-09-06 04:59:26','2025-09-06 04:59:26'),('0bb5ef00-6db0-4626-92ba-ad6fb75bbf32','https://res.cloudinary.com/djg6scfth/raw/upload/v1757395367/o7qdsyp6mgsprpotnpzn.pdf','cv2.pdf','application/pdf',136232,'2025-09-09 05:22:49','2025-09-09 05:22:49'),('0f32ec08-6a10-4db7-aa72-f2eff7b45110','https://res.cloudinary.com/djg6scfth/raw/upload/v1757133830/duwzoqictag8cgcirrng.docx','ReactJS.docx','application/vnd.openxmlformats-officedocument.wordprocessingml.document',17843,'2025-09-06 04:43:51','2025-09-06 04:43:51'),('15519342-7a28-4e17-b86d-74f8a88e030b','https://res.cloudinary.com/djg6scfth/raw/upload/v1757135196/ksvrhhszoinlsc5qtbqe.docx','ReactJS.docx','application/vnd.openxmlformats-officedocument.wordprocessingml.document',17843,'2025-09-06 05:06:36','2025-09-06 05:06:36'),('1597801a-a50f-4f61-977c-d1dd2f845aba','https://res.cloudinary.com/djg6scfth/raw/upload/v1757133821/cseryywf1lea19hthpwk.docx','ReactJS.docx','application/vnd.openxmlformats-officedocument.wordprocessingml.document',17843,'2025-09-06 04:43:41','2025-09-06 04:43:41'),('1b02e2d0-2699-4879-96d0-bdaa58449cb5','https://res.cloudinary.com/djg6scfth/raw/upload/v1757133446/qaswsdr4bpicwvcfcvd1.pdf','cv2.pdf','application/pdf',136232,'2025-09-06 04:37:26','2025-09-06 04:37:26'),('2b0e1b7a-5901-4f7e-bb82-8db43405e6a0','https://res.cloudinary.com/djg6scfth/image/upload/v1757133863/wynrvgb97wtgulxoic8c.png','t1liet.png','image/png',913422,'2025-09-06 04:44:23','2025-09-06 04:44:23'),('363568fe-9b48-41d0-9e63-d7cd42fc911b','https://res.cloudinary.com/djg6scfth/image/upload/v1757133885/oyb3u2uqlccwlzarejhk.jpg','FELV-cat.jpg','image/jpeg',107329,'2025-09-06 04:44:45','2025-09-06 04:44:45'),('36e07999-0e31-4a6b-99d4-9258267cb435','https://res.cloudinary.com/djg6scfth/raw/upload/v1757134950/mprekjb7ybrjdmurdxoo.docx','ReactJS.docx','application/vnd.openxmlformats-officedocument.wordprocessingml.document',17843,'2025-09-06 05:02:30','2025-09-06 05:02:30'),('395cfede-e650-42c5-86d6-6524e8724ca6','https://res.cloudinary.com/djg6scfth/raw/upload/v1757659356/wpqkfhrxh6m690id2jy6.pdf','certificate_user002_72eb861331924dc48917d4baefe98582_VT-2025-001-B766086A_1757232765197_0376ecdc.pdf','application/pdf',577409,'2025-09-12 06:42:36','2025-09-12 06:42:36'),('3b0df990-e695-4762-aa28-e39e2196ab4f','https://res.cloudinary.com/dd4znnno1/image/upload/v1758443730/Snaptik.app_73380629790757225142_uk6cqq.jpg','Snaptik.app_73380629790757225142.jpg','image/jpeg',56417,'2025-09-21 08:35:30','2025-09-21 08:35:30'),('581d0bf3-bb77-4387-bf4b-4a2d3402c03b','https://res.cloudinary.com/djg6scfth/raw/upload/v1757298717/fzh7anne7hq7dbwzdect.pdf','cv2.pdf','application/pdf',136232,'2025-09-08 02:31:56','2025-09-08 02:31:56'),('64ebd10b-0801-45dd-9e31-759de6d2eff6','https://res.cloudinary.com/djg6scfth/raw/upload/v1757484398/urqb0utxvfvlomviheyb.docx','ReactJS.docx','application/vnd.openxmlformats-officedocument.wordprocessingml.document',17843,'2025-09-10 06:06:37','2025-09-10 06:06:37'),('741df0ec-5f23-4a66-bdc2-f2e2965422e1','https://res.cloudinary.com/djg6scfth/image/upload/v1757424721/xjjrktfyg0lglbbs3hif.png','localhost_8080_swagger-ui_index.html.png','image/png',2485443,'2025-09-09 13:32:02','2025-09-09 13:32:02'),('87260173-2a34-4b12-a3be-9dd3ea4b5b56','https://res.cloudinary.com/djg6scfth/raw/upload/v1757424671/oapamc66e0mrogugnemu.pdf','cv2.pdf','application/pdf',136232,'2025-09-09 13:31:12','2025-09-09 13:31:12'),('8ccfc2fc-9eb4-4005-8d36-48407d26b7d7','https://res.cloudinary.com/djg6scfth/raw/upload/v1757133564/vtissayawkv9wxaawbkt.docx','ReactJS.docx','application/vnd.openxmlformats-officedocument.wordprocessingml.document',17843,'2025-09-06 04:39:24','2025-09-06 04:39:24'),('8dd541aa-fdc0-4828-9643-9fb3dd3bc3cd','https://res.cloudinary.com/djg6scfth/raw/upload/v1757133923/jrkvmaouc3f50memgrkg.pdf','cv2.pdf','application/pdf',136232,'2025-09-06 04:45:23','2025-09-06 04:45:23'),('94a6a1f7-7658-4850-917e-130e3f10e397','https://res.cloudinary.com/djg6scfth/image/upload/v1757484147/fshjorgb9d5lqhty30a4.png','t1liet.png','image/png',913422,'2025-09-10 06:02:26','2025-09-10 06:02:26'),('96ab4dc9-6fef-49e8-bdbb-8600dbca7708','https://res.cloudinary.com/djg6scfth/raw/upload/v1757134261/qdwoqi8fwpdpyfwlyyzr.pdf','cv2.pdf','application/pdf',136232,'2025-09-06 04:51:01','2025-09-06 04:51:01'),('a6ca4149-1610-4793-b3d8-dd480cc9f09c','https://res.cloudinary.com/djg6scfth/image/upload/v1757484102/o4nretqdb3lhhrqosh3z.png','t1liet.png','image/png',913422,'2025-09-10 06:01:41','2025-09-10 06:01:41'),('ab6beb63-1f61-4051-a398-23fc40844d1c','https://res.cloudinary.com/djg6scfth/raw/upload/v1757484394/i59clqufyz6vygyrsblq.pdf','cv2.pdf','application/pdf',136232,'2025-09-10 06:06:33','2025-09-10 06:06:33'),('b4abc6b1-3874-40ff-b8a7-d7df499deb94','https://res.cloudinary.com/demo/raw/upload/v1756794053180/y2g1j0m24','cv2.pdf','application/pdf',136232,'2025-09-02 06:20:51','2025-09-02 06:20:51'),('b675d19f-029a-4dbf-b859-1f92922ec1a3','https://res.cloudinary.com/djg6scfth/image/upload/v1757133427/uwrceslnluzuqnmvx6tj.png','t1liet.png','image/png',913422,'2025-09-06 04:37:07','2025-09-06 04:37:07'),('bb4f191c-0c91-48b0-9936-75ae84c2efe0','https://res.cloudinary.com/djg6scfth/image/upload/v1757133862/srinya1awhsfvyn6h9nh.png','t1liet.png','image/png',913422,'2025-09-06 04:44:23','2025-09-06 04:44:23'),('ccf21066-bf4c-4c13-93a8-dc1daaa10dc3','https://res.cloudinary.com/djg6scfth/raw/upload/v1757133506/nyanhtnrwopxjmsjr17a.docx','ReactJS.docx','application/vnd.openxmlformats-officedocument.wordprocessingml.document',17843,'2025-09-06 04:38:25','2025-09-06 04:38:25'),('ddb90493-eddf-415a-9032-d1ad91939fb5','https://res.cloudinary.com/djg6scfth/image/upload/v1757424634/pqccx8nxb4ayr0apiyti.png','t1liet.png','image/png',913422,'2025-09-09 13:30:35','2025-09-09 13:30:35'),('efdb8305-71c4-40ec-937d-1440d6f6d9a5','https://res.cloudinary.com/djg6scfth/raw/upload/v1757317479/mrn8y4732z6n1cqffplf.pdf','cv2.pdf','application/pdf',136232,'2025-09-08 07:44:39','2025-09-08 07:44:39'),('msg-011','https://storage.googleapis.com/course-materials/react/react-hooks-cheatsheet.pdf','react-hooks-cheatsheet.pdf','application/pdf',345600,'2025-08-27 01:52:01','2025-08-27 01:52:01'),('msg-012','https://aws.s3.amazonaws.com/ml-course/diagrams/gradient-descent-visualization.png','gradient-descent-visualization.png','image/png',156780,'2025-08-27 01:52:01','2025-08-27 01:52:01'),('msg-013','https://github.com/python-course/advanced-examples/archive/main.zip','advanced-python-examples.zip','application/zip',2048576,'2025-08-27 01:52:01','2025-08-27 01:52:01'),('msg-014','https://firebasestorage.googleapis.com/uploads/user-007/memory-profile-analysis.png','memory-profile-analysis.png','image/png',189440,'2025-08-27 01:52:01','2025-08-27 01:52:01'),('msg-015','https://onedrive.com/share/react-state-management-notes.docx','react-state-management-notes.docx','application/vnd.openxmlformats-officedocument.wordprocessingml.document',687104,'2025-08-27 01:52:01','2025-08-27 01:52:01');
/*!40000 ALTER TABLE `chat_message_files` ENABLE KEYS */;

--
-- Table structure for table `chat_message_texts`
--

DROP TABLE IF EXISTS `chat_message_texts`;
/*!40101 SET @saved_cs_client     = @@character_set_client */;
/*!50503 SET character_set_client = utf8mb4 */;
CREATE TABLE `chat_message_texts` (
  `id` varchar(36) NOT NULL,
  `content` text CHARACTER SET utf8mb4 COLLATE utf8mb4_unicode_ci,
  `created_at` timestamp NULL DEFAULT CURRENT_TIMESTAMP,
  `updated_at` timestamp NULL DEFAULT CURRENT_TIMESTAMP ON UPDATE CURRENT_TIMESTAMP,
  PRIMARY KEY (`id`),
  CONSTRAINT `fk_chat_message_texts_parent` FOREIGN KEY (`id`) REFERENCES `chat_messages` (`id`) ON DELETE CASCADE
) ENGINE=InnoDB DEFAULT CHARSET=utf8mb4 COLLATE=utf8mb4_0900_ai_ci;
/*!40101 SET character_set_client = @saved_cs_client */;

--
-- Dumping data for table `chat_message_texts`
--

/*!40000 ALTER TABLE `chat_message_texts` DISABLE KEYS */;
INSERT INTO `chat_message_texts` VALUES ('013dd569-a467-4e0a-a88f-c81b9f9d0ea5','tagsag','2025-09-04 08:44:21','2025-09-04 08:44:21'),('021e3c14-44bf-4c68-a346-ed250707ea95','vava','2025-09-02 06:40:44','2025-09-02 06:40:44'),('075e30ce-dd56-41f1-a71f-a1d8f8f4617a','36','2025-09-21 08:26:24','2025-09-21 08:26:24'),('0ae9c52f-1187-4b91-9a9b-39776d3b815c','gs','2025-09-04 06:45:57','2025-09-04 06:45:57'),('0cb83cb4-ebaf-4847-a6d6-aae9f0366b53','huy','2025-09-02 06:36:54','2025-09-02 06:36:54'),('0e496a7a-badf-4e5c-924f-49c51f41d5ed',':fire::fire::fire:','2025-09-10 06:37:10','2025-09-10 06:37:10'),('0fe4468c-d73e-4f36-8b06-f9a12617fd25','alo','2025-09-02 06:44:57','2025-09-02 06:44:57'),('1404e190-cd00-4e21-8707-681d7af35b1f','Here\'s what\'s happening with your courses today.','2025-09-10 03:23:34','2025-09-10 03:23:34'),('144212ea-016d-48f4-8b33-c81ecc1378c4','aaaaasss','2025-09-04 09:04:01','2025-09-04 09:04:01'),('1720741e-37e2-4b28-b658-ad500ddf2952','asgasg','2025-09-04 03:22:29','2025-09-04 03:22:29'),('1a33e298-5ba7-4d8f-a188-f1de971a5df8',':rage:','2025-09-10 06:36:38','2025-09-10 06:36:38'),('1a651544-503f-4eaf-abab-f68a83bdc77d','dzbcbcbc','2025-09-05 09:04:30','2025-09-05 09:04:30'),('1a94e7f7-540d-42d5-8940-a881e1d12f54','asggsagasg','2025-09-04 02:50:50','2025-09-04 02:50:50'),('1c49475b-a47b-43e9-8e6c-6361c2670109','agasgsg','2025-09-02 08:38:54','2025-09-02 08:38:54'),('20f7dbbf-7691-4d3c-ad84-c90c4abacbc8','má mày ngu','2025-09-21 08:26:16','2025-09-21 08:26:16'),('22cee11a-ce89-4194-89d3-39f0eece0a1f','gasgasg','2025-09-04 05:57:59','2025-09-04 05:57:59'),('22f147e1-4739-4376-99bf-6f59aea1d860','vitdien126','2025-09-05 03:13:20','2025-09-05 03:15:30'),('230965e4-4e00-4c2c-aefe-42af28487632','a','2025-09-02 06:20:04','2025-09-02 06:20:04'),('238d25eb-7fb1-4d75-ae98-8dfc69689ca2','a','2025-09-04 07:32:19','2025-09-04 07:32:19'),('24832d88-a175-4e99-9ef3-5ece55e12840','áafgggg','2025-09-02 08:50:53','2025-09-02 08:51:27'),('2997e8c4-430a-4623-8654-3f4ff441d532','a','2025-09-04 08:22:40','2025-09-04 08:22:40'),('2bf75ee7-05e8-4cd3-8f0b-19bb734b8a67','sagasg','2025-09-04 04:18:36','2025-09-04 04:18:36'),('2e870650-ec52-4032-ad7e-e9c6fb4fd5e5','aa','2025-09-02 08:54:00','2025-09-02 08:54:00'),('2f2f8062-f53e-43e6-9439-a111ac445b67','ággggssss','2025-09-02 06:00:42','2025-09-02 06:05:47'),('30fa7c9b-1c3c-44ed-8db2-477e57c3625f','hello charlie','2025-09-10 03:26:14','2025-09-10 05:32:42'),('32428117-2e6b-4c4f-a9ee-2516b92c64ce','fy','2025-08-28 08:39:26','2025-08-28 08:39:26'),('327a0705-5399-4a39-86db-21f3dc719b3c','asfsfssssssssssssàgs','2025-09-08 08:04:23','2025-09-08 08:20:24'),('33deb196-b7c6-47a7-9059-663d35ff9a29','sagsa','2025-09-10 05:43:38','2025-09-10 05:43:38'),('3911c96a-e231-4df4-88eb-a6d627a4470a',':thumbsup:','2025-09-21 08:26:08','2025-09-21 08:26:08'),('3995a90c-9903-4fe2-bd03-60b75dd0970d','sssss','2025-09-04 09:08:45','2025-09-04 09:08:45'),('3c55869c-be75-4508-b662-bd81f6bba321','fv','2025-09-04 08:24:25','2025-09-04 08:24:25'),('3c6088af-11dc-45ba-99a0-9a2926af8cfa','hello','2025-09-08 06:28:49','2025-09-08 06:28:49'),('3e0f4d59-ad9e-4eef-81f7-fc2f6a23c951','ágggg','2025-09-02 06:05:34','2025-09-02 06:05:34'),('41d530a0-1e59-4f83-9ac5-6177077266b7','aaaaaaaaa','2025-09-04 09:07:38','2025-09-04 09:07:38'),('443647c0-48bb-4478-87da-6f301ec68967','fk u','2025-09-04 05:58:16','2025-09-04 05:58:16'),('4b510d2c-157d-491f-8762-400b9d38e2f3','aaa','2025-09-04 07:58:07','2025-09-04 07:58:07'),('4b52bdfd-aa2b-44d0-bb86-413cf8904d3e','hello','2025-09-04 03:18:47','2025-09-04 03:18:47'),('4ebe4c43-e0cc-49ad-82c4-e4873704b2e3','get back to work','2025-08-28 08:39:37','2025-08-28 08:39:37'),('4f3c75f0-c674-4600-afab-c205c377089b','a','2025-09-04 07:55:07','2025-09-04 07:55:07'),('5167e115-c5a8-40dc-92fa-ef02b78bf72e','Message 123','2025-09-04 09:11:52','2025-09-04 09:11:52'),('52673cd3-6264-4ed1-b5a2-fd814c426c6b','a','2025-09-02 08:51:03','2025-09-02 08:51:03'),('53c00659-6814-40a1-9b80-4325d8f1b101','gggg','2025-08-28 08:42:22','2025-08-28 08:42:22'),('582d38da-3730-4944-9dd1-02d482da2603','sagsgs','2025-09-08 08:21:39','2025-09-08 08:21:39'),('590b8fef-20ac-4f5c-965e-d331a44e8c1b','zxczxc','2025-09-04 02:54:34','2025-09-04 02:54:34'),('591a8e5f-88e9-4f41-8377-dd9edb7b298c','helo','2025-09-08 06:45:37','2025-09-08 06:45:37'),('5c1ed318-9cdd-4c9c-81b2-ba80bf0c0e1f','áas','2025-09-08 06:45:31','2025-09-08 06:45:31'),('5e228086-6922-44b6-9d0e-57eb75327690','sagssagss','2025-09-04 03:25:20','2025-09-04 03:25:20'),('5ee21e59-ec86-4f5d-b09c-25c71883a327','gs','2025-09-04 06:45:56','2025-09-04 06:45:56'),('5f09ce1c-bf37-4f98-99a8-27fd3a51ddaa',':cry: sorry','2025-09-10 06:36:48','2025-09-10 06:36:48'),('60d5155d-4186-4253-9cd4-6f543db61502','aa','2025-09-02 06:42:06','2025-09-02 06:42:06'),('61242267-1155-4930-a682-147b06a3420f','aaa','2025-09-02 06:28:25','2025-09-02 06:28:25'),('61398939-1132-4387-bd86-ce520ef9d7d7','asdas','2025-09-04 02:51:19','2025-09-04 02:51:19'),('61dba970-5993-48df-a9c7-a51a6a3ea568',':rage:','2025-09-10 06:36:39','2025-09-10 06:36:39'),('61ed0d36-0b30-4fa3-b326-be00d38918c6','hello charlie','2025-09-12 06:41:31','2025-09-12 06:41:31'),('6239af63-0520-449f-bb7e-f13be460f4d0','vitdein','2025-09-04 08:20:41','2025-09-04 08:20:41'),('6355d7bb-46a6-4bb0-bfff-b3cc2b29e292','eeeeee','2025-09-05 02:23:49','2025-09-05 08:12:42'),('66e5341a-5be3-473c-98c2-036bc02b5a3a','a','2025-09-04 07:33:01','2025-09-04 07:33:01'),('681353de-0637-4ff8-bcb3-e77fb97994a8','aaaa','2025-09-08 06:31:06','2025-09-08 06:31:06'),('6a48c680-48a1-43fc-b20b-90ca8564a53d','gágsag','2025-09-02 08:39:02','2025-09-02 08:39:02'),('6a81adb1-0900-42ea-8dff-26179ef1f02f','hello','2025-09-08 05:14:52','2025-09-08 05:14:52'),('6c31a163-4969-4b8c-a1f3-02d0417b9774','zxczxczxc','2025-09-04 02:54:23','2025-09-04 02:54:23'),('6d6393a4-05d9-44c5-be05-214351894346','hello bob','2025-09-09 13:30:21','2025-09-09 13:30:21'),('6e095a7b-40f7-4b7e-8233-0f9126370048','saggs','2025-09-04 08:28:40','2025-09-04 08:28:40'),('6f6839f7-f2fa-46b1-83c3-ce481740bf8a','agsag','2025-09-04 08:08:21','2025-09-04 08:08:21'),('715878a0-2245-407b-b8d8-ba39b7ac7a37','avavav','2025-09-08 02:50:36','2025-09-08 02:50:36'),('731f70f6-40d3-4ea3-aa6b-6d75525bf411','g','2025-09-08 06:27:46','2025-09-08 06:27:46'),('74646067-8bab-4a4a-b223-1442eeb0669d','gggg','2025-09-05 02:23:22','2025-09-05 02:23:22'),('7676cbd4-695f-460a-a64c-223c7e14f645','agag','2025-09-08 08:04:44','2025-09-08 08:04:44'),('770a416e-001a-47bf-b84a-18c8dd68a433','hello Bob','2025-09-09 13:31:03','2025-09-09 13:31:03'),('7926da37-34bb-4888-84a7-1d02cb42cb71','sấ','2025-09-02 06:18:41','2025-09-02 06:18:41'),('798b382a-f95e-4081-85c2-68c70c4ea2b1','charlie','2025-09-04 08:26:30','2025-09-04 08:26:30'),('7aa03cc6-78ac-402d-9d6e-29dd5fc58532','asgasg','2025-09-04 02:27:14','2025-09-04 02:27:14'),('7e3a9383-5b53-4903-ad0a-83776a787538','vsvsa','2025-09-04 09:17:05','2025-09-04 09:17:05'),('7f3ada8d-17a1-4a5d-b608-0b97928ee07f','asgasgas','2025-09-04 03:21:40','2025-09-04 03:21:40'),('7f6b6bc7-c07c-4160-87ab-2a6bbcb08ca6','1','2025-09-04 07:39:00','2025-09-04 07:39:00'),('80a5d0f7-ce7a-4a27-a0dd-26fb6f6f3aa6','ss','2025-09-02 06:28:30','2025-09-02 06:28:30'),('85dcf5c1-587a-43ee-8bd1-644c19bdc5ce','sssss','2025-09-08 02:31:51','2025-09-08 02:31:51'),('86346eed-a472-4f40-a7b5-d776a4ea2c16','aaaaaaaaaaaaaaaaa','2025-09-04 07:33:48','2025-09-04 07:33:48'),('868d26da-16a1-477b-9131-4524799f5469','aaaaaaaaa','2025-09-04 09:07:59','2025-09-04 09:07:59'),('873f5142-1f94-47dd-9dd6-033fb7ec6a16','6','2025-09-04 08:04:20','2025-09-04 08:04:20'),('8760e4ff-f5e9-4ab6-a3e3-c482d020bc94','g','2025-08-28 08:42:33','2025-08-28 08:42:33'),('891c2581-e100-40e6-99da-c77287314196','a','2025-09-02 08:54:14','2025-09-02 08:54:14'),('8de6333a-5b45-4219-b22f-ff49d7a0db79','s','2025-09-02 06:28:34','2025-09-02 06:28:34'),('8e3396ef-75d5-4354-8867-e59fd452d209','hello','2025-09-04 07:09:19','2025-09-04 07:09:19'),('8f8e6dd0-dc8e-4c6b-bf94-8925285bbad2','helllo','2025-09-04 02:33:54','2025-09-04 02:33:54'),('9143bb51-70e7-43df-81e8-342f15582ada','s','2025-09-10 05:43:43','2025-09-10 05:43:43'),('925714a5-1e9b-4314-8546-44ab03b03f8b','hello instructor','2025-09-09 13:30:16','2025-09-09 13:30:16'),('99040264-a820-4999-9df1-cbeebb8c18eb','sss','2025-09-04 09:35:56','2025-09-04 09:35:56'),('9a917c66-da53-464b-baf5-4892df036537','sagg','2025-09-02 06:18:58','2025-09-02 06:18:58'),('9ad9b767-bd22-4f7e-b147-1a42c516897f','mfmf','2025-09-06 04:39:31','2025-09-06 04:39:31'),('9adbe203-8663-47d7-8716-bee7e09c7a0c','vcxz','2025-09-04 08:52:22','2025-09-04 08:52:22'),('9adc8387-3eeb-4d0d-b64e-a231699a6470','ágasg','2025-09-04 07:33:10','2025-09-04 07:33:10'),('9c0fc94d-3584-495a-9e1b-22590e0aea4e','tam gay','2025-09-08 03:00:29','2025-09-08 03:00:29'),('9c6535b1-8b78-4de9-a9f2-97fd959b4fc5','sasa','2025-09-08 02:31:45','2025-09-08 02:31:45'),('9e7ea0c1-4b8d-478d-bfa9-fbb564ad1aea','aaaa','2025-09-02 08:54:26','2025-09-02 08:54:26'),('9f9b559e-119c-4193-ab61-67149dfcc889','sg','2025-09-04 06:45:59','2025-09-04 06:45:59'),('a4bb813d-8198-4e43-98c7-eba0dba6b8e9','hello','2025-09-09 05:22:41','2025-09-09 05:22:41'),('a5b8c59d-18f6-4803-a340-0e302a01fa48','hello','2025-09-04 07:11:11','2025-09-04 07:11:11'),('a762e310-df7e-4259-a362-f49c4f34d667','aaa','2025-09-04 08:30:19','2025-09-04 08:30:19'),('a7e438bd-088c-4564-9403-4608b04c81b1','ágsg','2025-09-08 07:29:16','2025-09-08 07:29:16'),('a8b502a4-98f8-4b48-99e6-61a9caf81d3f','hello bob','2025-09-05 02:34:28','2025-09-05 02:34:28'),('ac1f0a83-88bb-4ded-9887-1f2ab78260b7','asas','2025-09-04 07:08:04','2025-09-04 07:08:04'),('adf0af59-eac7-4fa7-a23c-053ee6bcee2e','s','2025-09-10 05:43:40','2025-09-10 05:43:40'),('af722a53-bfa9-4c0f-912b-2b5feb6456e8','jj','2025-09-08 06:42:32','2025-09-08 06:42:32'),('b02442e3-8ead-4e57-a66e-ed37bddaad7d','ssss','2025-09-05 03:13:18','2025-09-05 03:13:18'),('b15dc25b-72a7-4ac0-836f-2bd8afe692bc','a','2025-09-02 06:01:19','2025-09-02 06:01:19'),('b208c32b-1774-45a9-b036-39ea4ba1b329','ssssss','2025-09-02 06:33:22','2025-09-02 06:33:22'),('b3f63480-1c6c-43ce-a4d3-75163785a315','aaa','2025-09-02 06:40:21','2025-09-02 06:40:21'),('b47fb7f1-0de6-4af1-9a2d-a1749a68cadf','a','2025-09-04 08:19:20','2025-09-04 08:19:20'),('b552bb97-b585-486f-8b18-06ffcd3f73ff',':thumbsup:','2025-09-10 06:33:26','2025-09-10 06:33:26'),('b649d843-75c9-4e54-b50a-03b97205784a',':thumbsup:','2025-09-21 08:26:06','2025-09-21 08:26:06'),('b7d3c976-d9f7-4250-8661-81998bddd2b8','Here\'s what\'s happening with your courses today. Here\'s what\'s happening with your courses today.','2025-09-10 03:30:09','2025-09-10 03:30:09'),('b8f7caf3-0471-46f9-a5ec-8d906648b294','hello','2025-09-04 04:17:54','2025-09-04 04:17:54'),('bbf0784e-b17d-4d8f-bba3-eb6608ee6491','sagag','2025-09-05 08:23:39','2025-09-05 08:23:39'),('bc3a1ed1-b6c9-49f3-8487-70fcf05401e4','sagsgs','2025-09-05 08:23:53','2025-09-05 08:23:53'),('bde2413e-85c2-4e88-9519-5f5304138c7a','sag','2025-09-04 04:18:40','2025-09-04 04:18:40'),('bf01e5f1-2801-4615-8bbf-04a64396e812','aaaa','2025-09-05 02:22:06','2025-09-05 02:22:06'),('bf1f94ee-19b5-47e8-ad16-27ed2153205b','àgsg','2025-09-08 05:13:57','2025-09-08 05:13:57'),('bfdeddc4-5bbe-42da-a5bf-bf6866c29aad','s','2025-09-10 05:43:41','2025-09-10 05:43:41'),('c03710aa-5a57-4059-9852-cceed41efce9','zxczxwqe','2025-09-04 09:21:09','2025-09-04 09:21:09'),('c054d19c-2822-4ac8-9eea-ce0afeadd28e','asssssssss','2025-09-04 08:30:31','2025-09-04 08:30:31'),('c2312918-7b3e-4565-8acb-137a61b6b1bf','aaaa','2025-09-02 06:33:44','2025-09-02 06:33:44'),('c3c808b5-2fd1-4f63-9bff-552d9854e4e8','as','2025-09-04 07:18:24','2025-09-04 07:18:24'),('c69d3165-225a-489b-82b1-ccdd591c2ed6','gsd','2025-08-28 08:42:49','2025-08-28 08:42:49'),('c742ff69-089c-4d92-85c0-0241bca44cfa','ágasg','2025-09-08 06:27:30','2025-09-08 06:27:30'),('cd39a945-aad6-4091-b781-fbd76867965e','aaaaa','2025-09-02 06:27:38','2025-09-02 06:27:38'),('ce9fc479-0871-42a7-93f6-38e56034b6ab','5','2025-09-04 07:49:32','2025-09-04 07:49:32'),('cf9d8201-cbc1-40a9-91f8-3b5e899a6073','ggsgasg','2025-09-04 09:05:20','2025-09-04 09:05:20'),('d1fe567b-4d3b-4a5d-8db7-16c218d85a23','4','2025-09-04 07:46:48','2025-09-04 07:46:48'),('d200c2c4-55ac-4b2e-97fd-b37ff6fb927d','hello','2025-09-10 03:12:41','2025-09-10 03:12:41'),('d31ba7a0-4883-4dd8-b289-dde77e839795','sgsg','2025-09-02 08:51:51','2025-09-02 08:51:51'),('d353b428-9306-42c0-963d-728f932e6a26','fqwe','2025-09-04 09:33:59','2025-09-04 09:33:59'),('d4760d3f-b38b-45a3-a1e5-76f46e867302','aaaaaaaaaaaaa','2025-09-04 09:17:42','2025-09-04 09:17:42'),('d477e344-6889-4705-8602-f86f39840ca1','3','2025-09-04 07:41:06','2025-09-04 07:41:06'),('d4d9edd7-21ab-414f-b959-bb5a83b33770','asgasg','2025-09-04 02:50:42','2025-09-04 02:50:42'),('d5fb9c40-b95c-4cf5-be82-47b28cca7f31','ággggg','2025-09-04 08:19:29','2025-09-04 08:19:29'),('d6f667fc-752d-4a25-b222-9f746f4d1de1','gsa','2025-09-08 06:29:35','2025-09-08 06:29:35'),('d8070cb8-2e95-4556-ac6d-34771af56edf','hellllo','2025-09-08 02:48:28','2025-09-08 02:48:28'),('d8195606-dc6d-4c8e-991b-25701f89fa0d','dsgsdgg','2025-08-28 08:42:47','2025-08-28 08:42:47'),('da3b7e9b-f56f-4e69-b3fa-368edf488c6c',':heart_eyes:','2025-09-21 14:51:52','2025-09-21 14:51:52'),('db192d5d-b421-4734-afee-44e15fe1eccd','hello','2025-09-08 06:45:43','2025-09-08 06:45:43'),('db4f940a-82cf-4eff-b5b2-a08cccbc846e','gsag','2025-09-04 05:58:08','2025-09-04 05:58:08'),('db745a80-f386-4da5-819d-880ed1752df6','gggggggg','2025-09-04 09:02:14','2025-09-04 09:02:14'),('dbc9fd17-4f98-4b69-a3a6-b20a3d75ba09','hello','2025-09-04 05:55:30','2025-09-04 05:55:30'),('dc973b11-44fa-4395-9950-7a12cc3bd0ff','vsvsvsv','2025-09-04 09:39:00','2025-09-04 09:39:00'),('dcae4ad2-8d10-45e9-922f-05ca26a87557','s','2025-09-02 06:18:46','2025-09-02 06:18:46'),('dedf907c-abe4-430a-8854-50eae547ea59','hello bob','2025-09-12 06:42:00','2025-09-12 06:42:00'),('df5dd874-f10f-47e8-b2e7-84259358629d','2','2025-09-04 07:40:34','2025-09-04 07:40:34'),('dfe2dbb1-a41d-48fd-ae59-7bf4c3907d8d','6','2025-09-04 07:54:59','2025-09-04 07:54:59'),('e1d7ea45-7a94-432d-9c13-230f121ef0e3','ág','2025-09-04 07:35:25','2025-09-04 07:35:25'),('e3048cdc-d3cf-471e-9baf-25a2776787a3','vitdien','2025-09-04 08:00:57','2025-09-04 08:00:57'),('e35e6d09-e82d-4907-978b-4235c6ce46ae','aaa','2025-09-04 07:58:44','2025-09-04 07:58:44'),('e5203b15-24d5-4052-9512-3f1e46b04b1a','aaaaaaaaaaaaaaaaa','2025-09-04 08:54:44','2025-09-04 08:54:44'),('e63fda4d-bef7-4ea0-9960-e25f985ee381','ágsgsg','2025-09-05 02:55:09','2025-09-05 02:55:09'),('e66f8fe3-75a3-4caf-b0aa-7ed8278f26c9','hello','2025-09-10 05:38:09','2025-09-10 05:38:09'),('e90d5c12-d870-42da-a4f5-af019405d877','HELLO BOB','2025-09-05 02:47:53','2025-09-05 02:47:53'),('e95d92b0-2f90-4305-9f43-b9dc77d17a93','cc','2025-09-04 09:01:25','2025-09-04 09:01:25'),('eb250270-32ab-439f-830a-47eb0bf3e093','alo','2025-09-02 08:38:31','2025-09-02 08:38:31'),('effcb1e7-d59d-4f42-ab3d-b37ec7a037c1','a','2025-09-02 06:33:18','2025-09-02 06:33:18'),('f7440293-0744-43c0-bc0c-520f30d11d48','ág','2025-09-04 06:45:54','2025-09-04 06:45:54'),('fcce7bd1-f2fc-45fa-bba8-46dcdee243cf','jjjj','2025-09-08 06:42:45','2025-09-08 06:42:45'),('fcf4cbc1-d713-49f2-820b-ea9d25aa3a3c','aaaaaaa','2025-09-04 08:23:53','2025-09-04 08:23:53'),('fdba8e94-2f3d-485e-8ab3-14bf1bccd1d1','sag:thumbsup:sg','2025-09-10 06:41:27','2025-09-10 06:41:27'),('fdbb4c3b-b481-45e4-9539-93e1339c7945','zxcz','2025-09-04 03:00:55','2025-09-04 03:00:55'),('fe9c019d-d883-4f72-8e9a-49098b583a74','thanh hoa rau ma','2025-09-21 08:26:33','2025-09-21 08:26:33'),('msg-001','Hi everyone! 👋 Excited to start the React course! Looking forward to learning about hooks and state management.','2025-08-27 01:52:00','2025-08-27 01:52:00'),('msg-002','Welcome @Bob! 🎉 Feel free to ask questions anytime. We have a great community here to help each other learn.','2025-08-27 01:52:00','2025-08-27 01:52:00'),('msg-003','Is there a recommended VS Code setup for React development? 💻 I want to make sure I have all the right extensions.','2025-08-27 01:52:00','2025-08-27 01:52:00'),('msg-004','Yes Kevin — install ESLint, Prettier, React DevTools, and Auto Rename Tag. Here\'s a quick setup check:\n```javascript\n// Test your setup with this simple component\nfunction Welcome({ name }) {\n  return <h1>Hello, {name}! Welcome to React 🚀</h1>;\n}\nexport default Welcome;\n```','2025-08-27 01:52:00','2025-08-27 01:52:00'),('msg-005','Today we\'ll dive deep into gradient descent optimization ↘️📉 Understanding how models learn step by step is crucial for ML success.','2025-08-27 01:52:00','2025-08-27 01:52:00'),('msg-006','Could someone explain how to choose the right learning rate η? 🤔 I\'m struggling with finding the balance between convergence speed and stability.','2025-08-27 01:52:00','2025-08-27 01:52:00'),('msg-007','Reminder: Python generators are incredibly memory efficient 🧠 They\'re perfect for processing large datasets without loading everything into memory at once.','2025-08-27 01:52:00','2025-08-27 01:52:00'),('msg-008','Is this list comprehension valid and efficient? `squares = [x*x for x in range(1000)]` ✅ Or should I use a generator expression instead?','2025-08-27 01:52:00','2025-08-27 01:52:00'),('msg-009','React 18\'s automatic batching changed how state updates work, right? ⚛️ I\'m curious about how this affects performance in real applications.','2025-08-27 01:52:00','2025-08-27 01:52:00'),('msg-010','Exactly Lisa! Concurrent rendering in React 18 dramatically improves state batching efficiency 😄 It reduces unnecessary re-renders significantly.','2025-08-27 01:52:00','2025-08-27 01:52:00'),('msg-026','The metaclass explanation completely blew my mind 🤯 I never realized how powerful Python\'s meta-programming features could be. Thanks for the comprehensive video!','2025-08-27 01:52:02','2025-08-27 01:52:02'),('msg-027','Excellent experiment @Edward! 📽️ Your learning rate analysis shows great understanding of the optimization process. We\'ll discuss your findings in detail during our next session.','2025-08-27 01:52:02','2025-08-27 01:52:02'),('msg-028','📅 Exciting news everyone! We\'ll have a live Q&A session tomorrow at 15:00 UTC. Come prepared with your React questions and we\'ll solve them together! 🗓️','2025-08-27 01:52:02','2025-08-27 01:52:02');
/*!40000 ALTER TABLE `chat_message_texts` ENABLE KEYS */;

--
-- Table structure for table `chat_message_types`
--

DROP TABLE IF EXISTS `chat_message_types`;
/*!40101 SET @saved_cs_client     = @@character_set_client */;
/*!50503 SET character_set_client = utf8mb4 */;
CREATE TABLE `chat_message_types` (
  `id` int unsigned NOT NULL AUTO_INCREMENT,
  `name` varchar(50) NOT NULL,
  `description` varchar(255) DEFAULT NULL,
  `created_at` timestamp NULL DEFAULT CURRENT_TIMESTAMP,
  `updated_at` timestamp NULL DEFAULT CURRENT_TIMESTAMP ON UPDATE CURRENT_TIMESTAMP,
  PRIMARY KEY (`id`),
  UNIQUE KEY `name` (`name`)
) ENGINE=InnoDB AUTO_INCREMENT=5 DEFAULT CHARSET=utf8mb4 COLLATE=utf8mb4_0900_ai_ci;
/*!40101 SET character_set_client = @saved_cs_client */;

--
-- Dumping data for table `chat_message_types`
--

/*!40000 ALTER TABLE `chat_message_types` DISABLE KEYS */;
INSERT INTO `chat_message_types` VALUES (1,'TEXT','Plain text message','2025-08-27 01:51:53','2025-08-27 01:51:53'),(2,'FILE','File attachment message','2025-08-27 01:51:54','2025-08-27 01:51:54'),(3,'AUDIO','Audio clip message','2025-08-27 01:51:54','2025-08-27 01:51:54'),(4,'VIDEO','Video clip message','2025-08-27 01:51:54','2025-08-27 01:51:54');
/*!40000 ALTER TABLE `chat_message_types` ENABLE KEYS */;

--
-- Table structure for table `chat_message_videos`
--

DROP TABLE IF EXISTS `chat_message_videos`;
/*!40101 SET @saved_cs_client     = @@character_set_client */;
/*!50503 SET character_set_client = utf8mb4 */;
CREATE TABLE `chat_message_videos` (
  `id` varchar(36) NOT NULL,
  `file_url` varchar(1000) NOT NULL,
  `file_name` varchar(255) DEFAULT NULL,
  `mime_type` varchar(150) DEFAULT NULL,
  `file_size` bigint unsigned DEFAULT NULL,
  `duration` bigint unsigned DEFAULT NULL COMMENT 'Duration in seconds',
  `resolution` varchar(50) DEFAULT NULL COMMENT 'e.g. 1920x1080',
  `thumbnail_url` varchar(1000) DEFAULT NULL,
  `created_at` timestamp NULL DEFAULT CURRENT_TIMESTAMP,
  `updated_at` timestamp NULL DEFAULT CURRENT_TIMESTAMP ON UPDATE CURRENT_TIMESTAMP,
  PRIMARY KEY (`id`),
  CONSTRAINT `fk_chat_message_videos_parent` FOREIGN KEY (`id`) REFERENCES `chat_messages` (`id`) ON DELETE CASCADE
) ENGINE=InnoDB DEFAULT CHARSET=utf8mb4 COLLATE=utf8mb4_0900_ai_ci;
/*!40101 SET character_set_client = @saved_cs_client */;

--
-- Dumping data for table `chat_message_videos`
--

/*!40000 ALTER TABLE `chat_message_videos` DISABLE KEYS */;
INSERT INTO `chat_message_videos` VALUES ('ce044ea5-d4b4-4be6-8867-0a62b6ab2113','https://res.cloudinary.com/demo/video/upload/v1756794022333/kt0asqb3h','Aquarium.mp4','video/mp4',40873659,225,NULL,'https://res.cloudinary.com/demo/image/upload/v1756794022333/video_thumbnails/kt0asqb3h','2025-09-02 06:20:21','2025-09-02 06:20:21'),('msg-021','https://vimeo.com/react-course/state-management-live-demo','react-state-management-demo.mp4','video/mp4',67108864,512,'1920x1080','https://storage.googleapis.com/thumbnails/react-demo-thumb.jpg','2025-08-27 01:52:01','2025-08-27 01:52:01'),('msg-022','https://youtube.com/watch?v=ml-gradient-descent-visualization','gradient-descent-complete-explanation.mp4','video/mp4',104857600,1245,'1920x1080','https://img.youtube.com/vi/ml-gradient-descent-visualization/maxresdefault.jpg','2025-08-27 01:52:02','2025-08-27 01:52:02'),('msg-023','https://wistia.com/python-course/metaclass-deep-dive-session','python-metaclass-comprehensive-guide.mp4','video/mp4',89478485,923,'1920x1080','https://storage.googleapis.com/thumbnails/metaclass-session.jpg','2025-08-27 01:52:02','2025-08-27 01:52:02'),('msg-024','https://streamable.com/custom-hook-implementation-demo','custom-hook-practical-example.mp4','video/mp4',41943040,387,'1920x1080','https://storage.googleapis.com/thumbnails/custom-hook-demo.jpg','2025-08-27 01:52:02','2025-08-27 01:52:02'),('msg-025','https://loom.com/share/learning-rate-experiment-results','learning-rate-experiment-analysis.mp4','video/mp4',35651584,456,'1280x720','https://storage.googleapis.com/thumbnails/experiment-analysis.jpg','2025-08-27 01:52:02','2025-08-27 01:52:02');
/*!40000 ALTER TABLE `chat_message_videos` ENABLE KEYS */;

--
-- Table structure for table `chat_messages`
--

DROP TABLE IF EXISTS `chat_messages`;
/*!40101 SET @saved_cs_client     = @@character_set_client */;
/*!50503 SET character_set_client = utf8mb4 */;
CREATE TABLE `chat_messages` (
  `id` varchar(36) NOT NULL,
  `course_id` varchar(36) NOT NULL,
  `sender_id` varchar(36) NOT NULL,
  `sender_role` varchar(30) NOT NULL,
  `message_type_id` int unsigned NOT NULL,
  `created_at` timestamp NULL DEFAULT CURRENT_TIMESTAMP,
  `updated_at` timestamp NULL DEFAULT CURRENT_TIMESTAMP ON UPDATE CURRENT_TIMESTAMP,
  PRIMARY KEY (`id`),
  KEY `idx_chat_messages_course_created` (`course_id`,`created_at`),
  KEY `idx_chat_messages_sender` (`sender_id`),
  KEY `idx_chat_messages_message_type_id` (`message_type_id`),
  KEY `idx_chat_msg_course_created` (`course_id`,`created_at`),
  KEY `idx_chat_msg_sender` (`sender_id`),
  KEY `idx_chat_msg_type` (`message_type_id`),
  CONSTRAINT `fk_chat_messages_course` FOREIGN KEY (`course_id`) REFERENCES `courses` (`id`) ON DELETE CASCADE,
  CONSTRAINT `fk_chat_messages_message_type_id` FOREIGN KEY (`message_type_id`) REFERENCES `chat_message_types` (`id`),
  CONSTRAINT `fk_chat_messages_sender` FOREIGN KEY (`sender_id`) REFERENCES `users` (`id`) ON DELETE CASCADE
) ENGINE=InnoDB DEFAULT CHARSET=utf8mb4 COLLATE=utf8mb4_0900_ai_ci;
/*!40101 SET character_set_client = @saved_cs_client */;

--
-- Dumping data for table `chat_messages`
--

/*!40000 ALTER TABLE `chat_messages` DISABLE KEYS */;
INSERT INTO `chat_messages` VALUES ('013dd569-a467-4e0a-a88f-c81b9f9d0ea5','course-001','user-002','STUDENT',1,'2025-09-04 08:44:24','2025-09-04 08:44:24'),('021e3c14-44bf-4c68-a346-ed250707ea95','course-010','user-002','STUDENT',1,'2025-09-02 06:40:46','2025-09-02 06:40:46'),('0243acbc-9d69-49fb-a2e4-c5948abbc5d1','72eb8613-3192-4dc4-8917-d4baefe98582','user-002','STUDENT',2,'2025-09-08 06:45:51','2025-09-08 06:45:51'),('033443ed-d3df-4bb8-904e-8f353b7344e0','course-005','user-002','STUDENT',2,'2025-09-10 05:56:05','2025-09-10 05:56:05'),('075e30ce-dd56-41f1-a71f-a1d8f8f4617a','72eb8613-3192-4dc4-8917-d4baefe98582','user-003','INSTRUCTOR',1,'2025-09-21 08:26:25','2025-09-21 08:26:25'),('08988996-871b-4251-842d-9deb1a427d17','course-001','user-002','STUDENT',2,'2025-09-06 04:59:28','2025-09-06 04:59:28'),('0ae9c52f-1187-4b91-9a9b-39776d3b815c','course-015','user-002','STUDENT',1,'2025-09-04 06:46:00','2025-09-04 06:46:00'),('0bb5ef00-6db0-4626-92ba-ad6fb75bbf32','72eb8613-3192-4dc4-8917-d4baefe98582','user-003','INSTRUCTOR',2,'2025-09-09 05:22:50','2025-09-09 05:22:50'),('0cb83cb4-ebaf-4847-a6d6-aae9f0366b53','course-010','user-002','STUDENT',1,'2025-09-02 06:36:56','2025-09-02 06:36:56'),('0e496a7a-badf-4e5c-924f-49c51f41d5ed','72eb8613-3192-4dc4-8917-d4baefe98582','user-002','STUDENT',1,'2025-09-10 06:37:13','2025-09-10 06:37:13'),('0f32ec08-6a10-4db7-aa72-f2eff7b45110','course-001','user-002','STUDENT',2,'2025-09-06 04:43:52','2025-09-06 04:43:52'),('0fe4468c-d73e-4f36-8b06-f9a12617fd25','course-009','user-002','STUDENT',1,'2025-09-02 06:44:59','2025-09-02 06:44:59'),('1404e190-cd00-4e21-8707-681d7af35b1f','72eb8613-3192-4dc4-8917-d4baefe98582','user-003','INSTRUCTOR',1,'2025-09-10 03:23:37','2025-09-10 03:23:37'),('144212ea-016d-48f4-8b33-c81ecc1378c4','course-001','user-002','STUDENT',1,'2025-09-04 09:04:04','2025-09-04 09:04:04'),('15519342-7a28-4e17-b86d-74f8a88e030b','course-001','user-002','STUDENT',2,'2025-09-06 05:06:38','2025-09-06 05:06:38'),('1597801a-a50f-4f61-977c-d1dd2f845aba','course-001','user-002','STUDENT',2,'2025-09-06 04:43:43','2025-09-06 04:43:43'),('1720741e-37e2-4b28-b658-ad500ddf2952','course-001','user-003','INSTRUCTOR',1,'2025-09-04 03:22:32','2025-09-04 03:22:32'),('1a33e298-5ba7-4d8f-a188-f1de971a5df8','72eb8613-3192-4dc4-8917-d4baefe98582','user-002','STUDENT',1,'2025-09-10 06:36:41','2025-09-10 06:36:41'),('1a651544-503f-4eaf-abab-f68a83bdc77d','course-001','user-002','STUDENT',1,'2025-09-05 09:04:31','2025-09-05 09:04:31'),('1a94e7f7-540d-42d5-8940-a881e1d12f54','course-001','user-002','STUDENT',1,'2025-09-04 02:50:53','2025-09-04 02:50:53'),('1b02e2d0-2699-4879-96d0-bdaa58449cb5','course-001','user-002','STUDENT',2,'2025-09-06 04:37:28','2025-09-06 04:37:28'),('1c49475b-a47b-43e9-8e6c-6361c2670109','72eb8613-3192-4dc4-8917-d4baefe98582','user-002','STUDENT',1,'2025-09-02 08:38:56','2025-09-02 08:38:56'),('20f7dbbf-7691-4d3c-ad84-c90c4abacbc8','72eb8613-3192-4dc4-8917-d4baefe98582','user-003','INSTRUCTOR',1,'2025-09-21 08:26:16','2025-09-21 08:26:16'),('22cee11a-ce89-4194-89d3-39f0eece0a1f','course-001','user-003','INSTRUCTOR',1,'2025-09-04 05:58:02','2025-09-04 05:58:02'),('22f147e1-4739-4376-99bf-6f59aea1d860','72eb8613-3192-4dc4-8917-d4baefe98582','user-002','STUDENT',1,'2025-09-05 03:13:22','2025-09-05 03:15:31'),('230965e4-4e00-4c2c-aefe-42af28487632','course-010','user-002','STUDENT',1,'2025-09-02 06:20:06','2025-09-02 06:20:06'),('238d25eb-7fb1-4d75-ae98-8dfc69689ca2','course-001','user-002','STUDENT',1,'2025-09-04 07:32:22','2025-09-04 07:32:22'),('24832d88-a175-4e99-9ef3-5ece55e12840','course-013','user-002','STUDENT',1,'2025-09-02 08:50:55','2025-09-02 08:51:29'),('2997e8c4-430a-4623-8654-3f4ff441d532','course-001','user-002','STUDENT',1,'2025-09-04 08:22:43','2025-09-04 08:22:43'),('2b0e1b7a-5901-4f7e-bb82-8db43405e6a0','course-001','user-002','STUDENT',2,'2025-09-06 04:44:25','2025-09-06 04:44:25'),('2bf75ee7-05e8-4cd3-8f0b-19bb734b8a67','course-001','user-002','STUDENT',1,'2025-09-04 04:18:39','2025-09-04 04:18:39'),('2e870650-ec52-4032-ad7e-e9c6fb4fd5e5','course-014','user-002','STUDENT',1,'2025-09-02 08:54:02','2025-09-02 08:54:02'),('2f2f8062-f53e-43e6-9439-a111ac445b67','course-010','user-002','STUDENT',1,'2025-09-02 06:00:44','2025-09-02 06:05:49'),('30fa7c9b-1c3c-44ed-8db2-477e57c3625f','72eb8613-3192-4dc4-8917-d4baefe98582','user-002','STUDENT',1,'2025-09-10 03:26:16','2025-09-10 05:32:44'),('32428117-2e6b-4c4f-a9ee-2516b92c64ce','course-001','user-003','INSTRUCTOR',1,'2025-08-28 08:39:27','2025-08-28 08:39:27'),('327a0705-5399-4a39-86db-21f3dc719b3c','72eb8613-3192-4dc4-8917-d4baefe98582','user-002','STUDENT',1,'2025-09-08 08:04:24','2025-09-08 08:20:26'),('33deb196-b7c6-47a7-9059-663d35ff9a29','72eb8613-3192-4dc4-8917-d4baefe98582','user-002','STUDENT',1,'2025-09-10 05:43:41','2025-09-10 05:43:41'),('363568fe-9b48-41d0-9e63-d7cd42fc911b','course-001','user-002','STUDENT',2,'2025-09-06 04:44:46','2025-09-06 04:44:46'),('36e07999-0e31-4a6b-99d4-9258267cb435','course-001','user-002','STUDENT',2,'2025-09-06 05:02:32','2025-09-06 05:02:32'),('3911c96a-e231-4df4-88eb-a6d627a4470a','72eb8613-3192-4dc4-8917-d4baefe98582','user-003','INSTRUCTOR',1,'2025-09-21 08:26:09','2025-09-21 08:26:09'),('395cfede-e650-42c5-86d6-6524e8724ca6','72eb8613-3192-4dc4-8917-d4baefe98582','user-003','INSTRUCTOR',2,'2025-09-12 06:42:39','2025-09-12 06:42:39'),('3995a90c-9903-4fe2-bd03-60b75dd0970d','course-001','user-002','STUDENT',1,'2025-09-04 09:08:47','2025-09-04 09:08:47'),('3b0df990-e695-4762-aa28-e39e2196ab4f','72eb8613-3192-4dc4-8917-d4baefe98582','user-003','INSTRUCTOR',2,'2025-09-21 08:35:31','2025-09-21 08:35:31'),('3c55869c-be75-4508-b662-bd81f6bba321','course-001','user-002','STUDENT',1,'2025-09-04 08:24:28','2025-09-04 08:24:28'),('3c6088af-11dc-45ba-99a0-9a2926af8cfa','course-005','user-002','STUDENT',1,'2025-09-08 06:28:51','2025-09-08 06:28:51'),('3e0f4d59-ad9e-4eef-81f7-fc2f6a23c951','course-010','user-002','STUDENT',1,'2025-09-02 06:05:36','2025-09-02 06:05:36'),('41d530a0-1e59-4f83-9ac5-6177077266b7','course-001','user-003','INSTRUCTOR',1,'2025-09-04 09:07:41','2025-09-04 09:07:41'),('443647c0-48bb-4478-87da-6f301ec68967','course-001','user-003','INSTRUCTOR',1,'2025-09-04 05:58:19','2025-09-04 05:58:19'),('4b510d2c-157d-491f-8762-400b9d38e2f3','course-001','user-002','STUDENT',1,'2025-09-04 07:58:09','2025-09-04 07:58:09'),('4b52bdfd-aa2b-44d0-bb86-413cf8904d3e','course-001','user-002','STUDENT',1,'2025-09-04 03:18:50','2025-09-04 03:18:50'),('4ebe4c43-e0cc-49ad-82c4-e4873704b2e3','course-001','user-002','STUDENT',1,'2025-08-28 08:39:38','2025-08-28 08:39:38'),('4f3c75f0-c674-4600-afab-c205c377089b','course-001','user-002','STUDENT',1,'2025-09-04 07:55:10','2025-09-04 07:55:10'),('5167e115-c5a8-40dc-92fa-ef02b78bf72e','course-001','user-002','STUDENT',1,'2025-09-04 09:11:55','2025-09-04 09:11:55'),('52673cd3-6264-4ed1-b5a2-fd814c426c6b','course-013','user-002','STUDENT',1,'2025-09-02 08:51:05','2025-09-02 08:51:05'),('53c00659-6814-40a1-9b80-4325d8f1b101','course-001','user-002','STUDENT',1,'2025-08-28 08:42:22','2025-08-28 08:42:22'),('581d0bf3-bb77-4387-bf4b-4a2d3402c03b','9f1881cf-e4ad-4901-9e47-e28e4b553886','user-002','STUDENT',2,'2025-09-08 02:31:58','2025-09-08 02:31:58'),('582d38da-3730-4944-9dd1-02d482da2603','72eb8613-3192-4dc4-8917-d4baefe98582','user-002','STUDENT',1,'2025-09-08 08:21:40','2025-09-08 08:21:40'),('590b8fef-20ac-4f5c-965e-d331a44e8c1b','course-001','user-002','STUDENT',1,'2025-09-04 02:54:36','2025-09-04 02:54:36'),('591a8e5f-88e9-4f41-8377-dd9edb7b298c','course-001','user-002','STUDENT',1,'2025-09-08 06:45:38','2025-09-08 06:45:38'),('5c1ed318-9cdd-4c9c-81b2-ba80bf0c0e1f','course-001','user-002','STUDENT',1,'2025-09-08 06:45:32','2025-09-08 06:45:32'),('5e228086-6922-44b6-9d0e-57eb75327690','course-001','user-002','STUDENT',1,'2025-09-04 03:25:23','2025-09-04 03:25:23'),('5ee21e59-ec86-4f5d-b09c-25c71883a327','course-015','user-002','STUDENT',1,'2025-09-04 06:45:59','2025-09-04 06:45:59'),('5f09ce1c-bf37-4f98-99a8-27fd3a51ddaa','72eb8613-3192-4dc4-8917-d4baefe98582','user-002','STUDENT',1,'2025-09-10 06:36:50','2025-09-10 06:36:50'),('60d5155d-4186-4253-9cd4-6f543db61502','course-010','user-002','STUDENT',1,'2025-09-02 06:42:08','2025-09-02 06:42:08'),('61242267-1155-4930-a682-147b06a3420f','course-010','user-002','STUDENT',1,'2025-09-02 06:28:27','2025-09-02 06:28:27'),('61398939-1132-4387-bd86-ce520ef9d7d7','course-001','user-003','INSTRUCTOR',1,'2025-09-04 02:51:21','2025-09-04 02:51:21'),('61dba970-5993-48df-a9c7-a51a6a3ea568','72eb8613-3192-4dc4-8917-d4baefe98582','user-002','STUDENT',1,'2025-09-10 06:36:39','2025-09-10 06:36:39'),('61ed0d36-0b30-4fa3-b326-be00d38918c6','72eb8613-3192-4dc4-8917-d4baefe98582','user-002','STUDENT',1,'2025-09-12 06:41:33','2025-09-12 06:41:33'),('6239af63-0520-449f-bb7e-f13be460f4d0','course-001','user-002','STUDENT',1,'2025-09-04 08:20:43','2025-09-04 08:20:43'),('6355d7bb-46a6-4bb0-bfff-b3cc2b29e292','course-001','user-002','STUDENT',1,'2025-09-05 02:23:51','2025-09-05 08:12:43'),('64ebd10b-0801-45dd-9e31-759de6d2eff6','72eb8613-3192-4dc4-8917-d4baefe98582','user-002','STUDENT',2,'2025-09-10 06:06:39','2025-09-10 06:06:39'),('66e5341a-5be3-473c-98c2-036bc02b5a3a','course-001','user-002','STUDENT',1,'2025-09-04 07:33:04','2025-09-04 07:33:04'),('681353de-0637-4ff8-bcb3-e77fb97994a8','course-005','user-002','STUDENT',1,'2025-09-08 06:31:07','2025-09-08 06:31:07'),('6a48c680-48a1-43fc-b20b-90ca8564a53d','72eb8613-3192-4dc4-8917-d4baefe98582','user-002','STUDENT',1,'2025-09-02 08:39:05','2025-09-02 08:39:05'),('6a81adb1-0900-42ea-8dff-26179ef1f02f','72eb8613-3192-4dc4-8917-d4baefe98582','user-002','STUDENT',1,'2025-09-08 05:14:53','2025-09-08 05:14:53'),('6c31a163-4969-4b8c-a1f3-02d0417b9774','course-001','user-002','STUDENT',1,'2025-09-04 02:54:26','2025-09-04 02:54:26'),('6d6393a4-05d9-44c5-be05-214351894346','72eb8613-3192-4dc4-8917-d4baefe98582','user-003','INSTRUCTOR',1,'2025-09-09 13:30:22','2025-09-09 13:30:22'),('6e095a7b-40f7-4b7e-8233-0f9126370048','course-001','user-002','STUDENT',1,'2025-09-04 08:28:43','2025-09-04 08:28:43'),('6f6839f7-f2fa-46b1-83c3-ce481740bf8a','course-001','user-002','STUDENT',1,'2025-09-04 08:08:23','2025-09-04 08:08:23'),('715878a0-2245-407b-b8d8-ba39b7ac7a37','72eb8613-3192-4dc4-8917-d4baefe98582','user-002','STUDENT',1,'2025-09-08 02:50:38','2025-09-08 02:50:38'),('731f70f6-40d3-4ea3-aa6b-6d75525bf411','course-008','user-002','STUDENT',1,'2025-09-08 06:27:47','2025-09-08 06:27:47'),('741df0ec-5f23-4a66-bdc2-f2e2965422e1','9f1881cf-e4ad-4901-9e47-e28e4b553886','user-003','INSTRUCTOR',2,'2025-09-09 13:32:03','2025-09-09 13:32:03'),('74646067-8bab-4a4a-b223-1442eeb0669d','course-001','user-002','STUDENT',1,'2025-09-05 02:23:24','2025-09-05 02:23:24'),('7676cbd4-695f-460a-a64c-223c7e14f645','course-008','user-002','STUDENT',1,'2025-09-08 08:04:44','2025-09-08 08:04:44'),('770a416e-001a-47bf-b84a-18c8dd68a433','9f1881cf-e4ad-4901-9e47-e28e4b553886','user-003','INSTRUCTOR',1,'2025-09-09 13:31:04','2025-09-09 13:31:04'),('7926da37-34bb-4888-84a7-1d02cb42cb71','course-010','user-002','STUDENT',1,'2025-09-02 06:18:43','2025-09-02 06:18:43'),('798b382a-f95e-4081-85c2-68c70c4ea2b1','course-001','user-003','INSTRUCTOR',1,'2025-09-04 08:26:33','2025-09-04 08:26:33'),('7aa03cc6-78ac-402d-9d6e-29dd5fc58532','72eb8613-3192-4dc4-8917-d4baefe98582','user-003','INSTRUCTOR',1,'2025-09-04 02:27:16','2025-09-04 02:27:16'),('7e3a9383-5b53-4903-ad0a-83776a787538','course-001','user-002','STUDENT',1,'2025-09-04 09:17:08','2025-09-04 09:17:08'),('7f3ada8d-17a1-4a5d-b608-0b97928ee07f','course-001','user-002','STUDENT',1,'2025-09-04 03:21:43','2025-09-04 03:21:43'),('7f6b6bc7-c07c-4160-87ab-2a6bbcb08ca6','course-001','user-002','STUDENT',1,'2025-09-04 07:39:03','2025-09-04 07:39:03'),('80a5d0f7-ce7a-4a27-a0dd-26fb6f6f3aa6','course-010','user-002','STUDENT',1,'2025-09-02 06:28:32','2025-09-02 06:28:32'),('85dcf5c1-587a-43ee-8bd1-644c19bdc5ce','9f1881cf-e4ad-4901-9e47-e28e4b553886','user-002','STUDENT',1,'2025-09-08 02:31:53','2025-09-08 02:31:53'),('86346eed-a472-4f40-a7b5-d776a4ea2c16','course-001','user-002','STUDENT',1,'2025-09-04 07:33:51','2025-09-04 07:33:51'),('868d26da-16a1-477b-9131-4524799f5469','course-001','user-002','STUDENT',1,'2025-09-04 09:08:02','2025-09-04 09:08:02'),('87260173-2a34-4b12-a3be-9dd3ea4b5b56','9f1881cf-e4ad-4901-9e47-e28e4b553886','user-003','INSTRUCTOR',2,'2025-09-09 13:31:12','2025-09-09 13:31:12'),('873f5142-1f94-47dd-9dd6-033fb7ec6a16','course-001','user-002','STUDENT',1,'2025-09-04 08:04:23','2025-09-04 08:04:23'),('8760e4ff-f5e9-4ab6-a3e3-c482d020bc94','course-001','user-002','STUDENT',1,'2025-08-28 08:42:34','2025-08-28 08:42:34'),('891c2581-e100-40e6-99da-c77287314196','course-015','user-002','STUDENT',1,'2025-09-02 08:54:16','2025-09-02 08:54:16'),('8ccfc2fc-9eb4-4005-8d36-48407d26b7d7','course-001','user-002','STUDENT',2,'2025-09-06 04:39:26','2025-09-06 04:39:26'),('8dd541aa-fdc0-4828-9643-9fb3dd3bc3cd','course-001','user-002','STUDENT',2,'2025-09-06 04:45:25','2025-09-06 04:45:25'),('8de6333a-5b45-4219-b22f-ff49d7a0db79','course-010','user-002','STUDENT',1,'2025-09-02 06:28:36','2025-09-02 06:28:36'),('8e3396ef-75d5-4354-8867-e59fd452d209','course-001','user-002','STUDENT',1,'2025-09-04 07:09:21','2025-09-04 07:09:21'),('8f8e6dd0-dc8e-4c6b-bf94-8925285bbad2','course-001','user-002','STUDENT',1,'2025-09-04 02:33:57','2025-09-04 02:33:57'),('9143bb51-70e7-43df-81e8-342f15582ada','72eb8613-3192-4dc4-8917-d4baefe98582','user-002','STUDENT',1,'2025-09-10 05:43:45','2025-09-10 05:43:45'),('925714a5-1e9b-4314-8546-44ab03b03f8b','72eb8613-3192-4dc4-8917-d4baefe98582','user-002','STUDENT',1,'2025-09-09 13:30:16','2025-09-09 13:30:16'),('94a6a1f7-7658-4850-917e-130e3f10e397','72eb8613-3192-4dc4-8917-d4baefe98582','user-002','STUDENT',2,'2025-09-10 06:02:28','2025-09-10 06:02:28'),('96ab4dc9-6fef-49e8-bdbb-8600dbca7708','course-001','user-002','STUDENT',2,'2025-09-06 04:51:03','2025-09-06 04:51:03'),('99040264-a820-4999-9df1-cbeebb8c18eb','course-001','user-002','STUDENT',1,'2025-09-04 09:35:59','2025-09-04 09:35:59'),('9a917c66-da53-464b-baf5-4892df036537','course-010','user-002','STUDENT',1,'2025-09-02 06:19:00','2025-09-02 06:19:00'),('9ad9b767-bd22-4f7e-b147-1a42c516897f','course-001','user-002','STUDENT',1,'2025-09-06 04:39:33','2025-09-06 04:39:33'),('9adbe203-8663-47d7-8716-bee7e09c7a0c','course-001','user-002','STUDENT',1,'2025-09-04 08:52:25','2025-09-04 08:52:25'),('9adc8387-3eeb-4d0d-b64e-a231699a6470','course-001','user-002','STUDENT',1,'2025-09-04 07:33:12','2025-09-04 07:33:12'),('9c0fc94d-3584-495a-9e1b-22590e0aea4e','72eb8613-3192-4dc4-8917-d4baefe98582','user-002','STUDENT',1,'2025-09-08 03:00:31','2025-09-08 03:00:31'),('9c6535b1-8b78-4de9-a9f2-97fd959b4fc5','9f1881cf-e4ad-4901-9e47-e28e4b553886','user-002','STUDENT',1,'2025-09-08 02:31:46','2025-09-08 02:31:46'),('9e7ea0c1-4b8d-478d-bfa9-fbb564ad1aea','course-015','user-002','STUDENT',1,'2025-09-02 08:54:28','2025-09-02 08:54:28'),('9f9b559e-119c-4193-ab61-67149dfcc889','course-015','user-002','STUDENT',1,'2025-09-04 06:46:02','2025-09-04 06:46:02'),('a4bb813d-8198-4e43-98c7-eba0dba6b8e9','72eb8613-3192-4dc4-8917-d4baefe98582','user-003','INSTRUCTOR',1,'2025-09-09 05:22:42','2025-09-09 05:22:42'),('a5b8c59d-18f6-4803-a340-0e302a01fa48','course-001','user-002','STUDENT',1,'2025-09-04 07:11:14','2025-09-04 07:11:14'),('a6ca4149-1610-4793-b3d8-dd480cc9f09c','course-009','user-002','STUDENT',2,'2025-09-10 06:01:44','2025-09-10 06:01:44'),('a762e310-df7e-4259-a362-f49c4f34d667','course-001','user-002','STUDENT',1,'2025-09-04 08:30:22','2025-09-04 08:30:22'),('a7e438bd-088c-4564-9403-4608b04c81b1','course-001','user-002','STUDENT',1,'2025-09-08 07:29:18','2025-09-08 07:29:18'),('a8b502a4-98f8-4b48-99e6-61a9caf81d3f','course-001','user-003','INSTRUCTOR',1,'2025-09-05 02:34:29','2025-09-05 02:34:29'),('ab6beb63-1f61-4051-a398-23fc40844d1c','72eb8613-3192-4dc4-8917-d4baefe98582','user-002','STUDENT',2,'2025-09-10 06:06:36','2025-09-10 06:06:36'),('ac1f0a83-88bb-4ded-9887-1f2ab78260b7','course-001','user-002','STUDENT',1,'2025-09-04 07:08:06','2025-09-04 07:08:06'),('adf0af59-eac7-4fa7-a23c-053ee6bcee2e','72eb8613-3192-4dc4-8917-d4baefe98582','user-002','STUDENT',1,'2025-09-10 05:43:42','2025-09-10 05:43:42'),('af722a53-bfa9-4c0f-912b-2b5feb6456e8','72eb8613-3192-4dc4-8917-d4baefe98582','user-002','STUDENT',1,'2025-09-08 06:42:34','2025-09-08 06:42:34'),('b02442e3-8ead-4e57-a66e-ed37bddaad7d','72eb8613-3192-4dc4-8917-d4baefe98582','user-002','STUDENT',1,'2025-09-05 03:13:19','2025-09-05 03:13:19'),('b15dc25b-72a7-4ac0-836f-2bd8afe692bc','course-010','user-002','STUDENT',1,'2025-09-02 06:01:22','2025-09-02 06:01:22'),('b208c32b-1774-45a9-b036-39ea4ba1b329','course-010','user-002','STUDENT',1,'2025-09-02 06:33:24','2025-09-02 06:33:24'),('b3f63480-1c6c-43ce-a4d3-75163785a315','course-010','user-002','STUDENT',1,'2025-09-02 06:40:23','2025-09-02 06:40:23'),('b47fb7f1-0de6-4af1-9a2d-a1749a68cadf','course-001','user-002','STUDENT',1,'2025-09-04 08:19:23','2025-09-04 08:19:23'),('b4abc6b1-3874-40ff-b8a7-d7df499deb94','course-010','user-002','STUDENT',2,'2025-09-02 06:20:53','2025-09-02 06:20:53'),('b552bb97-b585-486f-8b18-06ffcd3f73ff','72eb8613-3192-4dc4-8917-d4baefe98582','user-002','STUDENT',1,'2025-09-10 06:33:28','2025-09-10 06:33:28'),('b649d843-75c9-4e54-b50a-03b97205784a','72eb8613-3192-4dc4-8917-d4baefe98582','user-003','INSTRUCTOR',1,'2025-09-21 08:26:07','2025-09-21 08:26:07'),('b675d19f-029a-4dbf-b859-1f92922ec1a3','course-001','user-002','STUDENT',2,'2025-09-06 04:37:09','2025-09-06 04:37:09'),('b7d3c976-d9f7-4250-8661-81998bddd2b8','72eb8613-3192-4dc4-8917-d4baefe98582','user-003','INSTRUCTOR',1,'2025-09-10 03:30:11','2025-09-10 03:30:11'),('b8f7caf3-0471-46f9-a5ec-8d906648b294','course-001','user-002','STUDENT',1,'2025-09-04 04:17:56','2025-09-04 04:17:56'),('bb4f191c-0c91-48b0-9936-75ae84c2efe0','course-001','user-002','STUDENT',2,'2025-09-06 04:44:24','2025-09-06 04:44:24'),('bbf0784e-b17d-4d8f-bba3-eb6608ee6491','course-001','user-002','STUDENT',1,'2025-09-05 08:23:40','2025-09-05 08:23:40'),('bc3a1ed1-b6c9-49f3-8487-70fcf05401e4','course-001','user-002','STUDENT',1,'2025-09-05 08:23:55','2025-09-05 08:23:55'),('bde2413e-85c2-4e88-9519-5f5304138c7a','course-001','user-002','STUDENT',1,'2025-09-04 04:18:43','2025-09-04 04:18:43'),('bf01e5f1-2801-4615-8bbf-04a64396e812','course-001','user-002','STUDENT',1,'2025-09-05 02:22:07','2025-09-05 02:22:07'),('bf1f94ee-19b5-47e8-ad16-27ed2153205b','72eb8613-3192-4dc4-8917-d4baefe98582','user-002','STUDENT',1,'2025-09-08 05:13:58','2025-09-08 05:13:58'),('bfdeddc4-5bbe-42da-a5bf-bf6866c29aad','72eb8613-3192-4dc4-8917-d4baefe98582','user-002','STUDENT',1,'2025-09-10 05:43:43','2025-09-10 05:43:43'),('c03710aa-5a57-4059-9852-cceed41efce9','course-001','user-003','INSTRUCTOR',1,'2025-09-04 09:21:11','2025-09-04 09:21:11'),('c054d19c-2822-4ac8-9eea-ce0afeadd28e','course-001','user-003','INSTRUCTOR',1,'2025-09-04 08:30:33','2025-09-04 08:30:33'),('c2312918-7b3e-4565-8acb-137a61b6b1bf','course-010','user-002','STUDENT',1,'2025-09-02 06:33:47','2025-09-02 06:33:47'),('c3c808b5-2fd1-4f63-9bff-552d9854e4e8','course-001','user-002','STUDENT',1,'2025-09-04 07:18:27','2025-09-04 07:18:27'),('c69d3165-225a-489b-82b1-ccdd591c2ed6','course-001','user-002','STUDENT',1,'2025-08-28 08:42:50','2025-08-28 08:42:50'),('c742ff69-089c-4d92-85c0-0241bca44cfa','course-005','user-002','STUDENT',1,'2025-09-08 06:27:31','2025-09-08 06:27:31'),('ccf21066-bf4c-4c13-93a8-dc1daaa10dc3','course-001','user-002','STUDENT',2,'2025-09-06 04:38:27','2025-09-06 04:38:27'),('cd39a945-aad6-4091-b781-fbd76867965e','course-010','user-002','STUDENT',1,'2025-09-02 06:27:40','2025-09-02 06:27:40'),('ce044ea5-d4b4-4be6-8867-0a62b6ab2113','course-010','user-002','STUDENT',4,'2025-09-02 06:20:23','2025-09-02 06:20:23'),('ce9fc479-0871-42a7-93f6-38e56034b6ab','course-001','user-002','STUDENT',1,'2025-09-04 07:49:35','2025-09-04 07:49:35'),('cf9d8201-cbc1-40a9-91f8-3b5e899a6073','course-001','user-002','STUDENT',1,'2025-09-04 09:05:23','2025-09-04 09:05:23'),('d1fe567b-4d3b-4a5d-8db7-16c218d85a23','course-001','user-002','STUDENT',1,'2025-09-04 07:46:51','2025-09-04 07:46:51'),('d200c2c4-55ac-4b2e-97fd-b37ff6fb927d','72eb8613-3192-4dc4-8917-d4baefe98582','user-003','INSTRUCTOR',1,'2025-09-10 03:12:43','2025-09-10 03:12:43'),('d31ba7a0-4883-4dd8-b289-dde77e839795','course-014','user-002','STUDENT',1,'2025-09-02 08:51:53','2025-09-02 08:51:53'),('d353b428-9306-42c0-963d-728f932e6a26','course-001','user-002','STUDENT',1,'2025-09-04 09:34:02','2025-09-04 09:34:02'),('d4760d3f-b38b-45a3-a1e5-76f46e867302','course-001','user-002','STUDENT',1,'2025-09-04 09:17:44','2025-09-04 09:17:44'),('d477e344-6889-4705-8602-f86f39840ca1','course-001','user-002','STUDENT',1,'2025-09-04 07:41:09','2025-09-04 07:41:09'),('d4d9edd7-21ab-414f-b959-bb5a83b33770','course-001','user-003','INSTRUCTOR',1,'2025-09-04 02:50:45','2025-09-04 02:50:45'),('d5fb9c40-b95c-4cf5-be82-47b28cca7f31','course-001','user-002','STUDENT',1,'2025-09-04 08:19:32','2025-09-04 08:19:32'),('d6f667fc-752d-4a25-b222-9f746f4d1de1','72eb8613-3192-4dc4-8917-d4baefe98582','user-002','STUDENT',1,'2025-09-08 06:29:36','2025-09-08 06:29:36'),('d8070cb8-2e95-4556-ac6d-34771af56edf','72eb8613-3192-4dc4-8917-d4baefe98582','user-002','STUDENT',1,'2025-09-08 02:48:29','2025-09-08 02:48:29'),('d8195606-dc6d-4c8e-991b-25701f89fa0d','course-001','user-002','STUDENT',1,'2025-08-28 08:42:48','2025-08-28 08:42:48'),('da3b7e9b-f56f-4e69-b3fa-368edf488c6c','72eb8613-3192-4dc4-8917-d4baefe98582','user-002','STUDENT',1,'2025-09-21 14:51:54','2025-09-21 14:51:54'),('db192d5d-b421-4734-afee-44e15fe1eccd','72eb8613-3192-4dc4-8917-d4baefe98582','user-002','STUDENT',1,'2025-09-08 06:45:44','2025-09-08 06:45:44'),('db4f940a-82cf-4eff-b5b2-a08cccbc846e','course-001','user-003','INSTRUCTOR',1,'2025-09-04 05:58:11','2025-09-04 05:58:11'),('db745a80-f386-4da5-819d-880ed1752df6','course-001','user-003','INSTRUCTOR',1,'2025-09-04 09:02:17','2025-09-04 09:02:17'),('dbc9fd17-4f98-4b69-a3a6-b20a3d75ba09','course-001','user-002','STUDENT',1,'2025-09-04 05:55:33','2025-09-04 05:55:33'),('dc973b11-44fa-4395-9950-7a12cc3bd0ff','course-001','user-002','STUDENT',1,'2025-09-04 09:39:03','2025-09-04 09:39:03'),('dcae4ad2-8d10-45e9-922f-05ca26a87557','course-010','user-002','STUDENT',1,'2025-09-02 06:18:48','2025-09-02 06:18:48'),('ddb90493-eddf-415a-9032-d1ad91939fb5','72eb8613-3192-4dc4-8917-d4baefe98582','user-003','INSTRUCTOR',2,'2025-09-09 13:30:35','2025-09-09 13:30:35'),('dedf907c-abe4-430a-8854-50eae547ea59','72eb8613-3192-4dc4-8917-d4baefe98582','user-003','INSTRUCTOR',1,'2025-09-12 06:42:03','2025-09-12 06:42:03'),('df5dd874-f10f-47e8-b2e7-84259358629d','course-001','user-002','STUDENT',1,'2025-09-04 07:40:37','2025-09-04 07:40:37'),('dfe2dbb1-a41d-48fd-ae59-7bf4c3907d8d','course-001','user-002','STUDENT',1,'2025-09-04 07:55:01','2025-09-04 07:55:01'),('e1d7ea45-7a94-432d-9c13-230f121ef0e3','course-001','user-002','STUDENT',1,'2025-09-04 07:35:28','2025-09-04 07:35:28'),('e3048cdc-d3cf-471e-9baf-25a2776787a3','course-001','user-002','STUDENT',1,'2025-09-04 08:01:00','2025-09-04 08:01:00'),('e35e6d09-e82d-4907-978b-4235c6ce46ae','course-001','user-002','STUDENT',1,'2025-09-04 07:58:46','2025-09-04 07:58:46'),('e5203b15-24d5-4052-9512-3f1e46b04b1a','course-001','user-003','INSTRUCTOR',1,'2025-09-04 08:54:47','2025-09-04 08:54:47'),('e63fda4d-bef7-4ea0-9960-e25f985ee381','72eb8613-3192-4dc4-8917-d4baefe98582','user-003','INSTRUCTOR',1,'2025-09-05 02:55:11','2025-09-05 02:55:11'),('e66f8fe3-75a3-4caf-b0aa-7ed8278f26c9','72eb8613-3192-4dc4-8917-d4baefe98582','user-002','STUDENT',1,'2025-09-10 05:38:12','2025-09-10 05:38:12'),('e90d5c12-d870-42da-a4f5-af019405d877','course-001','user-003','INSTRUCTOR',1,'2025-09-05 02:47:55','2025-09-05 02:47:55'),('e95d92b0-2f90-4305-9f43-b9dc77d17a93','course-001','user-002','STUDENT',1,'2025-09-04 09:01:28','2025-09-04 09:01:28'),('eb250270-32ab-439f-830a-47eb0bf3e093','72eb8613-3192-4dc4-8917-d4baefe98582','user-002','STUDENT',1,'2025-09-02 08:38:33','2025-09-02 08:38:33'),('efdb8305-71c4-40ec-937d-1440d6f6d9a5','course-010','user-002','STUDENT',2,'2025-09-08 07:44:40','2025-09-08 07:44:40'),('effcb1e7-d59d-4f42-ab3d-b37ec7a037c1','course-010','user-002','STUDENT',1,'2025-09-02 06:33:20','2025-09-02 06:33:20'),('f7440293-0744-43c0-bc0c-520f30d11d48','course-015','user-002','STUDENT',1,'2025-09-04 06:45:57','2025-09-04 06:45:57'),('fcce7bd1-f2fc-45fa-bba8-46dcdee243cf','course-001','user-002','STUDENT',1,'2025-09-08 06:42:46','2025-09-08 06:42:46'),('fcf4cbc1-d713-49f2-820b-ea9d25aa3a3c','course-001','user-002','STUDENT',1,'2025-09-04 08:23:56','2025-09-04 08:23:56'),('fdba8e94-2f3d-485e-8ab3-14bf1bccd1d1','72eb8613-3192-4dc4-8917-d4baefe98582','user-002','STUDENT',1,'2025-09-10 06:41:29','2025-09-10 06:41:29'),('fdbb4c3b-b481-45e4-9539-93e1339c7945','course-001','user-002','STUDENT',1,'2025-09-04 03:00:57','2025-09-04 03:00:57'),('fe9c019d-d883-4f72-8e9a-49098b583a74','9f1881cf-e4ad-4901-9e47-e28e4b553886','user-003','INSTRUCTOR',1,'2025-09-21 08:26:34','2025-09-21 08:26:34'),('msg-001','course-001','user-002','STUDENT',1,'2025-08-20 02:05:00','2025-08-20 02:05:00'),('msg-002','course-001','user-003','INSTRUCTOR',1,'2025-08-20 02:07:10','2025-08-20 02:07:10'),('msg-003','course-001','user-011','STUDENT',1,'2025-08-20 03:15:42','2025-08-20 03:15:42'),('msg-004','course-001','user-003','INSTRUCTOR',1,'2025-08-20 03:18:05','2025-08-20 03:18:05'),('msg-005','course-002','user-010','INSTRUCTOR',1,'2025-08-21 01:40:12','2025-08-21 01:40:12'),('msg-006','course-002','user-005','STUDENT',1,'2025-08-21 01:55:31','2025-08-21 01:55:31'),('msg-007','course-005','user-008','INSTRUCTOR',1,'2025-08-22 04:05:19','2025-08-22 04:05:19'),('msg-008','course-005','user-007','STUDENT',1,'2025-08-22 04:09:40','2025-08-22 04:09:40'),('msg-009','course-001','user-012','STUDENT',1,'2025-08-23 07:12:00','2025-08-23 07:12:00'),('msg-010','course-002','user-010','INSTRUCTOR',1,'2025-08-23 08:33:27','2025-08-23 08:33:27'),('msg-011','course-001','user-003','INSTRUCTOR',2,'2025-08-21 02:20:00','2025-08-21 02:20:00'),('msg-012','course-002','user-010','INSTRUCTOR',2,'2025-08-22 03:05:10','2025-08-22 03:05:10'),('msg-013','course-005','user-008','INSTRUCTOR',2,'2025-08-23 10:22:11','2025-08-23 10:22:11'),('msg-014','course-005','user-007','STUDENT',2,'2025-08-24 02:14:55','2025-08-24 02:14:55'),('msg-015','course-001','user-011','STUDENT',2,'2025-08-24 04:33:00','2025-08-24 04:33:00'),('msg-016','course-001','user-003','INSTRUCTOR',3,'2025-08-24 06:10:10','2025-08-24 06:10:10'),('msg-017','course-002','user-005','STUDENT',3,'2025-08-25 01:22:44','2025-08-25 01:22:44'),('msg-018','course-005','user-008','INSTRUCTOR',3,'2025-08-25 03:50:05','2025-08-25 03:50:05'),('msg-019','course-001','user-012','STUDENT',3,'2025-08-25 09:33:20','2025-08-25 09:33:20'),('msg-020','course-002','user-010','INSTRUCTOR',3,'2025-08-26 00:05:54','2025-08-26 00:05:54'),('msg-021','course-001','user-003','INSTRUCTOR',4,'2025-08-24 07:40:00','2025-08-24 07:40:00'),('msg-022','course-002','user-010','INSTRUCTOR',4,'2025-08-25 02:12:33','2025-08-25 02:12:33'),('msg-023','course-005','user-008','INSTRUCTOR',4,'2025-08-25 11:44:21','2025-08-25 11:44:21'),('msg-024','course-001','user-002','STUDENT',4,'2025-08-26 01:05:05','2025-08-26 01:05:05'),('msg-025','course-002','user-005','STUDENT',4,'2025-08-26 02:55:42','2025-08-26 02:55:42'),('msg-026','course-005','user-007','STUDENT',1,'2025-08-26 03:10:10','2025-08-26 03:10:10'),('msg-027','course-002','user-010','INSTRUCTOR',1,'2025-08-26 04:05:33','2025-08-26 04:05:33'),('msg-028','course-001','user-003','INSTRUCTOR',1,'2025-08-26 04:20:00','2025-08-26 04:20:00');
/*!40000 ALTER TABLE `chat_messages` ENABLE KEYS */;

--
-- Table structure for table `comments`
--

DROP TABLE IF EXISTS `comments`;
/*!40101 SET @saved_cs_client     = @@character_set_client */;
/*!50503 SET character_set_client = utf8mb4 */;
CREATE TABLE `comments` (
  `id` varchar(36) NOT NULL,
  `lesson_id` varchar(36) NOT NULL,
  `user_id` varchar(36) NOT NULL,
  `parent_id` varchar(36) DEFAULT NULL,
  `content` varchar(2000) NOT NULL,
  `lft` int NOT NULL,
  `rgt` int NOT NULL,
  `depth` int NOT NULL DEFAULT '0',
  `is_deleted` bit(1) NOT NULL,
  `is_edited` bit(1) NOT NULL,
  `version` bigint NOT NULL DEFAULT '0',
  `created_at` timestamp NOT NULL DEFAULT CURRENT_TIMESTAMP,
  `updated_at` timestamp NOT NULL DEFAULT CURRENT_TIMESTAMP,
  PRIMARY KEY (`id`),
  KEY `idx_nested_comment_lesson_lft` (`lesson_id`,`lft`),
  KEY `idx_nested_comment_lft_rgt` (`lft`,`rgt`),
  KEY `idx_nested_comment_parent_lft` (`parent_id`,`lft`),
  KEY `idx_nested_comment_user_deleted` (`user_id`,`is_deleted`),
  KEY `idx_nested_comment_lesson_deleted_lft` (`lesson_id`,`is_deleted`,`lft`),
  CONSTRAINT `fk_nested_comments_lesson` FOREIGN KEY (`lesson_id`) REFERENCES `lessons` (`id`) ON DELETE CASCADE,
  CONSTRAINT `fk_nested_comments_parent` FOREIGN KEY (`parent_id`) REFERENCES `comments` (`id`) ON DELETE CASCADE,
  CONSTRAINT `fk_nested_comments_user` FOREIGN KEY (`user_id`) REFERENCES `users` (`id`) ON DELETE CASCADE,
  CONSTRAINT `chk_nested_comment_content_length` CHECK (((char_length(`content`) >= 1) and (char_length(`content`) <= 2000))),
  CONSTRAINT `chk_nested_comment_depth` CHECK ((`depth` >= 0)),
  CONSTRAINT `chk_nested_comment_lft_positive` CHECK ((`lft` > 0)),
  CONSTRAINT `chk_nested_comment_lft_rgt` CHECK ((`lft` < `rgt`)),
  CONSTRAINT `chk_nested_comment_rgt_positive` CHECK ((`rgt` > 0))
) ENGINE=InnoDB DEFAULT CHARSET=utf8mb4 COLLATE=utf8mb4_0900_ai_ci;
/*!40101 SET character_set_client = @saved_cs_client */;

--
-- Dumping data for table `comments`
--

/*!40000 ALTER TABLE `comments` DISABLE KEYS */;
INSERT INTO `comments` VALUES ('fc1ec07f-87e5-4e46-b921-1dd76e3b1177','lesson-015-01','user-002',NULL,'great',1,2,0,0x00,0x00,0,'2025-08-26 03:09:47','2025-08-26 03:09:47'),('nested-comment-001','lesson-001','user-002',NULL,'This lesson is fantastic! I learned so much about the fundamentals. The nested set model explanation is very clear.',1,8,0,0x00,0x00,0,'2025-08-10 03:30:00','2025-08-10 03:30:00'),('nested-comment-002','lesson-001','user-003','nested-comment-001','Thank you for the positive feedback! I\'m glad you found it helpful. The nested set model really shines for hierarchical data.',2,5,1,0x00,0x00,0,'2025-08-10 04:00:00','2025-08-10 04:00:00'),('nested-comment-003','lesson-001','user-005','nested-comment-002','Absolutely! The performance benefits are impressive. Can you share more about the locking strategies?',3,4,2,0x00,0x00,0,'2025-08-10 04:15:00','2025-08-10 04:15:00'),('nested-comment-004','lesson-001','user-007','nested-comment-001','Great examples! I\'m implementing this in my project right now.',6,7,1,0x00,0x00,0,'2025-08-10 05:00:00','2025-08-10 05:00:00'),('nested-comment-005','lesson-001','user-009',NULL,'I have a question about concurrency handling. How do you prevent race conditions during insertions?',9,14,0,0x00,0x00,0,'2025-08-11 02:30:00','2025-08-11 02:30:00'),('nested-comment-006','lesson-001','user-004','nested-comment-005','Excellent question! We use SELECT FOR UPDATE to lock the right edge of the parent node during insertions. This prevents race conditions.',10,13,1,0x00,0x01,1,'2025-08-11 03:00:00','2025-08-11 03:30:00'),('nested-comment-007','lesson-001','user-011','nested-comment-006','That makes perfect sense! The locking strategy ensures consistency. Thank you for the detailed explanation.',11,12,2,0x00,0x00,0,'2025-08-11 03:45:00','2025-08-11 03:45:00'),('nested-comment-008','lesson-001','user-012',NULL,'Bookmarking this for future reference. The code examples are top-notch!',15,16,0,0x00,0x00,0,'2025-08-11 08:00:00','2025-08-11 08:00:00'),('nested-comment-009','lesson-002','user-008',NULL,'The practical examples in this lesson are excellent. Very helpful for real-world applications.',1,6,0,0x00,0x00,0,'2025-08-12 04:20:00','2025-08-12 04:20:00'),('nested-comment-010','lesson-002','user-006','nested-comment-009','I completely agree! The step-by-step approach makes complex concepts easy to understand.',2,5,1,0x00,0x00,0,'2025-08-12 05:00:00','2025-08-12 05:00:00'),('nested-comment-011','lesson-002','user-010','nested-comment-010','Yes! The visual diagrams really help to understand the nested set operations.',3,4,2,0x00,0x00,0,'2025-08-12 05:30:00','2025-08-12 05:30:00'),('nested-comment-012','lesson-002','user-011',NULL,'[Deleted]',7,8,0,0x01,0x00,0,'2025-08-12 06:00:00','2025-08-12 07:00:00');
/*!40000 ALTER TABLE `comments` ENABLE KEYS */;

--
-- Table structure for table `course_categories`
--

DROP TABLE IF EXISTS `course_categories`;
/*!40101 SET @saved_cs_client     = @@character_set_client */;
/*!50503 SET character_set_client = utf8mb4 */;
CREATE TABLE `course_categories` (
  `course_id` varchar(36) NOT NULL,
  `category_id` varchar(36) NOT NULL,
  PRIMARY KEY (`course_id`,`category_id`),
  KEY `fk_cc_category` (`category_id`),
  CONSTRAINT `fk_cc_category` FOREIGN KEY (`category_id`) REFERENCES `categories` (`id`) ON DELETE CASCADE,
  CONSTRAINT `fk_cc_course` FOREIGN KEY (`course_id`) REFERENCES `courses` (`id`) ON DELETE CASCADE
) ENGINE=InnoDB DEFAULT CHARSET=utf8mb4 COLLATE=utf8mb4_0900_ai_ci;
/*!40101 SET character_set_client = @saved_cs_client */;

--
-- Dumping data for table `course_categories`
--

/*!40000 ALTER TABLE `course_categories` DISABLE KEYS */;
INSERT INTO `course_categories` VALUES ('63459fb6-0eb1-42f8-802e-f51ca751f296','6c4d515e-f978-4652-9a22-e9dd56565b22'),('cbb16c51-0be1-4ead-a83b-aae200715ebc','6c4d515e-f978-4652-9a22-e9dd56565b22'),('fe33fc8c-d4ef-45cf-bbdd-182823f81f7b','6c4d515e-f978-4652-9a22-e9dd56565b22'),('course-001','cat-001'),('course-005','cat-001'),('course-010','cat-001'),('course-011','cat-001'),('course-001','cat-002'),('course-003','cat-002'),('course-005','cat-002'),('course-012','cat-002'),('7d91b7de-0908-4bf7-a3f5-bfdfe94dfd24','cat-003'),('course-002','cat-003'),('course-007','cat-003'),('course-013','cat-003'),('f7c8da66-bc3e-4088-8c1c-b20387bfd3bc','cat-003'),('c3e42fc0-bd33-4af4-ab10-52d79a5876a4','cat-004'),('course-002','cat-004'),('course-014','cat-004'),('course-015','cat-004'),('2418b04a-1ee8-4dff-95f9-3033983e614f','cat-005'),('2c4fccd5-49b6-44cc-bdec-d0e951db3619','cat-005'),('cbb16c51-0be1-4ead-a83b-aae200715ebc','cat-005'),('course-003','cat-005'),('course-009','cat-005'),('f7c8da66-bc3e-4088-8c1c-b20387bfd3bc','cat-005'),('0e7694ed-dd1e-4575-a568-19b1daebecbf','cat-006'),('35aaf1ad-eb77-42d9-93bb-cc2ea54482d9','cat-006'),('4a3e4d30-4b9b-4740-8ac6-2ec4fdec27a1','cat-006'),('63459fb6-0eb1-42f8-802e-f51ca751f296','cat-006'),('7d91b7de-0908-4bf7-a3f5-bfdfe94dfd24','cat-006'),('course-004','cat-006'),('16884fb5-65b6-47ee-9c87-4d7c97dcbec9','cat-007'),('2ac197b4-cb91-40e7-99d6-e69e425f6ea9','cat-007'),('2c4fccd5-49b6-44cc-bdec-d0e951db3619','cat-007'),('72eb8613-3192-4dc4-8917-d4baefe98582','cat-007'),('934bc3f4-3ba3-4bd0-acfe-c4e2f0e4db04','cat-007'),('9f1881cf-e4ad-4901-9e47-e28e4b553886','cat-007'),('course-006','cat-007'),('f7c8da66-bc3e-4088-8c1c-b20387bfd3bc','cat-007'),('fe33fc8c-d4ef-45cf-bbdd-182823f81f7b','cat-007'),('course-006','cat-008'),('c3e42fc0-bd33-4af4-ab10-52d79a5876a4','cat-009'),('course-007','cat-009'),('course-010','cat-009'),('course-008','cat-010');
/*!40000 ALTER TABLE `course_categories` ENABLE KEYS */;

--
-- Table structure for table `course_review_status`
--

DROP TABLE IF EXISTS `course_review_status`;
/*!40101 SET @saved_cs_client     = @@character_set_client */;
/*!50503 SET character_set_client = utf8mb4 */;
CREATE TABLE `course_review_status` (
  `id` varchar(36) NOT NULL,
  `course_id` varchar(36) NOT NULL,
  `status` enum('APPROVED','DENIED','PENDING','RESUBMITTED') DEFAULT NULL,
  `created_at` timestamp NULL DEFAULT CURRENT_TIMESTAMP,
  `updated_at` timestamp NULL DEFAULT CURRENT_TIMESTAMP,
  PRIMARY KEY (`id`),
  UNIQUE KEY `course_id` (`course_id`),
  KEY `idx_course_review_status_course_id` (`course_id`),
  CONSTRAINT `fk_course_review_course` FOREIGN KEY (`course_id`) REFERENCES `courses` (`id`) ON DELETE CASCADE
) ENGINE=InnoDB DEFAULT CHARSET=utf8mb4 COLLATE=utf8mb4_0900_ai_ci;
/*!40101 SET character_set_client = @saved_cs_client */;

--
-- Dumping data for table `course_review_status`
--

/*!40000 ALTER TABLE `course_review_status` DISABLE KEYS */;
INSERT INTO `course_review_status` VALUES ('00000000-0000-0000-0000-000000000001','course-011','APPROVED','2022-12-31 17:00:00','2022-12-31 17:00:00'),('00000000-0000-0000-0000-000000000002','course-012','DENIED','2023-01-01 17:00:00','2023-01-01 17:00:00'),('00000000-0000-0000-0000-000000000003','course-013','DENIED','2023-01-02 17:00:00','2025-09-21 09:27:06'),('00000000-0000-0000-0000-000000000004','course-014','APPROVED','2023-01-03 17:00:00','2025-08-24 13:37:49'),('0b8974f6-cf4b-4113-b35f-f54d125aea52','2ac197b4-cb91-40e7-99d6-e69e425f6ea9','PENDING','2025-09-21 08:05:43','2025-09-21 08:05:43'),('161cbac3-1b36-4eed-8821-bf30346b2c0c','course-001','RESUBMITTED','2025-09-08 03:04:00','2025-09-23 02:32:12'),('246dc7d4-24e9-47d3-98ca-ab9a0d44b0fb','63459fb6-0eb1-42f8-802e-f51ca751f296','APPROVED','2025-09-23 21:55:07','2025-09-23 21:55:19'),('718741ab-71b2-4e8c-9696-bf95c167314e','934bc3f4-3ba3-4bd0-acfe-c4e2f0e4db04','PENDING','2025-09-10 04:58:27','2025-09-10 04:58:27'),('8bc5ccee-7937-4eaa-ad3f-d401d3a826c3','72eb8613-3192-4dc4-8917-d4baefe98582','APPROVED','2025-08-27 07:01:21','2025-08-27 07:04:40'),('ddff9d7c-bf83-473a-932a-0ccbf7abf51f','f7c8da66-bc3e-4088-8c1c-b20387bfd3bc','PENDING','2025-09-23 02:15:27','2025-09-23 02:15:27'),('e79f0c8e-2429-4b96-ae60-f512b2b73177','2c4fccd5-49b6-44cc-bdec-d0e951db3619','APPROVED','2025-08-26 03:21:05','2025-09-21 09:26:41'),('f1d149e4-3f91-4f75-8c45-99f7b9a64b8f','9f1881cf-e4ad-4901-9e47-e28e4b553886','APPROVED','2025-08-27 05:48:02','2025-08-27 05:48:58'),('fc58706a-4d9f-4331-bd87-c8519b55297e','fe33fc8c-d4ef-45cf-bbdd-182823f81f7b','APPROVED','2025-09-23 03:53:19','2025-09-23 03:55:11');
/*!40000 ALTER TABLE `course_review_status` ENABLE KEYS */;

--
-- Table structure for table `course_review_status_history`
--

DROP TABLE IF EXISTS `course_review_status_history`;
/*!40101 SET @saved_cs_client     = @@character_set_client */;
/*!50503 SET character_set_client = utf8mb4 */;
CREATE TABLE `course_review_status_history` (
  `id` varchar(36) NOT NULL,
  `course_review_id` varchar(36) NOT NULL,
  `action` varchar(20) NOT NULL,
  `reason` text,
  `reviewer_id` varchar(36) NOT NULL,
  `created_at` timestamp NULL DEFAULT CURRENT_TIMESTAMP,
  `updated_at` timestamp NULL DEFAULT CURRENT_TIMESTAMP,
  PRIMARY KEY (`id`),
  KEY `idx_course_review_status_history_course_review_id` (`course_review_id`),
  KEY `fk_course_review_status_history_reviewer` (`reviewer_id`),
  CONSTRAINT `fk_course_review_status_history_course_review` FOREIGN KEY (`course_review_id`) REFERENCES `course_review_status` (`id`) ON DELETE CASCADE,
  CONSTRAINT `fk_course_review_status_history_reviewer` FOREIGN KEY (`reviewer_id`) REFERENCES `users` (`id`) ON DELETE CASCADE
) ENGINE=InnoDB DEFAULT CHARSET=utf8mb4 COLLATE=utf8mb4_0900_ai_ci;
/*!40101 SET character_set_client = @saved_cs_client */;

--
-- Dumping data for table `course_review_status_history`
--

/*!40000 ALTER TABLE `course_review_status_history` DISABLE KEYS */;
INSERT INTO `course_review_status_history` VALUES ('10000000-0000-0000-0000-000000000001','00000000-0000-0000-0000-000000000001','APPROVED','Initial approval by admin','user-001','2022-12-31 18:00:00','2022-12-31 18:00:00'),('10000000-0000-0000-0000-000000000002','00000000-0000-0000-0000-000000000002','DENIED','Content quality issues; please improve audio and add examples','user-001','2023-01-01 18:00:00','2023-01-01 18:00:00'),('10000000-0000-0000-0000-000000000003','00000000-0000-0000-0000-000000000003','DENIED','Missing quizzes in Section 2','user-001','2023-01-02 17:30:00','2023-01-02 17:30:00'),('10000000-0000-0000-0000-000000000004','00000000-0000-0000-0000-000000000003','RESUBMITTED','Updated content and added required quizzes','user-001','2023-01-03 05:00:00','2023-01-03 05:00:00'),('10000000-0000-0000-0000-000000000005','00000000-0000-0000-0000-000000000004','PENDING','Course submitted and awaiting review','user-001','2023-01-03 17:10:00','2023-01-03 17:10:00'),('1336c6aa-f1dc-4344-a01c-968d8e9acb8c','161cbac3-1b36-4eed-8821-bf30346b2c0c','RESUBMITTED','','user-003','2025-09-23 02:32:11','2025-09-23 02:32:11'),('3256f3c3-46cf-4f55-90f8-72f182098ce8','f1d149e4-3f91-4f75-8c45-99f7b9a64b8f','APPROVED',NULL,'user-001','2025-08-27 05:48:58','2025-08-27 05:48:58'),('378f10a0-7c39-42e8-9191-f988377ece50','e79f0c8e-2429-4b96-ae60-f512b2b73177','PENDING','','user-003','2025-08-26 03:21:05','2025-08-26 03:21:05'),('44baca33-d7b1-452d-8295-82323b4abac3','00000000-0000-0000-0000-000000000003','DENIED','may ngu lam','user-001','2025-09-21 09:27:06','2025-09-21 09:27:06'),('44d17b64-d5bf-4176-9ae4-b474f2bb59bd','161cbac3-1b36-4eed-8821-bf30346b2c0c','PENDING','','user-003','2025-09-08 03:04:00','2025-09-08 03:04:00'),('463aaf91-84ac-415a-a905-e41c5042da76','fc58706a-4d9f-4331-bd87-c8519b55297e','DENIED','Rename course','user-001','2025-09-23 03:53:54','2025-09-23 03:53:54'),('4ca902d5-b11a-4c9a-894e-63d6ec62e872','f1d149e4-3f91-4f75-8c45-99f7b9a64b8f','PENDING','','user-003','2025-08-27 05:48:02','2025-08-27 05:48:02'),('546d08e2-1e35-4346-9662-86a4917e2381','e79f0c8e-2429-4b96-ae60-f512b2b73177','RESUBMITTED','','user-003','2025-08-26 03:22:01','2025-08-26 03:22:01'),('5d21a181-1dda-4200-9f3f-eda68359e23f','161cbac3-1b36-4eed-8821-bf30346b2c0c','DENIED','gágavfffdfđf','user-001','2025-09-22 03:51:30','2025-09-22 03:51:30'),('697f7ccd-75a5-4eab-b336-20263a13f2f3','246dc7d4-24e9-47d3-98ca-ab9a0d44b0fb','APPROVED',NULL,'user-001','2025-09-23 21:55:18','2025-09-23 21:55:18'),('6bce30f0-d8b6-4e5a-bc3a-c45c909c8fde','fc58706a-4d9f-4331-bd87-c8519b55297e','RESUBMITTED','','user-003','2025-09-23 03:54:58','2025-09-23 03:54:58'),('7db230c3-9a28-4f07-bc16-c9eb6a7eb9f2','718741ab-71b2-4e8c-9696-bf95c167314e','PENDING','','user-003','2025-09-10 04:58:27','2025-09-10 04:58:27'),('8a5bf0b7-686d-4512-bcbc-544146b02c19','8bc5ccee-7937-4eaa-ad3f-d401d3a826c3','APPROVED',NULL,'user-001','2025-08-27 07:04:40','2025-08-27 07:04:40'),('8daed19d-9903-4900-a84f-78b82bbc791b','e79f0c8e-2429-4b96-ae60-f512b2b73177','APPROVED',NULL,'user-001','2025-09-21 09:26:41','2025-09-21 09:26:41'),('99396096-adec-427a-b29c-b5d54a6ef5a0','00000000-0000-0000-0000-000000000004','APPROVED',NULL,'user-001','2025-08-24 13:37:49','2025-08-24 13:37:49'),('bd55597b-198b-489b-b789-316f87daa0f8','0b8974f6-cf4b-4113-b35f-f54d125aea52','PENDING','','user-003','2025-09-21 08:05:40','2025-09-21 08:05:40'),('c1bba70b-4053-4a03-800c-7d366deb55e1','246dc7d4-24e9-47d3-98ca-ab9a0d44b0fb','PENDING','','user-003','2025-09-23 21:55:06','2025-09-23 21:55:06'),('d87cc876-3036-475b-b0d4-019f2710d01a','8bc5ccee-7937-4eaa-ad3f-d401d3a826c3','PENDING','','user-003','2025-08-27 07:01:21','2025-08-27 07:01:21'),('dc9bb8a7-8a51-4c37-83be-c1ffd81b5eac','fc58706a-4d9f-4331-bd87-c8519b55297e','APPROVED',NULL,'user-001','2025-09-23 03:55:11','2025-09-23 03:55:11'),('dd9fdc4f-9133-4cd1-bfcd-899066efb8bd','fc58706a-4d9f-4331-bd87-c8519b55297e','PENDING','','user-003','2025-09-23 03:53:18','2025-09-23 03:53:18'),('e95e3fc1-02d8-4e88-ba33-bf3627c26f39','ddff9d7c-bf83-473a-932a-0ccbf7abf51f','PENDING','','user-003','2025-09-23 02:15:27','2025-09-23 02:15:27'),('eea4bcae-39b4-4672-9357-df48e5356adb','e79f0c8e-2429-4b96-ae60-f512b2b73177','DENIED','I don\'t like it','user-001','2025-08-26 03:21:37','2025-08-26 03:21:37');
/*!40000 ALTER TABLE `course_review_status_history` ENABLE KEYS */;

--
-- Table structure for table `courses`
--

DROP TABLE IF EXISTS `courses`;
/*!40101 SET @saved_cs_client     = @@character_set_client */;
/*!50503 SET character_set_client = utf8mb4 */;
CREATE TABLE `courses` (
  `id` varchar(36) NOT NULL,
  `title` varchar(255) NOT NULL,
  `slug` varchar(255) NOT NULL,
  `description` varchar(255) DEFAULT NULL,
  `instructor_id` varchar(36) DEFAULT NULL,
  `price` decimal(10,2) DEFAULT '0.00',
  `is_published` bit(1) DEFAULT NULL,
  `is_approved` bit(1) DEFAULT NULL,
  `thumbnail_url` varchar(255) DEFAULT NULL,
  `thumbnail_id` varchar(255) DEFAULT NULL,
  `level` varchar(20) DEFAULT 'BEGINNER',
  `is_deleted` bit(1) DEFAULT NULL,
  `created_at` timestamp NULL DEFAULT CURRENT_TIMESTAMP,
  `updated_at` timestamp NULL DEFAULT CURRENT_TIMESTAMP,
  PRIMARY KEY (`id`),
  UNIQUE KEY `slug` (`slug`),
  KEY `idx_course_instructor` (`instructor_id`),
  CONSTRAINT `fk_course_instructor` FOREIGN KEY (`instructor_id`) REFERENCES `users` (`id`) ON DELETE SET NULL
) ENGINE=InnoDB DEFAULT CHARSET=utf8mb4 COLLATE=utf8mb4_0900_ai_ci;
/*!40101 SET character_set_client = @saved_cs_client */;

--
-- Dumping data for table `courses`
--

/*!40000 ALTER TABLE `courses` DISABLE KEYS */;
INSERT INTO `courses` VALUES ('0e7694ed-dd1e-4575-a568-19b1daebecbf','Course 4','course-4','fadsf dasf a dasf asd ','user-003',0.00,0x00,0x00,'https://res.cloudinary.com/dghnd5kqw/image/upload/v1758539656/course-management/course-image2_1758539655701_e8c23f96.jpg.jpg','course-management/course-image2_1758539655701_e8c23f96.jpg','BEGINNER',0x01,'2025-09-22 11:14:18','2025-09-22 11:36:34'),('16884fb5-65b6-47ee-9c87-4d7c97dcbec9','test create course','test-create-course','test create course test create course','user-003',0.00,0x00,0x00,'https://res.cloudinary.com/dghnd5kqw/image/upload/v1757162672/course-management/SV-T__1757162669139_b7184b8b.jpg.jpg','course-management/SV-T__1757162669139_b7184b8b.jpg','BEGINNER',0x01,'2025-09-06 12:44:32','2025-09-06 12:45:39'),('2418b04a-1ee8-4dff-95f9-3033983e614f','Course 3','course-3','asdfasdf asdfasd afsd','user-003',0.00,0x00,0x00,'https://res.cloudinary.com/dghnd5kqw/image/upload/v1758539536/course-management/course-image2_1758539535323_9daf148c.jpg.jpg','course-management/course-image2_1758539535323_9daf148c.jpg','BEGINNER',0x01,'2025-09-22 11:12:18','2025-09-22 11:14:01'),('2ac197b4-cb91-40e7-99d6-e69e425f6ea9','aaaaaaaaaaaaaaa','aaaaaaaaaaaaaaa','aaaaaaaaaaaaaaaaaaaaaaaa','user-003',366.00,0x01,0x00,'https://res.cloudinary.com/djg6scfth/image/upload/v1756278115/course-management/t1liet_1756278112348_cb66aecb.png.png','course-management/t1liet_1756278112348_cb66aecb.png','BEGINNER',0x01,'2025-08-27 07:01:57','2025-09-21 08:06:10'),('2c4fccd5-49b6-44cc-bdec-d0e951db3619','vitdien','vitdien','http://localhost:3000/instructor/courses/create-course','user-003',99.00,0x01,0x01,'https://res.cloudinary.com/djg6scfth/image/upload/v1756178115/course-management/t1liet_1756178112770_d97c67a8.png.png','course-management/t1liet_1756178112770_d97c67a8.png','INTERMEDIATE',0x00,'2025-08-26 03:15:17','2025-09-21 09:26:41'),('35aaf1ad-eb77-42d9-93bb-cc2ea54482d9','Course 2','course-2','asfdasdffdasfsadfasdf','user-003',99.00,0x00,0x00,'https://res.cloudinary.com/dghnd5kqw/image/upload/v1758535504/course-management/empty-course_1758535503681_8345126a.webp.webp','course-management/empty-course_1758535503681_8345126a.webp','BEGINNER',0x01,'2025-09-22 10:05:06','2025-09-22 10:05:43'),('4a3e4d30-4b9b-4740-8ac6-2ec4fdec27a1','Course 6','course-6','asdf asdfasd asdf asdf','user-003',155.00,0x00,0x00,'https://res.cloudinary.com/dghnd5kqw/image/upload/v1758554640/course-management/course-image_1758554639716_f3e46a18.jpg.jpg','course-management/course-image_1758554639716_f3e46a18.jpg','ADVANCED',0x01,'2025-09-22 15:24:03','2025-09-22 15:30:48'),('63459fb6-0eb1-42f8-802e-f51ca751f296','Bao lâu nữa thì bán được 1 tỷ gói mè?','bao-lu-na-th-bn-c-1-t-gi-m','Bao lâu nữa thì bán được 1 tỷ gói mè?','user-003',35.99,0x01,0x01,'https://res.cloudinary.com/djg6scfth/image/upload/v1758689333/course-management/dogaccepttingfate_1758689331636_36e2ec5c.jpg.jpg','course-management/dogaccepttingfate_1758689331636_36e2ec5c.jpg','ADVANCED',0x00,'2025-09-23 21:48:55','2025-09-23 21:55:19'),('72eb8613-3192-4dc4-8917-d4baefe98582','video test','video-test','aaaaaaaaaaaaaaaaaaaaaaaaaa','user-003',35.98,0x01,0x01,'https://res.cloudinary.com/djg6scfth/image/upload/v1756277902/course-management/pxfuel__4__1756277898422_151e488b.jpg.jpg','course-management/pxfuel__4__1756277898422_151e488b.jpg','BEGINNER',0x00,'2025-08-27 06:58:23','2025-08-27 07:04:40'),('7d91b7de-0908-4bf7-a3f5-bfdfe94dfd24','Course 5 - update','course-5','adsf adsfasd adsfa adsf','user-003',99.00,0x00,0x00,'https://res.cloudinary.com/dghnd5kqw/image/upload/v1758541017/course-management/course-image_1758541016360_88f9ea31.jpg.jpg','course-management/course-image_1758541016360_88f9ea31.jpg','INTERMEDIATE',0x01,'2025-09-22 11:36:59','2025-09-22 15:30:53'),('934bc3f4-3ba3-4bd0-acfe-c4e2f0e4db04','Create course - update','create-course','test create course test create course','user-003',99.00,0x01,0x00,'https://res.cloudinary.com/dghnd5kqw/image/upload/v1757248653/course-management/course-image2_1757248652440_cb50d6df.jpg.jpg','course-management/course-image2_1757248652440_cb50d6df.jpg','INTERMEDIATE',0x01,'2025-09-07 12:37:35','2025-09-10 04:59:00'),('9f1881cf-e4ad-4901-9e47-e28e4b553886','vitdien21','vitdien21','aaaaaaaaaaaaaaaaaaaaaaaaaaaa','user-003',35.99,0x01,0x01,'https://res.cloudinary.com/djg6scfth/image/upload/v1756273296/course-management/t1liet_1756273293503_d9c47995.png.png','course-management/t1liet_1756273293503_d9c47995.png','INTERMEDIATE',0x00,'2025-08-27 05:41:37','2025-08-27 05:48:58'),('c3e42fc0-bd33-4af4-ab10-52d79a5876a4','Course 7','course-7','asdf asdfasd dasf asdf','user-003',199.00,0x00,0x00,'https://res.cloudinary.com/dghnd5kqw/image/upload/v1758555091/course-management/course-image_1758555091195_c88aaff0.jpg.jpg','course-management/course-image_1758555091195_c88aaff0.jpg','ADVANCED',0x01,'2025-09-22 15:31:33','2025-09-23 01:57:07'),('cbb16c51-0be1-4ead-a83b-aae200715ebc','Course title','course-title','Course description Course description Course description Course description','user-003',99.00,0x00,0x00,'https://res.cloudinary.com/dghnd5kqw/image/upload/v1757064789/course-management/course-image2_1757064788221_2b04488d.jpg.jpg','course-management/course-image2_1757064788221_2b04488d.jpg','INTERMEDIATE',0x01,'2025-09-05 09:33:12','2025-09-05 09:34:27'),('course-001','Complete React Development Course','complete-react-development-course','Master React.js from fundamentals to advanced concepts including hooks, context, and modern state management','user-003',99.99,0x01,0x00,'https://images.unsplash.com/photo-1633356122544-f134324a6cee?w=800',NULL,'INTERMEDIATE',0x00,'2024-12-25 03:00:00','2025-09-23 02:32:12'),('course-002','Machine Learning Fundamentals','machine-learning-fundamentals','Introduction to machine learning algorithms, data preprocessing, and model evaluation','user-010',149.99,0x01,0x01,'https://images.unsplash.com/photo-1555949963-aa79dcee981c?w=800',NULL,'BEGINNER',0x00,'2024-12-26 04:00:00','2025-01-08 09:15:00'),('course-003','Mobile App Development with React Native','mobile-app-development-with-react-native','Build cross-platform mobile applications using React Native and modern development practices','user-006',129.99,0x01,0x01,'https://images.unsplash.com/photo-1512941937669-90a1b58e7e9c?w=800',NULL,'INTERMEDIATE',0x00,'2024-12-27 02:00:00','2025-01-10 04:20:00'),('course-004','Cybersecurity Essentials','cybersecurity-essentials','Learn fundamental cybersecurity concepts, threat analysis, and defense strategies','user-008',199.99,0x01,0x01,'https://images.unsplash.com/photo-1550751827-4bd374c3f58b?w=800',NULL,'BEGINNER',0x00,'2024-12-28 07:00:00','2025-01-12 03:45:00'),('course-005','Advanced Python Programming','advanced-python-programming','Deep dive into Python\'s advanced features, decorators, metaclasses, and performance optimization','user-005',179.99,0x01,0x01,'https://images.unsplash.com/photo-1526379095098-d400fd0bf935?w=800',NULL,'ADVANCED',0x00,'2024-12-29 01:30:00','2025-01-14 08:20:00'),('course-006','Full Stack Web Development','full-stack-web-development','Complete web development bootcamp covering frontend, backend, and database technologies','user-003',249.99,0x01,0x01,'https://images.unsplash.com/photo-1461749280684-dccba630e2f6?w=800',NULL,'INTERMEDIATE',0x00,'2024-12-30 05:00:00','2025-01-16 02:15:00'),('course-007','Cloud Computing with AWS','cloud-computing-with-aws','Master Amazon Web Services including EC2, S3, Lambda, and cloud architecture patterns','user-009',199.99,0x01,0x01,'https://images.unsplash.com/photo-1451187580459-43490279c0fa?w=800',NULL,'INTERMEDIATE',0x00,'2024-12-31 09:00:00','2025-01-18 06:30:00'),('course-008','Database Design and Optimization','database-design-and-optimization','Learn relational database design, SQL optimization, and NoSQL databases','user-007',139.99,0x01,0x01,'https://images.unsplash.com/photo-1544383835-bda2bc66a55d?w=800',NULL,'INTERMEDIATE',0x00,'2025-01-01 03:00:00','2025-01-20 07:45:00'),('course-009','DevOps and CI/CD Pipeline','devops-and-ci-cd-pipeline','Master DevOps practices, containerization with Docker, and continuous integration/deployment','user-004',189.99,0x01,0x01,'https://images.unsplash.com/photo-1605379399843-5870eea9b74e?w=800',NULL,'ADVANCED',0x00,'2025-01-02 07:30:00','2025-01-22 04:00:00'),('course-010','Introduction to Artificial Intelligence','introduction-to-artificial-intelligence','Explore AI fundamentals, neural networks, and practical applications in various industries','user-010',219.99,0x01,0x01,'https://images.unsplash.com/photo-1507146426996-ef05306b995a?w=800',NULL,'BEGINNER',0x00,'2025-01-03 02:00:00','2025-01-24 09:30:00'),('course-011','Introduction to Deep Learning','introduction-to-deep-learning','Explore AI fundamentals, machine learning algorithms, neural networks, and practical applications in various industries','user-003',189.99,0x01,0x00,'https://images.unsplash.com/photo-1485827404703-89b55fcc595e?w=800',NULL,'BEGINNER',0x00,'2025-01-03 02:00:00','2025-01-24 09:30:00'),('course-012','Advanced NodeJS Programming','advanced-nodejs-programming','Master advanced NodeJS concepts including decorators, metaclasses, async programming, and design patterns','user-004',149.99,0x01,0x00,'https://images.unsplash.com/photo-1526379095098-d400fd0bf935?w=800',NULL,'ADVANCED',0x00,'2025-01-05 03:00:00','2025-01-25 07:20:00'),('course-013','Complete Vue.js Web Development','complete-vuejs-web-development','Build modern web applications with Vue.js 3, including Composition API, Vuex, Vue Router, and testing','user-005',129.99,0x00,0x00,'https://images.unsplash.com/photo-1593720213428-28a5b9e94613?w=800',NULL,'INTERMEDIATE',0x00,'2025-01-07 04:30:00','2025-09-21 09:27:06'),('course-014','DevOps and Docker Containerization','devops-docker-containerization','Learn Docker, Kubernetes, CI/CD pipelines, and modern DevOps practices for scalable applications','user-006',199.99,0x01,0x01,'https://images.unsplash.com/photo-1618401471353-b98afee0b2eb?w=800',NULL,'INTERMEDIATE',0x00,'2025-01-09 01:15:00','2025-08-24 13:37:49'),('course-015','Flutter Mobile App Development','flutter-mobile-app-development','Create beautiful cross-platform mobile apps with Flutter and Dart, from basics to advanced topics','user-007',169.99,0x01,0x01,'https://images.unsplash.com/photo-1512941937669-90a1b58e7e9c?w=800',NULL,'BEGINNER',0x00,'2025-01-11 07:45:00','2025-01-28 04:25:00'),('f7c8da66-bc3e-4088-8c1c-b20387bfd3bc','Ma may ten la Ngoc','ma-may-ten-la-ngoc','ong gia may ten la Tuan Anh','user-003',36.00,0x01,0x00,'https://res.cloudinary.com/dd4znnno1/image/upload/v1755954359/course-management/wall_1755954356655_68978329.png.png','course-management/wall_1755954356655_68978329.png','ADVANCED',0x00,'2025-08-23 13:06:01','2025-09-23 02:15:27'),('fe33fc8c-d4ef-45cf-bbdd-182823f81f7b','How to get 1 billion in one day','test123','test 1234567889sagfasga','user-003',36.00,0x01,0x01,'https://res.cloudinary.com/djg6scfth/image/upload/v1758505757/course-management/10_1758505756136_f057506e.jpeg.jpg','course-management/10_1758505756136_f057506e.jpeg','INTERMEDIATE',0x00,'2025-09-22 01:49:18','2025-09-23 03:55:11');
/*!40000 ALTER TABLE `courses` ENABLE KEYS */;

--
-- Table structure for table `databasechangelog`
--

DROP TABLE IF EXISTS `databasechangelog`;
/*!40101 SET @saved_cs_client     = @@character_set_client */;
/*!50503 SET character_set_client = utf8mb4 */;
CREATE TABLE `databasechangelog` (
  `ID` varchar(255) NOT NULL,
  `AUTHOR` varchar(255) NOT NULL,
  `FILENAME` varchar(255) NOT NULL,
  `DATEEXECUTED` datetime NOT NULL,
  `ORDEREXECUTED` int NOT NULL,
  `EXECTYPE` varchar(10) NOT NULL,
  `MD5SUM` varchar(35) DEFAULT NULL,
  `DESCRIPTION` varchar(255) DEFAULT NULL,
  `COMMENTS` varchar(255) DEFAULT NULL,
  `TAG` varchar(255) DEFAULT NULL,
  `LIQUIBASE` varchar(20) DEFAULT NULL,
  `CONTEXTS` varchar(255) DEFAULT NULL,
  `LABELS` varchar(255) DEFAULT NULL,
  `DEPLOYMENT_ID` varchar(10) DEFAULT NULL
) ENGINE=InnoDB DEFAULT CHARSET=utf8mb4 COLLATE=utf8mb4_0900_ai_ci;
/*!40101 SET character_set_client = @saved_cs_client */;

--
-- Dumping data for table `databasechangelog`
--

/*!40000 ALTER TABLE `databasechangelog` DISABLE KEYS */;
INSERT INTO `databasechangelog` VALUES ('100-01','ktc','db/changelog/changes/100-new-schema-complete.xml','2025-08-21 15:37:02',1,'EXECUTED','9:7a7e3f1fd2157b6ac7625d819953876b','createTable tableName=user_roles','',NULL,'4.31.1',NULL,NULL,'5765418524'),('100-02','ktc','db/changelog/changes/100-new-schema-complete.xml','2025-08-21 15:37:03',2,'EXECUTED','9:615732a8ebde7c51bde2ef3f2049a166','createTable tableName=users; addForeignKeyConstraint baseTableName=users, constraintName=fk_user_roles, referencedTableName=user_roles','',NULL,'4.31.1',NULL,NULL,'5765418524'),('100-03','ktc','db/changelog/changes/100-new-schema-complete.xml','2025-08-21 15:37:03',3,'EXECUTED','9:de7c5e11baac30ebfe6113f73245dd03','createTable tableName=categories','',NULL,'4.31.1',NULL,NULL,'5765418524'),('100-04','ktc','db/changelog/changes/100-new-schema-complete.xml','2025-08-21 15:37:03',4,'EXECUTED','9:9a5b2fe2b80502d84b80eff87c2b8439','createTable tableName=courses; createIndex indexName=idx_course_instructor, tableName=courses; addForeignKeyConstraint baseTableName=courses, constraintName=fk_course_instructor, referencedTableName=users','',NULL,'4.31.1',NULL,NULL,'5765418524'),('100-05','ktc','db/changelog/changes/100-new-schema-complete.xml','2025-08-21 15:37:03',5,'EXECUTED','9:434d4092562c7c883cf20f8909107533','createTable tableName=course_categories; addPrimaryKey tableName=course_categories; addForeignKeyConstraint baseTableName=course_categories, constraintName=fk_cc_course, referencedTableName=courses; addForeignKeyConstraint baseTableName=course_cat...','',NULL,'4.31.1',NULL,NULL,'5765418524'),('100-06','ktc','db/changelog/changes/100-new-schema-complete.xml','2025-08-21 15:37:04',6,'EXECUTED','9:8d3044c1670aa00c8ce39f9999c66005','createTable tableName=sections; addUniqueConstraint constraintName=unique_section_order, tableName=sections; addForeignKeyConstraint baseTableName=sections, constraintName=fk_section_course, referencedTableName=courses','',NULL,'4.31.1',NULL,NULL,'5765418524'),('100-07','ktc','db/changelog/changes/100-new-schema-complete.xml','2025-08-21 15:37:04',7,'EXECUTED','9:f2502c2a35a70bfb7b43c6a264998a9d','createTable tableName=video_contents; addForeignKeyConstraint baseTableName=video_contents, constraintName=fk_video_uploader, referencedTableName=users','',NULL,'4.31.1',NULL,NULL,'5765418524'),('100-08','ktc','db/changelog/changes/100-new-schema-complete.xml','2025-08-21 15:37:04',8,'EXECUTED','9:897cd5d3a874e38de667001a42103ff6','createTable tableName=lesson_types','',NULL,'4.31.1',NULL,NULL,'5765418524'),('100-09','ktc','db/changelog/changes/100-new-schema-complete.xml','2025-08-21 15:37:04',9,'EXECUTED','9:fb375677e21769d1742d9dba075870e3','createTable tableName=lessons; addUniqueConstraint constraintName=unique_lesson_order, tableName=lessons; addForeignKeyConstraint baseTableName=lessons, constraintName=fk_lesson_section, referencedTableName=sections; addForeignKeyConstraint baseTa...','',NULL,'4.31.1',NULL,NULL,'5765418524'),('100-10','ktc','db/changelog/changes/100-new-schema-complete.xml','2025-08-21 15:37:05',10,'EXECUTED','9:60c39dcd6bce7e736db1936925f360e7','createTable tableName=enrollments; addUniqueConstraint constraintName=unique_enrollment, tableName=enrollments; addForeignKeyConstraint baseTableName=enrollments, constraintName=fk_enr_user, referencedTableName=users; addForeignKeyConstraint baseT...','',NULL,'4.31.1',NULL,NULL,'5765418524'),('100-11','ktc','db/changelog/changes/100-new-schema-complete.xml','2025-08-21 15:37:05',11,'EXECUTED','9:33d67d2b731d018648ea3e45e54d1df9','createTable tableName=lesson_completions; addUniqueConstraint constraintName=unique_completion, tableName=lesson_completions; addForeignKeyConstraint baseTableName=lesson_completions, constraintName=fk_lc_user, referencedTableName=users; addForeig...','',NULL,'4.31.1',NULL,NULL,'5765418524'),('100-12','ktc','db/changelog/changes/100-new-schema-complete.xml','2025-08-21 15:37:06',12,'EXECUTED','9:e3fd803d5ee1d9b3319c156137cb483d','createTable tableName=reviews; addUniqueConstraint constraintName=unique_review, tableName=reviews; createIndex indexName=idx_review_course, tableName=reviews; addForeignKeyConstraint baseTableName=reviews, constraintName=fk_rev_user, referencedTa...','',NULL,'4.31.1',NULL,NULL,'5765418524'),('100-13','ktc','db/changelog/changes/100-new-schema-complete.xml','2025-08-21 15:37:07',13,'EXECUTED','9:cfaf9cb6b348a99ece00e009dcf5c0bb','createTable tableName=payments; createIndex indexName=idx_pay_user, tableName=payments; createIndex indexName=idx_pay_course, tableName=payments; createIndex indexName=idx_pay_status, tableName=payments; addForeignKeyConstraint baseTableName=payme...','',NULL,'4.31.1',NULL,NULL,'5765418524'),('100-14','ktc','db/changelog/changes/100-new-schema-complete.xml','2025-08-21 15:37:08',14,'EXECUTED','9:ffeaa838744f7748d9f27a88583c3fe7','createTable tableName=refunds; addUniqueConstraint constraintName=unique_refund_payment, tableName=refunds; createIndex indexName=idx_refund_status, tableName=refunds; addForeignKeyConstraint baseTableName=refunds, constraintName=fk_refund_payment...','',NULL,'4.31.1',NULL,NULL,'5765418524'),('100-15','ktc','db/changelog/changes/100-new-schema-complete.xml','2025-08-21 15:37:09',15,'EXECUTED','9:987f46f37624209e24654a576d72214f','createTable tableName=instructor_earnings; createIndex indexName=idx_earn_instructor, tableName=instructor_earnings; addUniqueConstraint constraintName=unique_earn_payment, tableName=instructor_earnings; createIndex indexName=idx_earn_status, tabl...','',NULL,'4.31.1',NULL,NULL,'5765418524'),('100-16','ktc','db/changelog/changes/100-new-schema-complete.xml','2025-08-21 15:37:09',16,'EXECUTED','9:82f5440b4a655c9cbe3feb98a6219daf','createTable tableName=instructor_applications; addUniqueConstraint constraintName=unique_app_user, tableName=instructor_applications; createIndex indexName=idx_app_status, tableName=instructor_applications; addForeignKeyConstraint baseTableName=in...','',NULL,'4.31.1',NULL,NULL,'5765418524'),('100-17','ktc','db/changelog/changes/100-new-schema-complete.xml','2025-08-21 15:37:09',17,'EXECUTED','9:8c1ef55257e581297762ecf351b9950c','createTable tableName=refresh_tokens; createIndex indexName=idx_rt_user, tableName=refresh_tokens; addForeignKeyConstraint baseTableName=refresh_tokens, constraintName=fk_rt_user, referencedTableName=users','',NULL,'4.31.1',NULL,NULL,'5765418524'),('100-18','ktc','db/changelog/changes/100-new-schema-complete.xml','2025-08-21 15:37:10',18,'EXECUTED','9:a4e8a27c038f1ae13d06bab846c79d09','createTable tableName=quiz_questions; createIndex indexName=idx_qq_lesson, tableName=quiz_questions; addForeignKeyConstraint baseTableName=quiz_questions, constraintName=fk_qq_lesson, referencedTableName=lessons','',NULL,'4.31.1',NULL,NULL,'5765418524'),('100-19','ktc','db/changelog/changes/100-new-schema-complete.xml','2025-08-21 15:37:10',19,'EXECUTED','9:c676d2a616a2df20d2f3f78fafac2c55','createTable tableName=quiz_results; addUniqueConstraint constraintName=unique_quiz_res, tableName=quiz_results; addForeignKeyConstraint baseTableName=quiz_results, constraintName=fk_qr_user, referencedTableName=users; addForeignKeyConstraint baseT...','',NULL,'4.31.1',NULL,NULL,'5765418524'),('100-20','ktc','db/changelog/changes/100-new-schema-complete.xml','2025-08-21 15:37:10',20,'EXECUTED','9:d6afff77f0d8e4f391052936461b0b58','createTable tableName=system_logs; createIndex indexName=idx_logs_user, tableName=system_logs; createIndex indexName=idx_logs_action, tableName=system_logs; createIndex indexName=idx_logs_created, tableName=system_logs; addForeignKeyConstraint bas...','',NULL,'4.31.1',NULL,NULL,'5765418524'),('101-seed-user-roles','ktc','db/changelog/changes/101-seed-user-roles.xml','2025-08-21 15:37:11',21,'EXECUTED','9:5df25f787dd8201958e88797b3a7d324','insert tableName=user_roles; insert tableName=user_roles; insert tableName=user_roles','',NULL,'4.31.1',NULL,NULL,'5765418524'),('102-seed-users','ktc','db/changelog/changes/102-seed-users.xml','2025-08-21 15:37:11',22,'EXECUTED','9:5795728a4ce6c281d569590dbcedeace','insert tableName=users; insert tableName=users; insert tableName=users; insert tableName=users; insert tableName=users; insert tableName=users; insert tableName=users; insert tableName=users; insert tableName=users; insert tableName=users; insert ...','',NULL,'4.31.1',NULL,NULL,'5765418524'),('103-seed-categories','ktc','db/changelog/changes/103-seed-categories.xml','2025-08-21 15:37:11',23,'EXECUTED','9:11976147cdd092affb4a46c66127d828','insert tableName=categories; insert tableName=categories; insert tableName=categories; insert tableName=categories; insert tableName=categories; insert tableName=categories; insert tableName=categories; insert tableName=categories; insert tableNam...','',NULL,'4.31.1',NULL,NULL,'5765418524'),('104-seed-courses','ktc','db/changelog/changes/104-seed-courses.xml','2025-08-21 15:37:11',24,'EXECUTED','9:ceb66ae6177900f97250bf5b56784963','insert tableName=courses; insert tableName=courses; insert tableName=courses; insert tableName=courses; insert tableName=courses; insert tableName=courses; insert tableName=courses; insert tableName=courses; insert tableName=courses; insert tableN...','',NULL,'4.31.1',NULL,NULL,'5765418524'),('105-seed-course-categories','ktc','db/changelog/changes/105-seed-course-categories.xml','2025-08-21 15:37:12',25,'EXECUTED','9:1d222a708f3113082c087c31ed77c991','insert tableName=course_categories; insert tableName=course_categories; insert tableName=course_categories; insert tableName=course_categories; insert tableName=course_categories; insert tableName=course_categories; insert tableName=course_categor...','',NULL,'4.31.1',NULL,NULL,'5765418524'),('106-seed-lesson-types','ktc','db/changelog/changes/106-seed-lesson-types.xml','2025-08-21 15:37:12',26,'EXECUTED','9:80c8d9817e49ba6b2f524ab72a84a160','insert tableName=lesson_types; insert tableName=lesson_types','',NULL,'4.31.1',NULL,NULL,'5765418524'),('107-seed-video-contents','ktc','db/changelog/changes/107-seed-video-contents.xml','2025-08-21 15:37:12',27,'EXECUTED','9:f0dde47ec9ca61808005f490ba7a0dd9','insert tableName=video_contents; insert tableName=video_contents; insert tableName=video_contents; insert tableName=video_contents; insert tableName=video_contents; insert tableName=video_contents; insert tableName=video_contents; insert tableName...','',NULL,'4.31.1',NULL,NULL,'5765418524'),('108-seed-sections','ktc','db/changelog/changes/108-seed-sections.xml','2025-08-21 15:37:12',28,'EXECUTED','9:d911f567f9e8fc54c642e0b1546fd6f3','insert tableName=sections; insert tableName=sections; insert tableName=sections; insert tableName=sections; insert tableName=sections; insert tableName=sections; insert tableName=sections; insert tableName=sections; insert tableName=sections; inse...','',NULL,'4.31.1',NULL,NULL,'5765418524'),('109-seed-lessons','ktc','db/changelog/changes/109-seed-lessons.xml','2025-08-21 15:37:12',29,'EXECUTED','9:1b6ea488f4f364a7213e59627d2e1ee4','insert tableName=lessons; insert tableName=lessons; insert tableName=lessons; insert tableName=lessons; insert tableName=lessons; insert tableName=lessons; insert tableName=lessons; insert tableName=lessons; insert tableName=lessons; insert tableN...','',NULL,'4.31.1',NULL,NULL,'5765418524'),('110-seed-enrollments','ktc','db/changelog/changes/110-seed-enrollments.xml','2025-08-21 15:37:13',30,'EXECUTED','9:df78e1e2ed4c4b8a61282e977685f8ca','insert tableName=enrollments; insert tableName=enrollments; insert tableName=enrollments; insert tableName=enrollments; insert tableName=enrollments; insert tableName=enrollments; insert tableName=enrollments; insert tableName=enrollments; insert ...','',NULL,'4.31.1',NULL,NULL,'5765418524'),('111-seed-lesson-completions','ktc','db/changelog/changes/111-seed-lesson-completions.xml','2025-08-21 15:37:13',31,'EXECUTED','9:7835edcb614f63129b143ca4d3fb6062','insert tableName=lesson_completions; insert tableName=lesson_completions; insert tableName=lesson_completions; insert tableName=lesson_completions; insert tableName=lesson_completions; insert tableName=lesson_completions; insert tableName=lesson_c...','',NULL,'4.31.1',NULL,NULL,'5765418524'),('112-seed-quiz-questions','ktc','db/changelog/changes/112-seed-quiz-questions.xml','2025-08-21 15:37:15',32,'EXECUTED','9:32199a993fb8c6d73b5be2f03c33d33a','insert tableName=quiz_questions; insert tableName=quiz_questions; insert tableName=quiz_questions; insert tableName=quiz_questions; insert tableName=quiz_questions; insert tableName=quiz_questions; insert tableName=quiz_questions; insert tableName...','',NULL,'4.31.1',NULL,NULL,'5765418524'),('113-seed-reviews','ktc','db/changelog/changes/113-seed-reviews.xml','2025-08-21 15:37:16',33,'EXECUTED','9:bd7dfc1fb63535a3fe46c09619b35e19','insert tableName=reviews; insert tableName=reviews; insert tableName=reviews; insert tableName=reviews; insert tableName=reviews; insert tableName=reviews; insert tableName=reviews; insert tableName=reviews; insert tableName=reviews; insert tableN...','',NULL,'4.31.1',NULL,NULL,'5765418524'),('119-seed-quiz-results','ktc','db/changelog/changes/119-seed-quiz-results.xml','2025-08-21 15:37:17',34,'EXECUTED','9:cf0dd69775b5adbc9a4414f428019df0','insert tableName=quiz_results; insert tableName=quiz_results; insert tableName=quiz_results; insert tableName=quiz_results; insert tableName=quiz_results; insert tableName=quiz_results; insert tableName=quiz_results; insert tableName=quiz_results;...','',NULL,'4.31.1',NULL,NULL,'5765418524'),('114-seed-payments','ktc','db/changelog/changes/114-seed-payments.xml','2025-08-21 15:37:17',35,'EXECUTED','9:78ec69873cab6ae76cfda7dce4c87560','insert tableName=payments; insert tableName=payments; insert tableName=payments; insert tableName=payments; insert tableName=payments; insert tableName=payments; insert tableName=payments; insert tableName=payments; insert tableName=payments; inse...','',NULL,'4.31.1',NULL,NULL,'5765418524'),('115-seed-instructor-earnings','ktc','db/changelog/changes/115-seed-instructor-earnings.xml','2025-08-21 15:37:17',36,'EXECUTED','9:dd013f30838c0a9eb622ae5c56f39fc3','insert tableName=instructor_earnings; insert tableName=instructor_earnings; insert tableName=instructor_earnings; insert tableName=instructor_earnings; insert tableName=instructor_earnings; insert tableName=instructor_earnings; insert tableName=in...','',NULL,'4.31.1',NULL,NULL,'5765418524'),('116-seed-refunds','ktc','db/changelog/changes/116-seed-refunds.xml','2025-08-21 15:37:18',37,'EXECUTED','9:8652fdd006c51ea9bfb2f6d13eb932a4','insert tableName=refunds; insert tableName=refunds; insert tableName=refunds; insert tableName=refunds; insert tableName=refunds; insert tableName=refunds; insert tableName=refunds; insert tableName=refunds; insert tableName=refunds; insert tableN...','',NULL,'4.31.1',NULL,NULL,'5765418524'),('117-seed-instructor-applications','ktc','db/changelog/changes/117-seed-instructor-applications.xml','2025-08-21 15:37:18',38,'EXECUTED','9:358ba8c3d34f9252d299ab983075d5cf','insert tableName=instructor_applications; insert tableName=instructor_applications; insert tableName=instructor_applications; insert tableName=instructor_applications; insert tableName=instructor_applications; insert tableName=instructor_applicati...','',NULL,'4.31.1',NULL,NULL,'5765418524'),('118-seed-refresh-tokens','ktc','db/changelog/changes/118-seed-refresh-tokens.xml','2025-08-21 15:37:18',39,'EXECUTED','9:4660f0bb58b1149d913cfb68c228b891','insert tableName=refresh_tokens; insert tableName=refresh_tokens; insert tableName=refresh_tokens; insert tableName=refresh_tokens; insert tableName=refresh_tokens; insert tableName=refresh_tokens; insert tableName=refresh_tokens; insert tableName...','',NULL,'4.31.1',NULL,NULL,'5765418524'),('120-seed-system-logs','ktc','db/changelog/changes/120-seed-system-logs.xml','2025-08-21 15:37:19',40,'EXECUTED','9:40226f22fe0fc7c0f7718b6a199f48f3','insert tableName=system_logs; insert tableName=system_logs; insert tableName=system_logs; insert tableName=system_logs; insert tableName=system_logs; insert tableName=system_logs; insert tableName=system_logs; insert tableName=system_logs; insert ...','',NULL,'4.31.1',NULL,NULL,'5765418524'),('121-update-system-logs-actions','ktc','db/changelog/changes/121-update-system-logs-actions.xml','2025-08-21 15:37:19',41,'EXECUTED','9:deee25fdff645dd84d884f62a58876e7','sql; modifyDataType columnName=action, tableName=system_logs','',NULL,'4.31.1',NULL,NULL,'5765418524'),('122-seed-more-courses','ktc','db/changelog/changes/122-seed-more-courses.xml','2025-08-21 15:37:20',42,'EXECUTED','9:abf36bd956557562a96a51ae4cedd080','insert tableName=courses; insert tableName=courses; insert tableName=courses; insert tableName=courses; insert tableName=courses; insert tableName=sections; insert tableName=sections; insert tableName=sections; insert tableName=video_contents; ins...','',NULL,'4.31.1',NULL,NULL,'5765418524'),('123-seed-more-course-categories','ktc','db/changelog/changes/123-seed-more-course-categories.xml','2025-08-21 15:37:20',43,'EXECUTED','9:768c75fe82ef58cd3b91c52d91db4b64','insert tableName=course_categories; insert tableName=course_categories; insert tableName=course_categories; insert tableName=course_categories; insert tableName=course_categories','',NULL,'4.31.1',NULL,NULL,'5765418524'),('124-add-system-user','ktc','db/changelog/changes/124-add-system-user.xml','2025-08-21 15:37:20',44,'EXECUTED','9:3fe5ab6e5975078d8a8f7703292f4c52','insert tableName=users','',NULL,'4.31.1',NULL,NULL,'5765418524'),('125-seed-quiz-questions-results','ktc','db/changelog/changes/125-seed-quiz-questions-results.xml','2025-08-21 15:37:20',45,'EXECUTED','9:0a2d471b606f15239945a3c108189afe','insert tableName=quiz_questions; insert tableName=quiz_questions; insert tableName=quiz_questions; insert tableName=quiz_results','',NULL,'4.31.1',NULL,NULL,'5765418524'),('126-fix-quiz-results-question-ids','ktc','db/changelog/changes/126-fix-quiz-results-question-ids.xml','2025-08-21 15:37:20',46,'EXECUTED','9:bcbbea9acfe847ff601242f95e79946c','update tableName=quiz_results; update tableName=quiz_results; delete tableName=quiz_results; insert tableName=quiz_results; insert tableName=quiz_results; insert tableName=quiz_results','',NULL,'4.31.1',NULL,NULL,'5765418524'),('127-add-course-review-status-table','ktc','db/changelog/changes/127-add-course-review-status-table.xml','2025-08-21 15:37:21',47,'EXECUTED','9:2d25f68d1e1ac219692f511fce6e8251','createTable tableName=course_review_status; addForeignKeyConstraint baseTableName=course_review_status, constraintName=fk_course_review_course, referencedTableName=courses; createIndex indexName=idx_course_review_status_course_id, tableName=course...','',NULL,'4.31.1',NULL,NULL,'5765418524'),('128-seed-course-review-status','ktc','db/changelog/changes/128-seed-course-review-status.xml','2025-08-21 15:37:21',48,'EXECUTED','9:798f0c20021939ab585b1c5d05e71ab9','insert tableName=course_review_status; insert tableName=course_review_status; insert tableName=course_review_status; insert tableName=course_review_status; insert tableName=course_review_status_history; insert tableName=course_review_status_histor...','',NULL,'4.31.1',NULL,NULL,'5765418524'),('129-add-password-reset-tokens-table','ktc','db/changelog/changes/129-add-password-reset-tokens-table.xml','2025-08-21 15:37:22',49,'EXECUTED','9:eaa2a5fa024257521d615e1c1e158777','createTable tableName=password_reset_tokens; addForeignKeyConstraint baseTableName=password_reset_tokens, constraintName=fk_password_reset_user, referencedTableName=users; createIndex indexName=idx_password_reset_user_id, tableName=password_reset_...','Create password_reset_tokens table for OTP-based password reset functionality',NULL,'4.31.1',NULL,NULL,'5765418524'),('130-create-comments-table','ktc','db/changelog/changes/130-create-comments-table.xml','2025-08-21 15:37:22',50,'EXECUTED','9:0563890a05cfabac4edc2284a64f4a22','createTable tableName=comments','',NULL,'4.31.1',NULL,NULL,'5765418524'),('130-add-comments-foreign-keys','ktc','db/changelog/changes/130-create-comments-table.xml','2025-08-21 15:37:22',51,'EXECUTED','9:7450e95a7899f3ac9c8be443d7dbfd18','addForeignKeyConstraint baseTableName=comments, constraintName=fk_comments_lesson, referencedTableName=lessons; addForeignKeyConstraint baseTableName=comments, constraintName=fk_comments_user, referencedTableName=users; addForeignKeyConstraint bas...','',NULL,'4.31.1',NULL,NULL,'5765418524'),('130-add-comments-indexes','ktc','db/changelog/changes/130-create-comments-table.xml','2025-08-21 15:37:23',52,'EXECUTED','9:3ee8770c2b8f485c3b133812add4b006','createIndex indexName=idx_comment_lesson_created, tableName=comments; createIndex indexName=idx_comment_parent, tableName=comments; createIndex indexName=idx_comment_user_deleted, tableName=comments; createIndex indexName=idx_comment_depth, tableN...','',NULL,'4.31.1',NULL,NULL,'5765418524'),('130-add-comments-constraints','ktc','db/changelog/changes/130-create-comments-table.xml','2025-08-21 15:37:23',53,'EXECUTED','9:ea0cfa5d9cb0f38e2542bfbdb4f24bcf','sql; sql','',NULL,'4.31.1',NULL,NULL,'5765418524'),('131-seed-comments','ktc','db/changelog/changes/131-seed-comments.xml','2025-08-21 15:37:23',54,'EXECUTED','9:d5b4b755b4b8776e640f25f607da8fd4','insert tableName=comments; insert tableName=comments; insert tableName=comments; insert tableName=comments; insert tableName=comments; insert tableName=comments; insert tableName=comments; insert tableName=comments; insert tableName=comments; inse...','',NULL,'4.31.1',NULL,NULL,'5765418524'),('132-allow-nullable-course-review-status','ktc','db/changelog/changes/132-allow-nullable-course-review-status.xml','2025-08-21 15:37:24',55,'EXECUTED','9:24b8cd0d78eaeb7c1f40f8bf8a07e897','modifyDataType columnName=status, tableName=course_review_status; dropNotNullConstraint columnName=status, tableName=course_review_status','',NULL,'4.31.1',NULL,NULL,'5765418524'),('133-drop-existing-comments-table','ktc','db/changelog/changes/133-create-nested-comments-table.xml','2025-08-21 15:37:24',56,'EXECUTED','9:54c0863433f2cc79ac25cd82af68af9a','dropTable tableName=comments','',NULL,'4.31.1',NULL,NULL,'5765418524'),('133-create-nested-comments-table','ktc','db/changelog/changes/133-create-nested-comments-table.xml','2025-08-21 15:37:24',57,'EXECUTED','9:e70ab7c7c0effddd5c8bb1ab33a38159','createTable tableName=comments','',NULL,'4.31.1',NULL,NULL,'5765418524'),('133-add-nested-comments-foreign-keys','ktc','db/changelog/changes/133-create-nested-comments-table.xml','2025-08-21 15:37:24',58,'EXECUTED','9:188c0864db3ec11e7812be03cfbccf67','addForeignKeyConstraint baseTableName=comments, constraintName=fk_nested_comments_lesson, referencedTableName=lessons; addForeignKeyConstraint baseTableName=comments, constraintName=fk_nested_comments_user, referencedTableName=users; addForeignKey...','',NULL,'4.31.1',NULL,NULL,'5765418524'),('133-add-nested-comments-indexes','ktc','db/changelog/changes/133-create-nested-comments-table.xml','2025-08-21 15:37:24',59,'EXECUTED','9:f25db5cde1d22f5557d5f8f2a899a373','createIndex indexName=idx_nested_comment_lesson_lft, tableName=comments; createIndex indexName=idx_nested_comment_lft_rgt, tableName=comments; createIndex indexName=idx_nested_comment_parent_lft, tableName=comments; createIndex indexName=idx_neste...','',NULL,'4.31.1',NULL,NULL,'5765418524'),('133-add-nested-comments-constraints','ktc','db/changelog/changes/133-create-nested-comments-table.xml','2025-08-21 15:37:25',60,'EXECUTED','9:abcac3d18d43a4f7e824f26f71da7601','sql; sql; sql; sql; sql','',NULL,'4.31.1',NULL,NULL,'5765418524'),('134-seed-nested-comments','ktc','db/changelog/changes/134-seed-nested-comments.xml','2025-08-21 15:37:25',61,'EXECUTED','9:a8cfffa8595a5e0f3062f4cef6b4da78','insert tableName=comments; insert tableName=comments; insert tableName=comments; insert tableName=comments; insert tableName=comments; insert tableName=comments; insert tableName=comments; insert tableName=comments; insert tableName=comments; inse...','',NULL,'4.31.1',NULL,NULL,'5765418524'),('135-1','ktc','db/changelog/changes/135-add-permission-system.xml','2025-08-21 15:37:26',62,'EXECUTED','9:fb2a7ef85988bf6031d13cc477b882c2','createTable tableName=filter_types; createTable tableName=resources; addForeignKeyConstraint baseTableName=resources, constraintName=fk_resources_parent, referencedTableName=resources; createIndex indexName=idx_resources_path, tableName=resources','',NULL,'4.31.1',NULL,NULL,'5765418524'),('135-2','system','db/changelog/changes/135-add-permission-system.xml','2025-08-21 15:37:26',63,'EXECUTED','9:5754e7f102ac9655882e27795b981ac6','createTable tableName=actions; createIndex indexName=idx_actions_type, tableName=actions','',NULL,'4.31.1',NULL,NULL,'5765418524'),('135-3','system','db/changelog/changes/135-add-permission-system.xml','2025-08-21 15:37:26',64,'EXECUTED','9:e66573f350d917ccc12c3c80a2fc9d7a','createTable tableName=permissions; addForeignKeyConstraint baseTableName=permissions, constraintName=fk_permissions_resource, referencedTableName=resources; addForeignKeyConstraint baseTableName=permissions, constraintName=fk_permissions_action, r...','',NULL,'4.31.1',NULL,NULL,'5765418524'),('135-4','system','db/changelog/changes/135-add-permission-system.xml','2025-08-21 15:37:27',65,'EXECUTED','9:53737d53548b379de4b36ec304ec0d0e','createTable tableName=role_permissions; addForeignKeyConstraint baseTableName=role_permissions, constraintName=fk_role_permissions_role, referencedTableName=user_roles; addForeignKeyConstraint baseTableName=role_permissions, constraintName=fk_role...','',NULL,'4.31.1',NULL,NULL,'5765418524'),('136-1','system','db/changelog/changes/136-seed-permission-system.xml','2025-08-21 15:37:28',66,'EXECUTED','9:191be35f2a76bd5a9eb4741af06250a6','insert tableName=filter_types; insert tableName=filter_types; insert tableName=resources; insert tableName=resources; insert tableName=resources; insert tableName=resources; insert tableName=resources; insert tableName=resources; insert tableName=...','',NULL,'4.31.1',NULL,NULL,'5765418524'),('136-2','system','db/changelog/changes/136-seed-permission-system.xml','2025-08-21 15:37:30',67,'EXECUTED','9:6de7d0254d4c7a9b755624aaf30c0ccd','insert tableName=actions; insert tableName=actions; insert tableName=actions; insert tableName=actions; insert tableName=actions; insert tableName=actions; insert tableName=actions; insert tableName=actions','',NULL,'4.31.1',NULL,NULL,'5765418524'),('136-3','system','db/changelog/changes/136-seed-permission-system.xml','2025-08-21 15:37:30',68,'EXECUTED','9:f8573d454a07e268c31f323161f89b79','insert tableName=permissions; insert tableName=permissions; insert tableName=permissions; insert tableName=permissions; insert tableName=permissions; insert tableName=permissions; insert tableName=permissions; insert tableName=permissions; insert ...','',NULL,'4.31.1',NULL,NULL,'5765418524'),('136-4','system','db/changelog/changes/136-seed-permission-system.xml','2025-08-21 15:37:31',69,'EXECUTED','9:c704d44b6a04869228fd95c0e61a5890','insert tableName=permissions; insert tableName=permissions; insert tableName=permissions; insert tableName=permissions; insert tableName=permissions; insert tableName=permissions; insert tableName=permissions; insert tableName=permissions; insert ...','',NULL,'4.31.1',NULL,NULL,'5765418524'),('136-5','system','db/changelog/changes/136-seed-permission-system.xml','2025-08-21 15:37:31',70,'EXECUTED','9:658a64db5445681b800e46792c4f44f9','insert tableName=permissions; insert tableName=permissions; insert tableName=permissions; insert tableName=permissions; insert tableName=permissions; insert tableName=permissions; insert tableName=permissions; insert tableName=permissions; insert ...','',NULL,'4.31.1',NULL,NULL,'5765418524'),('136-6','system','db/changelog/changes/136-seed-permission-system.xml','2025-08-21 15:37:31',71,'EXECUTED','9:6706a2020597a1fff843e5aa880f2387','insert tableName=permissions; insert tableName=permissions; insert tableName=permissions; insert tableName=permissions; insert tableName=permissions; insert tableName=permissions; insert tableName=permissions; insert tableName=permissions; insert ...','',NULL,'4.31.1',NULL,NULL,'5765418524'),('138-1-v2','ktc','db/changelog/changes/136-seed-permission-system.xml','2025-08-21 15:37:31',72,'EXECUTED','9:73beb4964b6fa63905a9326e1eef89b2','sql; insert tableName=permissions; insert tableName=role_permissions','',NULL,'4.31.1',NULL,NULL,'5765418524'),('137-1-v2','system','db/changelog/changes/137-seed-role-permissions.xml','2025-08-21 15:37:31',73,'EXECUTED','9:5acc2cbb7b858d1eb5dd4482a27b032b','sql; insert tableName=role_permissions; insert tableName=role_permissions; insert tableName=role_permissions; insert tableName=role_permissions; insert tableName=role_permissions; insert tableName=role_permissions; insert tableName=role_permission...','',NULL,'4.31.1',NULL,NULL,'5765418524'),('137-2-v2','system','db/changelog/changes/137-seed-role-permissions.xml','2025-08-21 15:37:32',74,'EXECUTED','9:5c5d2cf131bc42ec2c44f57ea756ebd3','sql; insert tableName=role_permissions; insert tableName=role_permissions; insert tableName=role_permissions; insert tableName=role_permissions; insert tableName=role_permissions; insert tableName=role_permissions; insert tableName=role_permission...','',NULL,'4.31.1',NULL,NULL,'5765418524'),('137-3-v2','system','db/changelog/changes/137-seed-role-permissions.xml','2025-08-21 15:37:32',75,'EXECUTED','9:92a0d1a7c2586bc1fa180fa3fde0ad2f','sql; insert tableName=role_permissions; insert tableName=role_permissions; insert tableName=role_permissions; insert tableName=role_permissions; insert tableName=role_permissions; insert tableName=role_permissions; insert tableName=role_permission...','',NULL,'4.31.1',NULL,NULL,'5765418524'),('137-4','system','db/changelog/changes/137-seed-role-permissions.xml','2025-08-21 15:37:33',76,'EXECUTED','9:91e5515b652b3992ec221de6b15c0dbe','sql; insert tableName=role_permissions; insert tableName=role_permissions; insert tableName=role_permissions; insert tableName=role_permissions; insert tableName=role_permissions; insert tableName=role_permissions; insert tableName=role_permission...','',NULL,'4.31.1',NULL,NULL,'5765418524'),('140-1','ktc','db/changelog/changes/139-add-permission-role.xml','2025-08-21 15:37:33',77,'EXECUTED','9:eb745cb81ee1c2e245ff772995540084','createTable tableName=permission_role_assign_rules; addForeignKeyConstraint baseTableName=permission_role_assign_rules, constraintName=fk_permission_role_assign_rule_role, referencedTableName=user_roles; addForeignKeyConstraint baseTableName=permi...','',NULL,'4.31.1',NULL,NULL,'5765418524'),('140-2','ktc','db/changelog/changes/139-add-permission-role.xml','2025-08-21 15:37:34',78,'EXECUTED','9:af9ad16e897e612d4c08b1b3b9a25a24','sql; insert tableName=permission_role_assign_rules; insert tableName=permission_role_assign_rules; insert tableName=permission_role_assign_rules; insert tableName=permission_role_assign_rules; insert tableName=permission_role_assign_rules; insert ...','',NULL,'4.31.1',NULL,NULL,'5765418524'),('145-add-paid-out-at-to-payments','system','db/changelog/changes/145-add-paid-out-at-to-payments.xml','2025-08-21 15:37:34',79,'EXECUTED','9:421013c697e357051204495265669331','addColumn tableName=payments','',NULL,'4.31.1',NULL,NULL,'5765418524'),('146-add-rejected-reason-to-refunds','system','db/changelog/changes/146-add-rejected-reason-to-refunds.xml','2025-08-21 15:37:34',80,'EXECUTED','9:de12eca3e1d6ebf1e271495e8a195ec6','addColumn tableName=refunds','',NULL,'4.31.1',NULL,NULL,'5765418524'),('147-update-student-role-permissions','system','db/changelog/changes/147-update-student-role-permissions.xml','2025-08-23 19:52:20',81,'EXECUTED','9:3dc85945df3f6516ad6b39086dba30a6','update tableName=role_permissions','',NULL,'4.31.1',NULL,NULL,'5953535374'),('148-add-permission-paidout','system','db/changelog/changes/148-add-permission-paidout.xml','2025-08-26 13:15:10',82,'EXECUTED','9:5baaacf58327e375429465dced277c7d','sql; insert tableName=actions; insert tableName=permissions; insert tableName=role_permissions','',NULL,'4.31.1',NULL,NULL,'6188907513'),('149-chat-message-table','system','db/changelog/changes/149-chat-message-table.xml','2025-08-27 08:51:59',83,'EXECUTED','9:7c3c120ff8bc2b8b78535e0f495b4adc','createTable tableName=chat_message_types; insert tableName=chat_message_types; insert tableName=chat_message_types; insert tableName=chat_message_types; insert tableName=chat_message_types; createTable tableName=chat_messages; addForeignKeyConstra...','',NULL,'4.31.1',NULL,NULL,'6259507860'),('150-seed-chat-messages','ktc','db/changelog/changes/150-seed-chat-messages.xml','2025-08-27 08:52:02',84,'EXECUTED','9:4ba023158c286c6321d42a933f1faac0','insert tableName=chat_messages; insert tableName=chat_message_texts; insert tableName=chat_messages; insert tableName=chat_message_texts; insert tableName=chat_messages; insert tableName=chat_message_texts; insert tableName=chat_messages; insert t...','',NULL,'4.31.1',NULL,NULL,'6259507860'),('151-add-description-to-user-roles','system','db/changelog/changes/151-add-description-to-user-roles.xml','2025-08-27 14:49:08',85,'EXECUTED','9:9cf06c1f32cf3b222c87f0c807ed1276','addColumn tableName=user_roles; update tableName=user_roles; update tableName=user_roles; update tableName=user_roles','Add description column to user_roles table',NULL,'4.31.1',NULL,NULL,'6280947850'),('151','ktc','db/changelog/changes/151-remove-uniqueconstraints-userid.xml','2025-08-27 16:32:24',86,'EXECUTED','9:b105f7a313c92d1d8c5488072b8d0731','dropForeignKeyConstraint baseTableName=instructor_applications, constraintName=fk_app_user; dropUniqueConstraint constraintName=unique_app_user, tableName=instructor_applications; addForeignKeyConstraint baseTableName=instructor_applications, cons...','',NULL,'4.31.1',NULL,NULL,'6287136740'),('152-1','ktc','db/changelog/changes/152-add-role-resource-permissions.xml','2025-08-28 13:18:42',87,'EXECUTED','9:b403d4f675f0f96493dc5a9ecb11eac2','insert tableName=resources; insert tableName=permissions; insert tableName=permissions; insert tableName=permissions; insert tableName=permissions','',NULL,'4.31.1',NULL,NULL,'6361916305'),('152-2','ktc','db/changelog/changes/152-add-role-resource-permissions.xml','2025-08-28 13:18:43',88,'EXECUTED','9:db5010265cf20d9546842200bccaeebf','sql; insert tableName=role_permissions; insert tableName=role_permissions; insert tableName=role_permissions; insert tableName=role_permissions','',NULL,'4.31.1',NULL,NULL,'6361916305'),('153-1','ktc','db/changelog/changes/153-remove-role-resource-permissions.xml','2025-08-28 13:18:43',89,'EXECUTED','9:8ddb647add956c10fbdbcd993928639e','delete tableName=role_permissions; delete tableName=role_permissions; delete tableName=role_permissions; delete tableName=role_permissions','',NULL,'4.31.1',NULL,NULL,'6361916305'),('153-2','ktc','db/changelog/changes/153-remove-role-resource-permissions.xml','2025-08-28 13:18:43',90,'EXECUTED','9:7e225651241955d50f139d2dd1b989f7','delete tableName=permissions; delete tableName=permissions; delete tableName=permissions; delete tableName=permissions','',NULL,'4.31.1',NULL,NULL,'6361916305'),('153-3','ktc','db/changelog/changes/153-remove-role-resource-permissions.xml','2025-08-28 13:18:43',91,'EXECUTED','9:b4083ef2d49915de588fef44351b7d7f','delete tableName=resources','',NULL,'4.31.1',NULL,NULL,'6361916305'),('151-01-create-certificates-table','ktc','db/changelog/changes/151-add-certificate-table.xml','2025-09-04 08:38:54',92,'EXECUTED','9:ee178fa66498dbd8ee784c084193d29c','createTable tableName=certificates; createIndex indexName=idx_cert_user, tableName=certificates; createIndex indexName=idx_cert_course, tableName=certificates; createIndex indexName=idx_cert_code, tableName=certificates; addForeignKeyConstraint ba...','',NULL,'4.31.1',NULL,NULL,'6949932938'),('151-02-seed-certificates','ktc','db/changelog/changes/151-add-certificate-table.xml','2025-09-04 08:38:55',93,'EXECUTED','9:c512f2351410c2ffcc044de4b2d64f7f','insert tableName=certificates; insert tableName=certificates; insert tableName=certificates; insert tableName=certificates; insert tableName=certificates','',NULL,'4.31.1',NULL,NULL,'6949932938'),('154-01','ktc','db/changelog/changes/154-add-discount-table.xml','2025-09-08 09:23:55',94,'EXECUTED','9:1371b1d2b25f654642f908c1c82ec340','createTable tableName=discounts; createIndex indexName=idx_discount_type_active, tableName=discounts; createIndex indexName=idx_discount_code, tableName=discounts; addForeignKeyConstraint baseTableName=discounts, constraintName=fk_discount_owner_u...','',NULL,'4.31.1',NULL,NULL,'7298229173'),('154-02','ktc','db/changelog/changes/154-add-discount-table.xml','2025-09-08 09:23:56',95,'EXECUTED','9:e59aa04e3e32e9f394db442f4a137410','createTable tableName=discount_usages; addForeignKeyConstraint baseTableName=discount_usages, constraintName=fk_discount_usage_discount, referencedTableName=discounts; addForeignKeyConstraint baseTableName=discount_usages, constraintName=fk_discou...','',NULL,'4.31.1',NULL,NULL,'7298229173'),('154-03','ktc','db/changelog/changes/154-add-discount-table.xml','2025-09-08 09:23:57',96,'EXECUTED','9:f41ad5774b5dc24f3b090923ef3a2566','createTable tableName=affiliate_payouts; addForeignKeyConstraint baseTableName=affiliate_payouts, constraintName=fk_affiliate_payout_user, referencedTableName=users; addForeignKeyConstraint baseTableName=affiliate_payouts, constraintName=fk_affili...','',NULL,'4.31.1',NULL,NULL,'7298229173'),('154-04','ktc','db/changelog/changes/154-add-discount-table.xml','2025-09-08 09:23:57',97,'EXECUTED','9:a4b34c0f45173ed1bc6f311912a651c3','insert tableName=discounts; insert tableName=discounts; insert tableName=discounts; insert tableName=discounts','',NULL,'4.31.1',NULL,NULL,'7298229173'),('155-01','ktc','db/changelog/changes/155-seed-discount.xml','2025-09-08 09:23:57',98,'EXECUTED','9:91fcdee29b304fdfb84fdc6701d4b426','insert tableName=discounts; insert tableName=discounts; insert tableName=discounts; insert tableName=discounts; insert tableName=discounts; insert tableName=discounts','',NULL,'4.31.1',NULL,NULL,'7298229173'),('155-02','ktc','db/changelog/changes/155-seed-discount.xml','2025-09-08 09:23:57',99,'EXECUTED','9:17c3ccc3c0387abc2eb9f74f435d00a7','insert tableName=discount_usages; insert tableName=discount_usages; insert tableName=discount_usages; insert tableName=discount_usages; insert tableName=discount_usages; insert tableName=discount_usages; insert tableName=discount_usages; insert ta...','',NULL,'4.31.1',NULL,NULL,'7298229173'),('155-03','ktc','db/changelog/changes/155-seed-discount.xml','2025-09-08 09:23:58',100,'EXECUTED','9:da834dbb9b51659f0afb5c64f899740e','insert tableName=affiliate_payouts; insert tableName=affiliate_payouts; insert tableName=affiliate_payouts; insert tableName=affiliate_payouts; insert tableName=affiliate_payouts; insert tableName=affiliate_payouts; insert tableName=affiliate_payo...','',NULL,'4.31.1',NULL,NULL,'7298229173'),('156-01','ktc','db/changelog/changes/156-update-affiliate_payouts.xml','2025-09-11 09:44:11',101,'EXECUTED','9:fa647a2cc738becf46ab1839cb7474f0','update tableName=affiliate_payouts; update tableName=affiliate_payouts; update tableName=affiliate_payouts; update tableName=affiliate_payouts; update tableName=affiliate_payouts','',NULL,'4.31.1',NULL,NULL,'7558641386'),('157-01','ktc','db/changelog/changes/157-add-notification-table.xml','2025-09-11 09:44:12',102,'EXECUTED','9:03b627409195cb16d6e2a2483cc6353e','createTable tableName=notifications; addForeignKeyConstraint baseTableName=notifications, constraintName=fk_notification_user, referencedTableName=users; addForeignKeyConstraint baseTableName=notifications, constraintName=fk_notification_resource,...','',NULL,'4.31.1',NULL,NULL,'7558641386'),('158-seed-notification','system','db/changelog/changes/158-seed-notification.xml','2025-09-11 09:44:13',103,'EXECUTED','9:c01894ff25bc50b6888e4dac6441e7c6','insert tableName=notifications; insert tableName=notifications; insert tableName=notifications; insert tableName=notifications; insert tableName=notifications; insert tableName=notifications; insert tableName=notifications; insert tableName=notifi...','',NULL,'4.31.1',NULL,NULL,'7558641386'),('155-04','ktc','db/changelog/changes/155-seed-discount.xml','2025-09-11 13:43:32',104,'EXECUTED',NULL,'insert tableName=discounts; insert tableName=discounts; insert tableName=discount_usages; insert tableName=discount_usages; insert tableName=discount_usages; insert tableName=discount_usages; insert tableName=affiliate_payouts; insert tableName=af...','',NULL,'4.31.1',NULL,NULL,'7573011684'),('159-01','ktc','db/changelog/changes/159-seed-discount-user-002.xml','2025-09-11 17:35:04',105,'MARK_RAN','9:3a9cc2aa6cfc89b750df392f6b63da88','insert tableName=discounts; insert tableName=discounts; insert tableName=discount_usages; insert tableName=discount_usages; insert tableName=discount_usages; insert tableName=discount_usages; insert tableName=affiliate_payouts; insert tableName=af...','',NULL,'4.31.1',NULL,NULL,'7586901923'),('160-add-is-deleted-instructor-applications','system','db/changelog/changes/160-add-is-deleted-instructor-applications.xml','2025-09-20 00:03:11',106,'MARK_RAN','9:2fb05a1ccb6e1b7dfdee87e7fd9038b7','addColumn tableName=instructor_applications','',NULL,'4.31.1',NULL,NULL,'8301389121');
/*!40000 ALTER TABLE `databasechangelog` ENABLE KEYS */;

--
-- Table structure for table `databasechangeloglock`
--

DROP TABLE IF EXISTS `databasechangeloglock`;
/*!40101 SET @saved_cs_client     = @@character_set_client */;
/*!50503 SET character_set_client = utf8mb4 */;
CREATE TABLE `databasechangeloglock` (
  `ID` int NOT NULL,
  `LOCKED` tinyint NOT NULL,
  `LOCKGRANTED` datetime DEFAULT NULL,
  `LOCKEDBY` varchar(255) DEFAULT NULL,
  PRIMARY KEY (`ID`)
) ENGINE=InnoDB DEFAULT CHARSET=utf8mb4 COLLATE=utf8mb4_0900_ai_ci;
/*!40101 SET character_set_client = @saved_cs_client */;

--
-- Dumping data for table `databasechangeloglock`
--

/*!40000 ALTER TABLE `databasechangeloglock` DISABLE KEYS */;
INSERT INTO `databasechangeloglock` VALUES (1,0,NULL,NULL);
/*!40000 ALTER TABLE `databasechangeloglock` ENABLE KEYS */;

--
-- Table structure for table `discount_usages`
--

DROP TABLE IF EXISTS `discount_usages`;
/*!40101 SET @saved_cs_client     = @@character_set_client */;
/*!50503 SET character_set_client = utf8mb4 */;
CREATE TABLE `discount_usages` (
  `id` varchar(36) NOT NULL,
  `discount_id` varchar(36) NOT NULL,
  `user_id` varchar(36) NOT NULL,
  `course_id` varchar(36) NOT NULL,
  `referred_by_user_id` varchar(36) DEFAULT NULL,
  `used_at` timestamp NULL DEFAULT CURRENT_TIMESTAMP,
  `discount_percent` decimal(4,2) NOT NULL,
  `discount_amount` decimal(10,2) NOT NULL,
  PRIMARY KEY (`id`),
  KEY `fk_discount_usage_discount` (`discount_id`),
  KEY `fk_discount_usage_referrer` (`referred_by_user_id`),
  KEY `idx_discount_usage_user_discount` (`user_id`,`discount_id`),
  KEY `idx_discount_usage_course` (`course_id`),
  CONSTRAINT `fk_discount_usage_course` FOREIGN KEY (`course_id`) REFERENCES `courses` (`id`) ON DELETE RESTRICT,
  CONSTRAINT `fk_discount_usage_discount` FOREIGN KEY (`discount_id`) REFERENCES `discounts` (`id`) ON DELETE RESTRICT,
  CONSTRAINT `fk_discount_usage_referrer` FOREIGN KEY (`referred_by_user_id`) REFERENCES `users` (`id`) ON DELETE SET NULL,
  CONSTRAINT `fk_discount_usage_user` FOREIGN KEY (`user_id`) REFERENCES `users` (`id`) ON DELETE RESTRICT
) ENGINE=InnoDB DEFAULT CHARSET=utf8mb4 COLLATE=utf8mb4_0900_ai_ci;
/*!40101 SET character_set_client = @saved_cs_client */;

--
-- Dumping data for table `discount_usages`
--

/*!40000 ALTER TABLE `discount_usages` DISABLE KEYS */;
INSERT INTO `discount_usages` VALUES ('07b7a42f-296a-4527-87e2-b9d4d7f7ea77','d3c4d5e6-f7g8-9012-cdef-123456789012','a63c03b7-43dd-41d8-8f20-269d14d0f5b5','course-013','user-003','2025-09-10 06:53:18',15.00,19.50),('17907d87-d531-45b8-815f-bb7d9ac70db9','d7g8h9i0-j1k2-3456-789a-56789012345a','4b36f90c-ae3d-4458-8b04-045e77b8d9c1','2c4fccd5-49b6-44cc-bdec-d0e951db3619',NULL,'2025-09-22 01:37:44',15.00,14.85),('463ec827-aecb-41e4-b495-63d305b42d8e','d7g8h9i0-j1k2-3456-789a-56789012345a','41af40ad-9423-42b6-a4ae-38a45b8ddf93','9f1881cf-e4ad-4901-9e47-e28e4b553886',NULL,'2025-09-21 05:36:28',15.00,5.40),('63a387a7-c60f-430a-9e69-01e3e37254a6','d3c4d5e6-f7g8-9012-cdef-123456789012','a63c03b7-43dd-41d8-8f20-269d14d0f5b5','course-003','user-003','2025-09-10 06:52:37',15.00,19.50),('69b84b8a-685e-4b0a-be7a-0b563f5af8bb','d3c4d5e6-f7g8-9012-cdef-123456789012','41af40ad-9423-42b6-a4ae-38a45b8ddf93','course-013','user-003','2025-09-12 06:34:32',15.00,19.50),('8da53e18-b816-4035-97a6-66f7edbeb342','d3c4d5e6-f7g8-9012-cdef-123456789012','a63c03b7-43dd-41d8-8f20-269d14d0f5b5','course-004','user-003','2025-09-11 05:50:33',15.00,30.00),('b664daa0-bc13-4d6a-ac6f-0ffcd219aa51','d7g8h9i0-j1k2-3456-789a-56789012345a','4b36f90c-ae3d-4458-8b04-045e77b8d9c1','72eb8613-3192-4dc4-8917-d4baefe98582',NULL,'2025-09-22 02:15:04',15.00,5.40),('d5aff400-ef06-4990-8804-028bf8aad402','ceb4ba1f-5971-46c7-b291-e7d144d4cb3f','ec592cdf-3410-4fdc-a79d-2ef048b15899','course-014',NULL,'2025-09-23 21:45:34',5.00,10.00),('dd20c9b9-61b7-406e-abb2-5bd39b860380','7ff556f8-81ea-4383-b7c2-d2c6144fc84b','ec592cdf-3410-4fdc-a79d-2ef048b15899','course-013','b4d02e45-4c19-409d-b8a9-83b4662ce1bf','2025-09-21 06:27:29',2.00,2.60),('du1a2b3c-4d5e-6f78-9012-123456789012','d1a2b3c4-e5f6-7890-abcd-ef1234567890','user-001','course-001',NULL,'2024-02-15 03:30:00',10.00,9.99),('du2b3c4d-5e6f-7890-1234-23456789012a','d2b3c4d5-e6f7-8901-bcde-f12345678901','user-002','course-002',NULL,'2024-07-10 07:20:00',20.00,19.98),('du3c4d5e-6f78-9012-3456-3456789012ab','d3c4d5e6-f7g8-9012-cdef-123456789012','user-004','course-003','user-003','2024-03-22 02:15:00',15.00,14.99),('du4d5e6f-7890-1234-5678-456789012abc','d4d5e6f7-g8h9-0123-def0-234567890123','user-005','course-005','user-006','2024-04-18 09:45:00',20.00,19.98),('du5e6f78-9012-3456-7890-56789012abcd','d5e6f7g8-h9i0-1234-5678-345678901234','user-007','course-007',NULL,'2024-05-12 04:30:00',25.00,24.99),('du6f7890-1234-5678-9012-6789012abcde','d8h9i0j1-k2l3-4567-89ab-6789012345ab','user-008','course-008','user-009','2024-06-08 06:20:00',30.00,29.97),('du7890123-4567-8901-2345-sdf12','d7g8h9i0-j1k2-3456-789a-56789012345a','user-010','course-010',NULL,'2024-08-25 08:10:00',15.00,14.99),('du890123-4567-8901-2345-8901def','d9i0j1k2-l3m4-5678-9abc-789012345abc','user-011','course-011','user-012','2024-09-14 05:40:00',25.00,24.99),('dub2b2b2-b2b2-b2b2-b2b2-b2b2b2b2b2b2','d7g8h9i0-j1k2-3456-789a-56789012345a','user-002','course-004',NULL,'2024-08-15 03:30:00',15.00,14.99),('dub3b3b3-b3b3-b3b3-b3b3-b3b3b3b3b3b3','db0b0b0b-b0b0-b0b0-b0b0-b0b0b0b0b0b0','user-003','course-006','user-002','2024-09-10 07:20:00',10.00,9.99),('dub4b4b4-b4b4-b4b4-b4b4-b4b4b4b4b4b4','db1b1b1b-b1b1-b1b1-b1b1-b1b1b1b1b1b1','user-007','course-009','user-002','2024-09-20 09:45:00',15.00,14.99),('dub5b5b5-b5b5-b5b5-b5b5-b5b5b5b5b5b5','db0b0b0b-b0b0-b0b0-b0b0-b0b0b0b0b0b0','user-010','course-012','user-002','2024-10-01 04:30:00',10.00,9.99),('eba3b05e-5686-40ad-90da-138613f887e9','d3c4d5e6-f7g8-9012-cdef-123456789012','a63c03b7-43dd-41d8-8f20-269d14d0f5b5','course-002','user-003','2025-09-10 06:11:49',15.00,22.50),('ef0176e4-036a-4807-85d0-ffd4997b4369','d7g8h9i0-j1k2-3456-789a-56789012345a','4b36f90c-ae3d-4458-8b04-045e77b8d9c1','course-006',NULL,'2025-09-22 10:42:03',15.00,37.50);
/*!40000 ALTER TABLE `discount_usages` ENABLE KEYS */;

--
-- Table structure for table `discounts`
--

DROP TABLE IF EXISTS `discounts`;
/*!40101 SET @saved_cs_client     = @@character_set_client */;
/*!50503 SET character_set_client = utf8mb4 */;
CREATE TABLE `discounts` (
  `id` varchar(36) NOT NULL,
  `code` varchar(50) NOT NULL,
  `discount_percent` decimal(4,2) NOT NULL,
  `description` varchar(255) DEFAULT NULL,
  `type` varchar(50) NOT NULL,
  `owner_user_id` varchar(36) DEFAULT NULL,
  `start_date` timestamp NULL DEFAULT NULL,
  `end_date` timestamp NULL DEFAULT NULL,
  `usage_limit` int DEFAULT NULL,
  `per_user_limit` int DEFAULT NULL,
  `is_active` bit(1) NOT NULL,
  `created_at` timestamp NULL DEFAULT CURRENT_TIMESTAMP,
  `updated_at` timestamp NULL DEFAULT CURRENT_TIMESTAMP,
  PRIMARY KEY (`id`),
  UNIQUE KEY `code` (`code`),
  KEY `idx_discount_type_active` (`type`,`is_active`),
  KEY `idx_discount_code` (`code`),
  KEY `fk_discount_owner_user` (`owner_user_id`),
  CONSTRAINT `fk_discount_owner_user` FOREIGN KEY (`owner_user_id`) REFERENCES `users` (`id`) ON DELETE SET NULL
) ENGINE=InnoDB DEFAULT CHARSET=utf8mb4 COLLATE=utf8mb4_0900_ai_ci;
/*!40101 SET character_set_client = @saved_cs_client */;

--
-- Dumping data for table `discounts`
--

/*!40000 ALTER TABLE `discounts` DISABLE KEYS */;
INSERT INTO `discounts` VALUES ('0cdf1ea1-8e99-4b1a-842d-d40ead925a66','IND_NGUYNNGC_32881',2.00,'Induction discount for NGUYỄN NGỌC PHƯƠNG','REFERRAL','23e9766b-76bb-43c7-9392-15c689bf5956',NULL,NULL,NULL,1,0x01,'2025-09-10 07:05:33','2025-09-10 07:05:33'),('236da971-de2b-4d57-bb84-caef0edbc50d','IND_VITDIEN_21356',2.00,'Induction discount for Vit Dien','REFERRAL','ec592cdf-3410-4fdc-a79d-2ef048b15899',NULL,NULL,20,1,0x01,'2025-09-21 06:17:01','2025-09-21 06:17:01'),('36608bf7-0ef8-4200-bc4e-5c7306020559','WELCOME15',15.00,'Welcome discount for new users','GENERAL',NULL,'2025-10-08 17:00:00','2025-12-31 16:59:59',1000,1,0x01,'2025-09-10 06:09:56','2025-09-10 06:09:56'),('5619889e-8e4f-49e2-b66c-bcdae1ec8f0d','VITDIENTEST1',2.00,'test code 1','REFERRAL','7b5cbac5-f23c-4a6e-8469-9d2c94e57eab','2025-09-21 06:54:45','2025-09-28 06:54:45',100,1,0x01,'2025-09-21 06:42:58','2025-09-21 06:42:58'),('7ff556f8-81ea-4383-b7c2-d2c6144fc84b','IND_AAAAAA_09356',2.00,'Induction discount for aaa aaa','REFERRAL','b4d02e45-4c19-409d-b8a9-83b4662ce1bf',NULL,NULL,20,1,0x01,'2025-09-21 06:21:49','2025-09-21 06:21:49'),('8b03d6ad-1eca-47cf-b756-836d2bbec819','IND_PHNGNGUY_41423',2.00,'Induction discount for Phương Nguyễn Ngọc','REFERRAL','a63c03b7-43dd-41d8-8f20-269d14d0f5b5',NULL,NULL,NULL,1,0x01,'2025-09-10 07:04:02','2025-09-10 07:04:02'),('c0df8709-a22b-41f6-a8ab-6e2eca064163','SYBAU',10.00,'sybaucode','GENERAL',NULL,'2025-09-12 06:28:40','2025-09-19 06:25:40',100,1,0x01,'2025-09-12 06:28:22','2025-09-12 06:28:22'),('ceb4ba1f-5971-46c7-b291-e7d144d4cb3f','VITDIEN123',5.00,'test code','GENERAL',NULL,'2025-09-21 06:38:45','2025-09-28 06:38:45',100,1,0x01,'2025-09-21 06:38:06','2025-09-23 21:38:46'),('d1a2b3c4-e5f6-7890-abcd-ef1234567890','WELCOME10',10.00,'Welcome discount for new users','GENERAL',NULL,'2023-12-31 17:00:00','2024-12-31 16:59:59',1000,1,0x01,'2025-09-08 02:23:57','2025-09-09 13:08:02'),('d2b3c4d5-e6f7-8901-bcde-f12345678901','SUMMER2024',20.00,'Summer promotion discount','GENERAL',NULL,'2024-05-31 17:00:00','2024-08-31 16:59:59',500,2,0x01,'2025-09-08 02:23:57','2025-09-08 02:23:57'),('d3c4d5e6-f7g8-9012-cdef-123456789012','REFER15',15.00,'Referral program discount','REFERRAL','user-003','2023-12-31 17:00:00','2025-12-31 16:59:59',NULL,NULL,0x01,'2025-09-08 02:23:57','2025-09-08 02:23:57'),('d4d5e6f7-g8h9-0123-def0-234567890123','FRIEND20',20.00,'Friends referral program','REFERRAL','user-006','2023-12-31 17:00:00','2025-12-31 16:59:59',NULL,5,0x01,'2025-09-08 02:23:57','2025-09-08 02:23:57'),('d5e6f7g8-h9i0-1234-5678-345678901234','NEWUSER25',25.00,'Special discount for first-time users','GENERAL',NULL,'2023-12-31 17:00:00','2024-12-31 16:59:59',200,1,0x01,'2025-09-08 02:23:57','2025-09-08 02:23:57'),('d6f7g8h9-i0j1-2345-6789-456789012345','BLACKFRIDAY50',50.00,'Black Friday mega sale','GENERAL',NULL,'2024-11-28 17:00:00','2024-12-02 16:59:59',1000,3,0x01,'2025-09-08 02:23:57','2025-09-08 02:23:57'),('d7g8h9i0-j1k2-3456-789a-56789012345a','STUDENT15',15.00,'Student discount program','GENERAL',NULL,'2023-12-31 17:00:00','2025-12-31 16:59:59',NULL,10,0x01,'2025-09-08 02:23:57','2025-09-08 02:23:57'),('d8h9i0j1-k2l3-4567-89ab-6789012345ab','INVITE30',30.00,'Premium referral program','REFERRAL','user-009','2023-12-31 17:00:00','2025-12-31 16:59:59',NULL,NULL,0x01,'2025-09-08 02:23:57','2025-09-08 02:23:57'),('d9i0j1k2-l3m4-5678-9abc-789012345abc','FAMILY25',25.00,'Family and friends referral','REFERRAL','user-012','2024-05-31 17:00:00','2024-12-31 16:59:59',300,3,0x01,'2025-09-08 02:23:57','2025-09-08 02:23:57'),('da0j1k2l-m4n5-6789-abcd-89012345abcd','EXPIRED10',10.00,'Expired promotional discount','GENERAL',NULL,'2022-12-31 17:00:00','2023-12-31 16:59:59',100,1,0x00,'2025-09-08 02:23:57','2025-09-08 02:23:57'),('db0b0b0b-b0b0-b0b0-b0b0-b0b0b0b0b0b0','BOBFRIEND10',10.00,'Bob\'s friend referral discount','REFERRAL','user-002','2023-12-31 17:00:00','2025-12-31 16:59:59',NULL,NULL,0x01,'2025-09-11 06:43:32','2025-09-12 02:37:05'),('db1b1b1b-b1b1-b1b1-b1b1-b1b1b1b1b1b1','BOBSPECIAL15',15.00,'Bob\'s special referral program','REFERRAL','user-002','2024-05-31 17:00:00','2025-06-30 16:59:59',100,2,0x01,'2025-09-11 06:43:32','2025-09-11 06:43:32');
/*!40000 ALTER TABLE `discounts` ENABLE KEYS */;

--
-- Table structure for table `enrollments`
--

DROP TABLE IF EXISTS `enrollments`;
/*!40101 SET @saved_cs_client     = @@character_set_client */;
/*!50503 SET character_set_client = utf8mb4 */;
CREATE TABLE `enrollments` (
  `id` varchar(36) NOT NULL,
  `user_id` varchar(36) NOT NULL,
  `course_id` varchar(36) NOT NULL,
  `enrolled_at` timestamp NULL DEFAULT CURRENT_TIMESTAMP,
  `completion_status` varchar(20) DEFAULT 'IN_PROGRESS',
  `created_at` timestamp NULL DEFAULT CURRENT_TIMESTAMP,
  `updated_at` timestamp NULL DEFAULT CURRENT_TIMESTAMP,
  PRIMARY KEY (`id`),
  UNIQUE KEY `unique_enrollment` (`user_id`,`course_id`),
  KEY `fk_enr_course` (`course_id`),
  CONSTRAINT `fk_enr_course` FOREIGN KEY (`course_id`) REFERENCES `courses` (`id`) ON DELETE CASCADE,
  CONSTRAINT `fk_enr_user` FOREIGN KEY (`user_id`) REFERENCES `users` (`id`) ON DELETE CASCADE
) ENGINE=InnoDB DEFAULT CHARSET=utf8mb4 COLLATE=utf8mb4_0900_ai_ci;
/*!40101 SET character_set_client = @saved_cs_client */;

--
-- Dumping data for table `enrollments`
--

/*!40000 ALTER TABLE `enrollments` DISABLE KEYS */;
INSERT INTO `enrollments` VALUES ('04f1a54e-5b42-4242-aee1-6ce3cbf85ff0','41af40ad-9423-42b6-a4ae-38a45b8ddf93','course-015','2025-08-26 02:30:38','IN_PROGRESS','2025-08-26 02:30:38','2025-08-26 02:30:38'),('0694f8a8-3a66-4f29-9da0-bd0ad918425e','41af40ad-9423-42b6-a4ae-38a45b8ddf93','course-005','2025-08-26 02:31:56','IN_PROGRESS','2025-08-26 02:31:56','2025-08-26 02:31:56'),('0c879bbb-d2b6-4a7d-b1b9-5735db208593','5b0aa024-020f-433d-be04-ef490ed7e440','course-007','2025-08-27 03:45:52','IN_PROGRESS','2025-08-27 03:45:52','2025-08-27 03:45:52'),('10cf667a-e7ed-49ab-bafd-5f780657d29c','a63c03b7-43dd-41d8-8f20-269d14d0f5b5','course-004','2025-09-11 05:50:33','IN_PROGRESS','2025-09-11 05:50:33','2025-09-11 05:50:33'),('207697b6-53d5-4f2c-80cf-0f6ad29bc460','user-002','course-004','2025-09-14 08:46:38','IN_PROGRESS','2025-09-14 08:46:38','2025-09-14 08:46:38'),('2161c7e0-0209-4199-aca6-a463e02875bc','user-002','course-007','2025-09-14 08:47:36','IN_PROGRESS','2025-09-14 08:47:36','2025-09-14 08:47:36'),('2f086b20-458b-4e17-b8c0-37b10a7c2fd3','ec592cdf-3410-4fdc-a79d-2ef048b15899','fe33fc8c-d4ef-45cf-bbdd-182823f81f7b','2025-09-23 21:43:54','COMPLETED','2025-09-23 21:43:54','2025-09-23 23:12:31'),('33a0346c-c605-45c7-a0d8-0eaa143baf66','user-002','course-002','2025-09-14 08:45:49','IN_PROGRESS','2025-09-14 08:45:49','2025-09-14 08:45:49'),('3a595291-7359-4563-abd0-ffa0aa246a37','user-002','course-013','2025-08-22 09:56:36','IN_PROGRESS','2025-08-22 09:56:36','2025-08-22 09:56:36'),('3f0fad62-cc17-42ce-b3d0-c120a8902ca9','a63c03b7-43dd-41d8-8f20-269d14d0f5b5','course-003','2025-09-10 06:52:37','IN_PROGRESS','2025-09-10 06:52:37','2025-09-10 06:52:37'),('40efe254-285d-46a5-9816-653bb0017bf6','user-002','course-015','2025-08-22 09:56:12','COMPLETED','2025-08-22 09:56:12','2025-09-12 03:59:06'),('588a62c8-c68f-4f55-b8a0-9cb9a57b1f6a','a63c03b7-43dd-41d8-8f20-269d14d0f5b5','course-002','2025-09-10 06:11:49','IN_PROGRESS','2025-09-10 06:11:49','2025-09-10 06:11:49'),('58e0328e-5a46-436c-aab4-e073bd7d5c7f','5b0aa024-020f-433d-be04-ef490ed7e440','course-010','2025-08-27 03:44:57','IN_PROGRESS','2025-08-27 03:44:57','2025-08-27 03:44:57'),('5de44fca-32a3-42e0-94cf-36c8b0472362','41af40ad-9423-42b6-a4ae-38a45b8ddf93','course-009','2025-08-26 02:31:36','IN_PROGRESS','2025-08-26 02:31:36','2025-08-26 02:31:36'),('679808a9-c038-4568-950b-2be7fd4c8117','b4d02e45-4c19-409d-b8a9-83b4662ce1bf','course-009','2025-08-25 03:38:44','IN_PROGRESS','2025-08-25 03:38:44','2025-08-25 03:38:44'),('701d59a5-22ef-4ccb-8154-48070663873e','9e7cef07-1c10-46c8-b3dc-7886851df800','course-014','2025-08-24 11:52:04','IN_PROGRESS','2025-08-24 11:52:04','2025-08-24 11:52:04'),('81128129-2784-409e-9a48-c529d0e5dd83','user-011','course-006','2025-08-22 09:50:23','IN_PROGRESS','2025-08-22 09:50:23','2025-08-22 09:50:23'),('8272e908-c623-4340-962b-0ea97eb89f4c','user-002','course-014','2025-08-21 08:42:14','IN_PROGRESS','2025-08-21 08:42:14','2025-08-21 08:42:14'),('88360154-0c75-4958-8072-b0527c34ca2c','5b0aa024-020f-433d-be04-ef490ed7e440','course-014','2025-08-27 03:44:24','IN_PROGRESS','2025-08-27 03:44:24','2025-08-27 03:44:24'),('92e78214-5479-46dd-ae0d-c3ab38177288','ec592cdf-3410-4fdc-a79d-2ef048b15899','course-014','2025-09-23 21:45:34','COMPLETED','2025-09-23 21:45:34','2025-09-23 23:31:05'),('9308d2ca-bdd5-4fa6-a475-3e8d4124de69','41af40ad-9423-42b6-a4ae-38a45b8ddf93','9f1881cf-e4ad-4901-9e47-e28e4b553886','2025-09-21 05:36:28','IN_PROGRESS','2025-09-21 05:36:28','2025-09-21 05:36:28'),('9350b670-1723-47d2-a74d-52bb3e0e7202','user-002','course-009','2025-08-22 09:56:54','IN_PROGRESS','2025-08-22 09:56:54','2025-08-22 09:56:54'),('950bd23b-fbb5-457c-8b86-dfd92736d151','5b0aa024-020f-433d-be04-ef490ed7e440','course-013','2025-08-27 03:44:44','IN_PROGRESS','2025-08-27 03:44:44','2025-08-27 03:44:44'),('9b6b967f-de26-44fe-b4d0-737c86e4fd75','9e7cef07-1c10-46c8-b3dc-7886851df800','course-013','2025-08-24 11:52:25','IN_PROGRESS','2025-08-24 11:52:25','2025-08-24 11:52:25'),('9c2b31ba-6d46-4acf-9f09-420a6ec3a324','b080d1b9-3ec3-4f31-b512-8ba5e2d95122','2c4fccd5-49b6-44cc-bdec-d0e951db3619','2025-09-22 03:45:03','IN_PROGRESS','2025-09-22 03:45:03','2025-09-22 03:45:03'),('a057075a-6afe-4d84-976c-1887ee8db41a','ec592cdf-3410-4fdc-a79d-2ef048b15899','course-013','2025-09-21 06:27:29','COMPLETED','2025-09-21 06:27:29','2025-09-23 23:14:29'),('a40c0efe-5d86-4cdb-ba7f-45d581ba68c2','user-002','72eb8613-3192-4dc4-8917-d4baefe98582','2025-08-27 07:05:58','COMPLETED','2025-08-27 07:05:58','2025-08-27 07:11:34'),('b6bd6439-3a40-4041-9a27-2bb7f2314595','41af40ad-9423-42b6-a4ae-38a45b8ddf93','course-013','2025-09-12 06:34:32','IN_PROGRESS','2025-09-12 06:34:32','2025-09-12 06:34:32'),('b7195123-1278-4bdc-9ec7-2aeea72a1720','5b0aa024-020f-433d-be04-ef490ed7e440','course-009','2025-08-27 03:45:35','IN_PROGRESS','2025-08-27 03:45:35','2025-08-27 03:45:35'),('bd3674c8-a44f-4492-81d1-eed4253a5f8f','41af40ad-9423-42b6-a4ae-38a45b8ddf93','course-010','2025-08-26 02:31:10','IN_PROGRESS','2025-08-26 02:31:10','2025-08-26 02:31:10'),('bf32c977-da74-4a70-937a-b4732fca1812','a63c03b7-43dd-41d8-8f20-269d14d0f5b5','9f1881cf-e4ad-4901-9e47-e28e4b553886','2025-09-10 06:01:38','IN_PROGRESS','2025-09-10 06:01:38','2025-09-10 06:01:38'),('c66e1058-19c3-4476-b2a3-169abd24c625','5b0aa024-020f-433d-be04-ef490ed7e440','course-003','2025-08-27 03:46:15','IN_PROGRESS','2025-08-27 03:46:15','2025-08-27 03:46:15'),('cd9ac946-573c-4db0-990a-1dbb450f99da','user-002','9f1881cf-e4ad-4901-9e47-e28e4b553886','2025-08-27 05:50:03','IN_PROGRESS','2025-08-27 05:50:03','2025-08-27 05:50:03'),('cf3fc325-1786-4412-a2bd-afc5aa8ae9d2','ec592cdf-3410-4fdc-a79d-2ef048b15899','2c4fccd5-49b6-44cc-bdec-d0e951db3619','2025-09-23 23:37:38','COMPLETED','2025-09-23 23:37:38','2025-09-23 23:38:33'),('d629e292-45f7-4fd3-a9e2-1f31eb2bb227','a63c03b7-43dd-41d8-8f20-269d14d0f5b5','course-013','2025-09-10 06:53:18','IN_PROGRESS','2025-09-10 06:53:18','2025-09-10 06:53:18'),('d7f11dbc-f5e7-4078-9f4a-d55d111b4685','b4d02e45-4c19-409d-b8a9-83b4662ce1bf','course-008','2025-08-25 03:39:21','IN_PROGRESS','2025-08-25 03:39:21','2025-08-25 03:39:21'),('e23fd425-14bc-4856-8be8-32f1e68a6104','ec592cdf-3410-4fdc-a79d-2ef048b15899','63459fb6-0eb1-42f8-802e-f51ca751f296','2025-09-23 22:16:29','COMPLETED','2025-09-23 22:16:29','2025-09-23 22:19:08'),('eb048ae2-b0e3-443c-b66f-a66cd2761d5b','user-002','course-008','2025-08-22 09:57:16','IN_PROGRESS','2025-08-22 09:57:16','2025-08-22 09:57:16'),('ed00f992-a918-48bf-9bba-d7b408a2f592','b080d1b9-3ec3-4f31-b512-8ba5e2d95122','9f1881cf-e4ad-4901-9e47-e28e4b553886','2025-09-22 03:45:57','IN_PROGRESS','2025-09-22 03:45:57','2025-09-22 03:45:57'),('enroll-001','user-002','course-001','2025-01-15 03:30:00','IN_PROGRESS','2025-08-21 08:37:12','2025-08-21 08:37:12'),('enroll-002','user-002','course-005','2025-01-20 07:15:00','COMPLETED','2025-08-21 08:37:13','2025-08-21 08:37:13'),('enroll-003','user-002','course-010','2025-02-01 02:00:00','IN_PROGRESS','2025-08-21 08:37:13','2025-08-21 08:37:13'),('enroll-004','user-005','course-002','2025-01-10 09:20:00','IN_PROGRESS','2025-08-21 08:37:13','2025-08-21 08:37:13'),('enroll-005','user-005','course-007','2025-01-25 04:45:00','COMPLETED','2025-08-21 08:37:13','2025-08-21 08:37:13'),('enroll-006','user-007','course-004','2025-01-18 06:30:00','IN_PROGRESS','2025-08-21 08:37:13','2025-08-21 08:37:13'),('enroll-007','user-007','course-006','2025-02-05 01:15:00','IN_PROGRESS','2025-08-21 08:37:13','2025-08-21 08:37:13'),('enroll-008','user-009','course-003','2025-01-22 08:10:00','IN_PROGRESS','2025-08-21 08:37:13','2025-08-21 08:37:13'),('enroll-009','user-009','course-009','2025-02-03 05:00:00','IN_PROGRESS','2025-08-21 08:37:13','2025-08-21 08:37:13'),('enroll-010','user-011','course-001','2025-01-28 03:45:00','IN_PROGRESS','2025-08-21 08:37:13','2025-08-21 08:37:13'),('enroll-011','user-011','course-005','2025-02-08 07:30:00','IN_PROGRESS','2025-08-21 08:37:13','2025-08-21 08:37:13'),('enroll-012','user-012','course-002','2025-01-12 02:20:00','COMPLETED','2025-08-21 08:37:13','2025-08-21 08:37:13'),('enroll-013','user-012','course-007','2025-01-30 09:15:00','IN_PROGRESS','2025-08-21 08:37:13','2025-08-21 08:37:13'),('enroll-014','user-005','course-004','2025-02-10 04:00:00','IN_PROGRESS','2025-08-21 08:37:13','2025-08-21 08:37:13'),('enroll-015','user-007','course-001','2025-02-12 06:45:00','IN_PROGRESS','2025-08-21 08:37:13','2025-08-21 08:37:13'),('f496dbe3-485e-421d-a122-7d5a5fb80f8a','41af40ad-9423-42b6-a4ae-38a45b8ddf93','course-003','2025-08-26 02:32:16','IN_PROGRESS','2025-08-26 02:32:16','2025-08-26 02:32:16');
/*!40000 ALTER TABLE `enrollments` ENABLE KEYS */;

--
-- Table structure for table `filter_types`
--

DROP TABLE IF EXISTS `filter_types`;
/*!40101 SET @saved_cs_client     = @@character_set_client */;
/*!50503 SET character_set_client = utf8mb4 */;
CREATE TABLE `filter_types` (
  `id` varchar(36) NOT NULL,
  `name` varchar(100) NOT NULL,
  `description` varchar(255) DEFAULT NULL,
  `created_at` timestamp NOT NULL DEFAULT CURRENT_TIMESTAMP,
  `updated_at` timestamp NOT NULL DEFAULT CURRENT_TIMESTAMP ON UPDATE CURRENT_TIMESTAMP,
  PRIMARY KEY (`id`),
  UNIQUE KEY `name` (`name`)
) ENGINE=InnoDB DEFAULT CHARSET=utf8mb4 COLLATE=utf8mb4_0900_ai_ci;
/*!40101 SET character_set_client = @saved_cs_client */;

--
-- Dumping data for table `filter_types`
--

/*!40000 ALTER TABLE `filter_types` DISABLE KEYS */;
INSERT INTO `filter_types` VALUES ('filter-type-001','ALL','Access to all data','2025-08-21 08:37:27','2025-08-21 08:37:27'),('filter-type-002','OWN','Access to own data only','2025-08-21 08:37:27','2025-08-21 08:37:27');
/*!40000 ALTER TABLE `filter_types` ENABLE KEYS */;

--
-- Table structure for table `instructor_applications`
--

DROP TABLE IF EXISTS `instructor_applications`;
/*!40101 SET @saved_cs_client     = @@character_set_client */;
/*!50503 SET character_set_client = utf8mb4 */;
CREATE TABLE `instructor_applications` (
  `id` varchar(36) NOT NULL,
  `user_id` varchar(36) NOT NULL,
  `reviewed_by` varchar(36) DEFAULT NULL,
  `status` varchar(20) DEFAULT 'PENDING',
  `documents` json DEFAULT NULL,
  `submitted_at` timestamp NULL DEFAULT CURRENT_TIMESTAMP,
  `reviewed_at` timestamp NULL DEFAULT NULL,
  `rejection_reason` text,
  `is_deleted` bit(1) DEFAULT NULL,
  PRIMARY KEY (`id`),
  KEY `idx_app_status` (`status`),
  KEY `fk_app_reviewer` (`reviewed_by`),
  KEY `idx_user_submitted` (`user_id`,`submitted_at` DESC),
  KEY `idx_user_status` (`user_id`,`status`),
  CONSTRAINT `fk_app_reviewer` FOREIGN KEY (`reviewed_by`) REFERENCES `users` (`id`) ON DELETE SET NULL,
  CONSTRAINT `fk_app_user` FOREIGN KEY (`user_id`) REFERENCES `users` (`id`) ON DELETE CASCADE
) ENGINE=InnoDB DEFAULT CHARSET=utf8mb4 COLLATE=utf8mb4_0900_ai_ci;
/*!40101 SET character_set_client = @saved_cs_client */;

--
-- Dumping data for table `instructor_applications`
--

/*!40000 ALTER TABLE `instructor_applications` DISABLE KEYS */;
INSERT INTO `instructor_applications` VALUES ('0fb432e4-1397-4ba6-bca5-4d7dc7830b8c','ae74ec1e-2ed4-4948-84a9-df50baae62d6','user-001','REJECTED','{\"cv\": \"https://res.cloudinary.com/dd4znnno1/raw/upload/v1757475801/instructor-documents/image_1757475799162_db188ff9.png\", \"other\": \"https://res.cloudinary.com/dd4znnno1/raw/upload/v1757475803/instructor-documents/TCV_1757475802464_9dc03200.docx\", \"portfolio\": \"https://github.com/mingttam\", \"certificate\": \"https://res.cloudinary.com/dd4znnno1/raw/upload/v1757475798/instructor-documents/Courses_1757475796023_c80d272c.pdf\"}','2025-09-10 03:43:24','2025-09-11 03:52:34','qua ga ko du trinh',0x00),('35a73aac-5331-45b4-9b71-7ec9816fcbdb','ae74ec1e-2ed4-4948-84a9-df50baae62d6','user-001','REJECTED','{\"cv\": \"https://res.cloudinary.com/dd4znnno1/raw/upload/v1757423497/instructor-documents/Courses_1757423495395_417ef0af.pdf\", \"other\": \"https://res.cloudinary.com/dd4znnno1/raw/upload/v1757423498/instructor-documents/TCV_1757423497726_f5b1376a.docx\", \"portfolio\": \"https://github.com/mingttam\", \"certificate\": \"https://res.cloudinary.com/dd4znnno1/raw/upload/v1757423494/instructor-documents/image_1757423492053_4d8e8a3f.png\"}','2025-09-09 13:11:39','2025-09-09 13:12:47','gaga',0x00),('3d5518fc-20fa-4a76-a545-c5ca6e5d8d14','ae74ec1e-2ed4-4948-84a9-df50baae62d6',NULL,'PENDING','{\"cv\": \"https://res.cloudinary.com/dd4znnno1/raw/upload/v1757911890/instructor-documents/TCV_1757911889164_c01eac6d.docx\", \"other\": \"https://res.cloudinary.com/dd4znnno1/raw/upload/v1757911893/instructor-documents/image_1757911890737_dde36226.png\", \"portfolio\": \"https://github.com/mingttam\", \"certificate\": \"https://res.cloudinary.com/dd4znnno1/raw/upload/v1757911889/instructor-documents/Courses_1757911886084_ff0b16af.pdf\"}','2025-09-15 04:51:37',NULL,NULL,0x00),('837f1e8c-3a8d-427e-8263-048b4d9fddc2','ae74ec1e-2ed4-4948-84a9-df50baae62d6','user-001','REJECTED','{\"cv\": \"https://res.cloudinary.com/dd4znnno1/raw/upload/v1757593996/instructor-documents/image_1757593993726_69243352.png\", \"other\": \"https://res.cloudinary.com/dd4znnno1/raw/upload/v1757594000/instructor-documents/BC_TTTN_Mai_Quoc_Huy_Latest_1757593996901_95e7bff0.docx\", \"portfolio\": \"https://github.com/mingttam\", \"certificate\": \"https://res.cloudinary.com/dd4znnno1/raw/upload/v1757593993/instructor-documents/Courses_1757593990801_a82480f6.pdf\"}','2025-09-11 12:33:21','2025-09-14 10:35:05','ngu',0x00),('app-001','user-003','user-001','APPROVED','{\"cv\": \"https://res.cloudinary.com/ktc-platform/image/upload/v1706000000/cvs/charlie-resume.pdf\", \"other\": \"https://res.cloudinary.com/ktc-platform/image/upload/v1706000000/awards/charlie-teaching-award.pdf\", \"portfolio\": \"https://github.com/charlie-dev\", \"certificate\": \"https://res.cloudinary.com/ktc-platform/image/upload/v1706000000/certificates/charlie-certification.pdf\"}','2024-12-01 03:00:00','2024-12-05 07:30:00','Previous application lacked sufficient teaching examples. Please include more detailed instructional content and student feedback.',0x00),('app-002','user-006','user-001','APPROVED','{\"cv\": \"https://res.cloudinary.com/ktc-platform/image/upload/v1708000000/cvs/david-cv.pdf\", \"other\": \"https://res.cloudinary.com/ktc-platform/image/upload/v1708000000/projects/david-portfolio.pdf\", \"portfolio\": \"https://linkedin.com/in/david-kim-cloud\", \"certificate\": \"https://res.cloudinary.com/ktc-platform/image/upload/v1708000000/certificates/david-aws-cert.pdf\"}','2025-02-01 02:15:00','2025-08-22 15:49:05',NULL,0x00),('app-003','user-005','user-001','APPROVED','{\"cv\": \"https://res.cloudinary.com/ktc-platform/image/upload/v1707000000/cvs/emily-resume.pdf\", \"portfolio\": \"https://github.com/emily-frontend\", \"certificate\": \"https://res.cloudinary.com/ktc-platform/image/upload/v1707000000/certificates/emily-react-cert.pdf\"}','2025-01-10 04:30:00','2025-01-15 09:45:00','Previous application lacked sufficient teaching examples. Please include more detailed instructional content and student feedback.',0x00),('app-004','user-007','user-001','REJECTED','{\"cv\": \"https://res.cloudinary.com/ktc-platform/image/upload/v1707500000/cvs/george-cv.pdf\", \"portfolio\": \"https://georgedevops.com\", \"certificate\": \"https://res.cloudinary.com/ktc-platform/image/upload/v1707500000/certificates/george-cert.pdf\"}','2025-01-20 01:45:00','2025-01-25 06:20:00','Previous application lacked sufficient teaching examples. Please include more detailed instructional content and student feedback.',0x00),('app-005','user-008','user-001','REJECTED','{\"cv\": \"https://res.cloudinary.com/ktc-platform/image/upload/v1708200000/cvs/hannah-resume.pdf\", \"other\": \"https://res.cloudinary.com/ktc-platform/image/upload/v1708200000/recommendations/hannah-references.pdf\", \"portfolio\": \"https://hannahtaylor.dev\", \"certificate\": \"https://res.cloudinary.com/ktc-platform/image/upload/v1708200000/certificates/hannah-google-cert.pdf\"}','2025-02-05 07:00:00','2025-08-22 16:18:19','stupid ass bitch nigga',0x00),('app-006','user-009','user-001','APPROVED','{\"cv\": \"https://res.cloudinary.com/ktc-platform/image/upload/v1707800000/cvs/ian-cv.pdf\", \"other\": \"https://res.cloudinary.com/ktc-platform/image/upload/v1707800000/testimonials/ian-testimonials.pdf\", \"portfolio\": \"https://github.com/ian-fullstack\", \"certificate\": \"https://res.cloudinary.com/ktc-platform/image/upload/v1707800000/certificates/ian-devops-cert.pdf\"}','2025-01-12 03:20:00','2025-01-18 02:30:00','Previous application lacked sufficient teaching examples. Please include more detailed instructional content and student feedback.',0x00),('app-007','user-010','user-001','REJECTED','{\"cv\": \"https://res.cloudinary.com/ktc-platform/image/upload/v1707300000/cvs/julia-cv.pdf\", \"portfolio\": \"https://juliaai.itch.io\", \"certificate\": \"https://res.cloudinary.com/ktc-platform/image/upload/v1707300000/certificates/julia-unity-cert.pdf\"}','2025-01-08 09:30:00','2025-01-12 04:15:00','Previous application lacked sufficient teaching examples. Please include more detailed instructional content and student feedback.',0x00),('app-009','user-012','user-001','APPROVED','{\"cv\": \"https://res.cloudinary.com/ktc-platform/image/upload/v1707600000/cvs/lisa-cv.pdf\", \"other\": \"https://res.cloudinary.com/ktc-platform/image/upload/v1707600000/samples/lisa-work-samples.pdf\", \"portfolio\": \"https://lisadesigns.portfolio.com\", \"certificate\": \"https://res.cloudinary.com/ktc-platform/image/upload/v1707600000/certificates/lisa-design-cert.pdf\"}','2025-01-05 08:20:00','2025-01-10 03:45:00','Previous application lacked sufficient teaching examples. Please include more detailed instructional content and student feedback.',0x00),('app-010','user-004',NULL,'PENDING','{\"cv\": \"https://res.cloudinary.com/ktc-platform/image/upload/v1708300000/cvs/linda-updated-cv.pdf\", \"other\": \"https://res.cloudinary.com/ktc-platform/image/upload/v1708300000/courses/linda-sample-content.pdf\", \"portfolio\": \"https://github.com/linda-python-tutorials\", \"certificate\": \"https://res.cloudinary.com/ktc-platform/image/upload/v1708300000/certificates/linda-python-advanced.pdf\"}','2025-02-10 02:30:00',NULL,'Previous application lacked sufficient teaching examples. Please include more detailed instructional content and student feedback.',0x00),('bd6079f6-3f57-44f5-8a8b-9a4dd2058ee3','ae74ec1e-2ed4-4948-84a9-df50baae62d6','user-001','REJECTED','{\"cv\": \"https://res.cloudinary.com/dd4znnno1/raw/upload/v1757911172/instructor-documents/TCV_1757911170590_27b64293.docx\", \"other\": \"https://res.cloudinary.com/dd4znnno1/raw/upload/v1757911175/instructor-documents/image_1757911172099_daaf6c29.png\", \"portfolio\": \"https://github.com/mingttam\", \"certificate\": \"https://res.cloudinary.com/dd4znnno1/raw/upload/v1757911170/instructor-documents/Courses_1757911168145_32419aec.pdf\"}','2025-09-15 04:39:36','2025-09-15 04:51:18','gagaga\'',0x00);
/*!40000 ALTER TABLE `instructor_applications` ENABLE KEYS */;

--
-- Table structure for table `instructor_earnings`
--

DROP TABLE IF EXISTS `instructor_earnings`;
/*!40101 SET @saved_cs_client     = @@character_set_client */;
/*!50503 SET character_set_client = utf8mb4 */;
CREATE TABLE `instructor_earnings` (
  `id` varchar(36) NOT NULL,
  `instructor_id` varchar(36) NOT NULL,
  `payment_id` varchar(36) NOT NULL,
  `course_id` varchar(36) NOT NULL,
  `amount` decimal(10,2) NOT NULL,
  `status` varchar(20) DEFAULT 'PENDING',
  `paid_at` timestamp NULL DEFAULT NULL,
  `created_at` timestamp NULL DEFAULT CURRENT_TIMESTAMP,
  `updated_at` timestamp NULL DEFAULT CURRENT_TIMESTAMP,
  PRIMARY KEY (`id`),
  UNIQUE KEY `unique_earn_payment` (`payment_id`),
  KEY `idx_earn_instructor` (`instructor_id`),
  KEY `idx_earn_status` (`status`),
  KEY `fk_earn_course` (`course_id`),
  CONSTRAINT `fk_earn_course` FOREIGN KEY (`course_id`) REFERENCES `courses` (`id`) ON DELETE CASCADE,
  CONSTRAINT `fk_earn_instructor` FOREIGN KEY (`instructor_id`) REFERENCES `users` (`id`) ON DELETE CASCADE,
  CONSTRAINT `fk_earn_payment` FOREIGN KEY (`payment_id`) REFERENCES `payments` (`id`) ON DELETE CASCADE
) ENGINE=InnoDB DEFAULT CHARSET=utf8mb4 COLLATE=utf8mb4_0900_ai_ci;
/*!40101 SET character_set_client = @saved_cs_client */;

--
-- Dumping data for table `instructor_earnings`
--

/*!40000 ALTER TABLE `instructor_earnings` DISABLE KEYS */;
INSERT INTO `instructor_earnings` VALUES ('29c717ab-d768-48e3-a0ef-e8f90d23fe5d','user-008','156e07d5-50d2-4b2e-9e49-5a295d63f539','course-004',139.99,'AVAILABLE',NULL,'2025-09-11 06:07:21','2025-09-11 06:07:21'),('2ad3c422-adaa-4467-81dc-afac90094cde','user-007','c2674a5e-df48-42a0-adb4-2cd322ef87c9','course-008',97.99,'AVAILABLE',NULL,'2025-08-22 09:58:28','2025-08-22 09:58:28'),('33a8ccfc-f25b-484d-9499-5bfae6174e9d','user-007','e8f53dba-fb0e-4b3c-b683-c0cdc4f2eff5','course-015',118.99,'AVAILABLE',NULL,'2025-08-24 11:46:50','2025-08-24 11:46:50'),('67bd59fe-a854-4282-bf53-29edf525ab91','user-006','f6dcd34e-354b-406e-bd49-dab7268bf9ff','course-014',139.99,'AVAILABLE',NULL,'2025-08-22 09:58:42','2025-08-22 09:58:42'),('6daff48b-f7d2-45e8-a57a-3842876d83ba','user-005','1bc9f889-5d4d-4a0d-8795-2b06638de028','course-013',90.99,'AVAILABLE',NULL,'2025-08-24 11:47:04','2025-08-24 11:47:04'),('7a2a32d4-a040-4d61-a7d3-685236c7ef91','user-004','c8c9d4f5-7af0-4d67-aaea-68af8065c414','course-009',132.99,'AVAILABLE',NULL,'2025-08-24 11:48:03','2025-08-24 11:48:03'),('b935385d-4b35-4b1b-b21b-1236602984b7','user-005','51bf5e25-71f1-4731-a758-791a983dffe6','course-013',90.99,'AVAILABLE',NULL,'2025-09-21 06:30:12','2025-09-21 06:30:12'),('d96304f6-5430-4773-9b7d-3cfc00ee5880','user-007','7e11d31c-992b-43d8-bee0-088b58227b47','course-015',118.99,'PENDING',NULL,'2025-08-24 11:53:32','2025-08-24 11:54:39'),('db25b555-13c3-40c0-987f-8212f001a589','user-003','payment-017','course-006',125.99,'AVAILABLE',NULL,'2025-08-24 11:43:41','2025-08-24 11:43:41'),('earning-001','user-003','payment-001','course-001',69.99,'PAID','2025-01-22 03:00:00','2025-01-15 03:25:00','2025-08-21 08:37:17'),('earning-002','user-004','payment-002','course-005',55.99,'PAID','2025-01-27 03:00:00','2025-01-20 07:10:00','2025-08-21 08:37:17'),('earning-003','user-004','payment-003','course-010',76.99,'PAID','2025-02-15 03:00:00','2025-02-01 01:55:00','2025-08-21 08:37:17'),('earning-004','user-010','payment-004','course-002',104.99,'PAID','2025-01-17 03:00:00','2025-01-10 09:15:00','2025-08-21 08:37:17'),('earning-005','user-010','payment-005','course-007',83.99,'PAID','2025-02-01 03:00:00','2025-01-25 04:40:00','2025-08-21 08:37:17'),('earning-006','user-008','payment-006','course-004',139.99,'PAID','2025-02-15 03:00:00','2025-02-10 03:55:00','2025-08-21 08:37:17'),('earning-007','user-008','payment-007','course-004',139.99,'PAID','2025-01-25 03:00:00','2025-01-18 06:25:00','2025-08-21 08:37:17'),('earning-008','user-003','payment-008','course-006',125.99,'PAID','2025-02-15 03:00:00','2025-02-05 01:10:00','2025-08-21 08:37:17'),('earning-009','user-003','payment-009','course-001',69.99,'PAID','2025-02-15 03:00:00','2025-02-12 06:40:00','2025-08-21 08:37:17'),('earning-010','user-006','payment-010','course-003',90.99,'PAID','2025-01-29 03:00:00','2025-01-22 08:05:00','2025-08-21 08:37:17'),('earning-011','user-006','payment-011','course-009',111.99,'PAID','2025-02-15 03:00:00','2025-02-03 04:55:00','2025-08-21 08:37:17'),('earning-012','user-003','payment-012','course-001',69.99,'PAID','2025-02-15 03:00:00','2025-01-28 03:40:00','2025-08-21 08:37:17'),('earning-013','user-004','payment-013','course-005',55.99,'PAID','2025-02-15 03:00:00','2025-02-08 07:25:00','2025-08-21 08:37:17'),('earning-014','user-010','payment-014','course-002',104.99,'PAID','2025-01-19 03:00:00','2025-01-12 02:15:00','2025-08-21 08:37:17'),('earning-015','user-010','payment-015','course-007',83.99,'PAID','2025-02-15 03:00:00','2025-01-30 09:10:00','2025-08-21 08:37:17');
/*!40000 ALTER TABLE `instructor_earnings` ENABLE KEYS */;

--
-- Table structure for table `lesson_completions`
--

DROP TABLE IF EXISTS `lesson_completions`;
/*!40101 SET @saved_cs_client     = @@character_set_client */;
/*!50503 SET character_set_client = utf8mb4 */;
CREATE TABLE `lesson_completions` (
  `id` varchar(36) NOT NULL,
  `user_id` varchar(36) NOT NULL,
  `lesson_id` varchar(36) NOT NULL,
  `completed_at` timestamp NULL DEFAULT CURRENT_TIMESTAMP,
  `created_at` timestamp NULL DEFAULT CURRENT_TIMESTAMP,
  `updated_at` timestamp NULL DEFAULT CURRENT_TIMESTAMP,
  PRIMARY KEY (`id`),
  UNIQUE KEY `unique_completion` (`user_id`,`lesson_id`),
  KEY `fk_lc_lesson` (`lesson_id`),
  CONSTRAINT `fk_lc_lesson` FOREIGN KEY (`lesson_id`) REFERENCES `lessons` (`id`) ON DELETE CASCADE,
  CONSTRAINT `fk_lc_user` FOREIGN KEY (`user_id`) REFERENCES `users` (`id`) ON DELETE CASCADE
) ENGINE=InnoDB DEFAULT CHARSET=utf8mb4 COLLATE=utf8mb4_0900_ai_ci;
/*!40101 SET character_set_client = @saved_cs_client */;

--
-- Dumping data for table `lesson_completions`
--

/*!40000 ALTER TABLE `lesson_completions` DISABLE KEYS */;
INSERT INTO `lesson_completions` VALUES ('05f6acda-e418-4f09-8e5e-a5f60c6bab82','ec592cdf-3410-4fdc-a79d-2ef048b15899','lesson-014-01','2025-09-23 23:30:56','2025-09-23 23:30:56','2025-09-23 23:30:56'),('0f616c61-6155-435a-b9e5-b5b5b6affcea','ec592cdf-3410-4fdc-a79d-2ef048b15899','2877fc47-1d1f-4db4-9dc7-4bc5057c693b','2025-09-23 23:37:55','2025-09-23 23:37:55','2025-09-23 23:37:55'),('19dde3f2-f02c-41c1-8505-7c8f9841769f','ec592cdf-3410-4fdc-a79d-2ef048b15899','49dc08da-476e-425c-970e-02f0a0a60485','2025-09-23 22:17:12','2025-09-23 22:17:12','2025-09-23 22:17:12'),('2684fdb7-8896-463a-abbb-da32ae25d149','user-002','lesson-034','2025-08-27 05:24:25','2025-08-27 05:24:25','2025-08-27 05:24:25'),('29742a82-b24a-4e9f-8a56-16a2c569f996','ec592cdf-3410-4fdc-a79d-2ef048b15899','c23f65db-ec45-4798-b878-ec39fd20d6d2','2025-09-23 23:11:50','2025-09-23 23:11:50','2025-09-23 23:11:50'),('4670a1f0-8e77-4aa7-a6fd-27d7b0fd99e1','4b36f90c-ae3d-4458-8b04-045e77b8d9c1','d709faf0-2e71-4fa7-9c40-716ae92d709d','2025-09-22 02:17:01','2025-09-22 02:17:01','2025-09-22 02:17:01'),('4b65486a-f62b-4bc6-a987-75cf87486f9a','ec592cdf-3410-4fdc-a79d-2ef048b15899','62208dc4-d120-4705-8bea-810f0a1912aa','2025-09-23 23:38:33','2025-09-23 23:38:33','2025-09-23 23:38:33'),('4d66f923-fa3d-48a3-a512-8bb465915ce9','4b36f90c-ae3d-4458-8b04-045e77b8d9c1','25af004d-9151-40b3-a7bd-02edc0d62df8','2025-09-22 02:17:24','2025-09-22 02:17:24','2025-09-22 02:17:24'),('54764a59-3da4-4015-9831-aee9fbc43683','ec592cdf-3410-4fdc-a79d-2ef048b15899','1e64f97c-30ae-4374-9b50-0952a084bde7','2025-09-23 23:12:31','2025-09-23 23:12:31','2025-09-23 23:12:31'),('68c1f435-ffc8-45d6-94e2-df8ae75601ed','user-002','lesson-015-01','2025-08-26 03:09:33','2025-08-26 03:09:33','2025-08-26 03:09:33'),('7161560c-6d0f-4711-af48-4bd0259ae7ba','user-002','lesson-032','2025-08-27 05:34:51','2025-08-27 05:34:51','2025-08-27 05:34:51'),('969cafde-f19f-4108-a4a3-2dd18facd10d','user-002','d709faf0-2e71-4fa7-9c40-716ae92d709d','2025-08-27 07:11:12','2025-08-27 07:11:12','2025-08-27 07:11:12'),('9f10bfa5-0e53-40d7-840b-b32669e945f1','user-002','lesson-027','2025-09-19 17:22:35','2025-09-19 17:22:35','2025-09-19 17:22:35'),('a6aac159-d4b3-4643-b78f-f7147f9c6e19','user-002','e95a7da3-e1a8-444c-a87f-3cc585b2eb8f','2025-08-27 06:08:02','2025-08-27 06:08:02','2025-08-27 06:08:02'),('ad9a7a8b-a5ee-48e1-83f4-5cf323f8234b','user-002','lesson-015-02','2025-09-12 03:59:06','2025-09-12 03:59:06','2025-09-12 03:59:06'),('ce619573-9cb5-4318-997a-bbd6355cf6d8','user-002','5e4edfba-987d-4106-8098-80314be1cc6e','2025-08-27 05:50:56','2025-08-27 05:50:56','2025-08-27 05:50:56'),('completion-001','user-002','lesson-001','2025-01-15 04:30:00','2025-08-21 08:37:13','2025-08-21 08:37:13'),('completion-002','user-002','lesson-002','2025-01-15 05:15:00','2025-08-21 08:37:13','2025-08-21 08:37:13'),('completion-003','user-002','lesson-003','2025-01-16 03:45:00','2025-08-21 08:37:13','2025-08-21 08:37:13'),('completion-004','user-002','lesson-019','2025-01-20 08:00:00','2025-08-21 08:37:13','2025-08-21 08:37:13'),('completion-005','user-002','lesson-020','2025-01-21 02:30:00','2025-08-21 08:37:13','2025-08-21 08:37:13'),('completion-006','user-002','lesson-021','2025-01-22 07:20:00','2025-08-21 08:37:13','2025-08-21 08:37:13'),('completion-007','user-002','lesson-022','2025-01-22 08:10:00','2025-08-21 08:37:13','2025-08-21 08:37:13'),('completion-008','user-005','lesson-027','2025-01-25 05:30:00','2025-08-21 08:37:13','2025-08-21 08:37:13'),('completion-009','user-005','lesson-028','2025-01-26 03:15:00','2025-08-21 08:37:13','2025-08-21 08:37:13'),('completion-010','user-005','lesson-029','2025-01-28 09:45:00','2025-08-21 08:37:13','2025-08-21 08:37:13'),('completion-011','user-005','lesson-030','2025-01-30 04:20:00','2025-08-21 08:37:13','2025-08-21 08:37:13'),('completion-012','user-005','lesson-007','2025-01-10 10:00:00','2025-08-21 08:37:13','2025-08-21 08:37:13'),('completion-013','user-005','lesson-008','2025-01-11 07:30:00','2025-08-21 08:37:13','2025-08-21 08:37:13'),('completion-014','user-012','lesson-007','2025-01-12 03:30:00','2025-08-21 08:37:13','2025-08-21 08:37:13'),('completion-015','user-012','lesson-008','2025-01-13 08:45:00','2025-08-21 08:37:13','2025-08-21 08:37:13'),('completion-016','user-012','lesson-009','2025-01-15 02:20:00','2025-08-21 08:37:13','2025-08-21 08:37:13'),('completion-017','user-012','lesson-010','2025-01-16 07:10:00','2025-08-21 08:37:13','2025-08-21 08:37:13'),('completion-018','user-007','lesson-015','2025-01-18 07:15:00','2025-08-21 08:37:13','2025-08-21 08:37:13'),('completion-019','user-007','lesson-016','2025-01-19 04:30:00','2025-08-21 08:37:13','2025-08-21 08:37:13'),('completion-020','user-009','lesson-011','2025-01-22 09:00:00','2025-08-21 08:37:13','2025-08-21 08:37:13'),('completion-021','user-009','lesson-033','2025-02-03 06:30:00','2025-08-21 08:37:13','2025-08-21 08:37:13'),('completion-022','user-011','lesson-001','2025-01-28 04:45:00','2025-08-21 08:37:13','2025-08-21 08:37:13'),('completion-023','user-011','lesson-019','2025-02-08 08:20:00','2025-08-21 08:37:13','2025-08-21 08:37:13'),('completion-024','user-012','lesson-027','2025-01-30 10:00:00','2025-08-21 08:37:13','2025-08-21 08:37:13'),('completion-025','user-007','lesson-001','2025-02-12 07:30:00','2025-08-21 08:37:13','2025-08-21 08:37:13'),('d6143d13-d549-433c-8027-907d74aff46c','ec592cdf-3410-4fdc-a79d-2ef048b15899','lesson-013-01','2025-09-23 23:14:18','2025-09-23 23:14:18','2025-09-23 23:14:18'),('d741ae7c-3882-41b2-84eb-1a3217aff29c','user-002','25af004d-9151-40b3-a7bd-02edc0d62df8','2025-08-27 07:11:34','2025-08-27 07:11:34','2025-08-27 07:11:34'),('da781bfe-a79b-4006-88bf-ecbbca808a5c','user-002','2f5cbdda-cd02-45dd-9061-d20c2415ed7e','2025-08-27 05:50:34','2025-08-27 05:50:34','2025-08-27 05:50:34'),('e00ba7e3-d19b-410a-979f-54b3a6d40d67','ec592cdf-3410-4fdc-a79d-2ef048b15899','ecadc0f6-9e58-4855-8c64-dba7e710d733','2025-09-23 22:19:08','2025-09-23 22:19:08','2025-09-23 22:19:08'),('e9da1339-81c8-4adb-ab04-8ca1262ee746','ec592cdf-3410-4fdc-a79d-2ef048b15899','lesson-013-02','2025-09-23 23:14:29','2025-09-23 23:14:29','2025-09-23 23:14:29'),('ebb195fe-6205-45df-b5e2-1c82e910f84a','user-002','lesson-038','2025-08-26 03:10:01','2025-08-26 03:10:01','2025-08-26 03:10:01'),('f31446aa-ebeb-452c-881c-c01f87b09206','user-002','0269ff4c-64fa-4f97-9532-39735de1cc66','2025-08-27 05:51:52','2025-08-27 05:51:52','2025-08-27 05:51:52'),('ff441f55-bfb5-41a5-afac-3cb2d739e664','ec592cdf-3410-4fdc-a79d-2ef048b15899','lesson-014-02','2025-09-23 23:31:05','2025-09-23 23:31:05','2025-09-23 23:31:05');
/*!40000 ALTER TABLE `lesson_completions` ENABLE KEYS */;

--
-- Table structure for table `lesson_types`
--

DROP TABLE IF EXISTS `lesson_types`;
/*!40101 SET @saved_cs_client     = @@character_set_client */;
/*!50503 SET character_set_client = utf8mb4 */;
CREATE TABLE `lesson_types` (
  `id` varchar(36) NOT NULL,
  `name` varchar(50) NOT NULL,
  `created_at` timestamp NULL DEFAULT CURRENT_TIMESTAMP,
  `updated_at` timestamp NULL DEFAULT CURRENT_TIMESTAMP,
  PRIMARY KEY (`id`),
  UNIQUE KEY `name` (`name`)
) ENGINE=InnoDB DEFAULT CHARSET=utf8mb4 COLLATE=utf8mb4_0900_ai_ci;
/*!40101 SET character_set_client = @saved_cs_client */;

--
-- Dumping data for table `lesson_types`
--

/*!40000 ALTER TABLE `lesson_types` DISABLE KEYS */;
INSERT INTO `lesson_types` VALUES ('type-001','VIDEO','2025-08-21 08:37:12','2025-08-21 08:37:12'),('type-002','QUIZ','2025-08-21 08:37:12','2025-08-21 08:37:12');
/*!40000 ALTER TABLE `lesson_types` ENABLE KEYS */;

--
-- Table structure for table `lessons`
--

DROP TABLE IF EXISTS `lessons`;
/*!40101 SET @saved_cs_client     = @@character_set_client */;
/*!50503 SET character_set_client = utf8mb4 */;
CREATE TABLE `lessons` (
  `id` varchar(36) NOT NULL,
  `section_id` varchar(36) NOT NULL,
  `title` varchar(255) NOT NULL,
  `lesson_type_id` varchar(36) NOT NULL,
  `content_id` varchar(36) DEFAULT NULL,
  `order_index` int DEFAULT '0',
  `created_at` timestamp NULL DEFAULT CURRENT_TIMESTAMP,
  `updated_at` timestamp NULL DEFAULT CURRENT_TIMESTAMP,
  PRIMARY KEY (`id`),
  UNIQUE KEY `unique_lesson_order` (`section_id`,`order_index`),
  KEY `fk_lesson_type` (`lesson_type_id`),
  KEY `fk_lesson_content` (`content_id`),
  CONSTRAINT `fk_lesson_content` FOREIGN KEY (`content_id`) REFERENCES `video_contents` (`id`) ON DELETE SET NULL,
  CONSTRAINT `fk_lesson_section` FOREIGN KEY (`section_id`) REFERENCES `sections` (`id`) ON DELETE CASCADE,
  CONSTRAINT `fk_lesson_type` FOREIGN KEY (`lesson_type_id`) REFERENCES `lesson_types` (`id`) ON DELETE RESTRICT
) ENGINE=InnoDB DEFAULT CHARSET=utf8mb4 COLLATE=utf8mb4_0900_ai_ci;
/*!40101 SET character_set_client = @saved_cs_client */;

--
-- Dumping data for table `lessons`
--

/*!40000 ALTER TABLE `lessons` DISABLE KEYS */;
INSERT INTO `lessons` VALUES ('00f32c21-57ff-4593-adea-0c23c97fe366','246c4d99-1e7c-41f1-94f6-af1ef703beaf','quiz1','type-002',NULL,1,'2025-08-27 06:55:16','2025-08-27 06:55:16'),('0269ff4c-64fa-4f97-9532-39735de1cc66','b9e471da-f559-4580-a0fe-a5bdfd910ed2','quiz2','type-002',NULL,2,'2025-08-27 05:47:58','2025-08-27 05:47:58'),('0ca9aee5-a899-4746-a885-c73f837ce572','ec3995c8-d154-49fa-b4da-188e098bcaaf','lesson 2','type-002',NULL,1,'2025-09-06 05:51:53','2025-09-07 03:53:30'),('1e64f97c-30ae-4374-9b50-0952a084bde7','f9f2db68-ed75-40e6-ba61-b48101ce90da','Lesson 2','type-002',NULL,1,'2025-09-23 03:53:18','2025-09-23 03:53:18'),('25af004d-9151-40b3-a7bd-02edc0d62df8','5830c41d-4706-4468-b4a1-53b304f92881','saas','type-001','84f30edb-f213-4f71-b843-ab98d3a684a4',1,'2025-08-27 07:01:21','2025-08-27 07:01:21'),('27fad40b-2553-450c-ab23-f4e5f42dbe23','e9b13676-9f48-40ce-93c8-49cf133edd8c','quiz7','type-002',NULL,1,'2025-08-27 05:48:02','2025-08-27 05:48:02'),('2877fc47-1d1f-4db4-9dc7-4bc5057c693b','50ff94d0-ad79-4e7a-840b-97713442814b','Set up React Environment','type-001','cd4f0a4c-48e8-44c1-ab06-21b1fa9d193a',0,'2025-08-26 03:19:09','2025-08-26 03:19:09'),('2f5cbdda-cd02-45dd-9061-d20c2415ed7e','b9e471da-f559-4580-a0fe-a5bdfd910ed2','T liet','type-001','1423154e-49b1-4061-b041-32ab0cf1ffb8',0,'2025-08-27 05:47:57','2025-08-27 05:47:57'),('3096d93e-ae0a-44a2-a6a9-885ae68f416c','8324ea51-e8d6-4698-9a6d-5a401ef944b9','lesson 1','type-001','724a8dca-04fd-4067-ae53-6182da4606e4',0,'2025-09-06 06:33:43','2025-09-07 03:53:30'),('31c45b4c-5b59-4169-9b53-67c3fed1aaf5','6e13bd64-d4f2-4f4e-a940-c5fa3f97c5ac','Lesson 1','type-002',NULL,0,'2025-09-07 12:38:32','2025-09-07 12:38:32'),('361310b6-e3dd-430c-91b9-db13646d6c55','8324ea51-e8d6-4698-9a6d-5a401ef944b9','lesson 2','type-001','b5586081-1720-445e-a0ac-8f49485f11ff',1,'2025-09-07 03:52:35','2025-09-07 03:53:30'),('3e7a7a57-d760-465f-9f3e-f87cfe7bbbc0','7eb83f59-9f24-4717-98ba-dc511f5a2c49','Lesson 1','type-001','8fa9b45b-5bec-42d2-a585-f41dd1be87f3',0,'2025-09-22 10:05:29','2025-09-22 10:05:29'),('49dc08da-476e-425c-970e-02f0a0a60485','5d661887-dcb8-4dd7-a1e6-963a9218434b','Lesson1','type-001','96c4143c-c787-4d00-843c-168efef49a86',0,'2025-09-23 21:55:05','2025-09-23 21:55:05'),('4cabc418-131c-45df-9619-400164efc630','ec3995c8-d154-49fa-b4da-188e098bcaaf','Lesson 1','type-001','d7dda3fd-0156-49a9-81b4-3693c4da13b9',0,'2025-09-06 04:13:38','2025-09-07 03:53:30'),('5e4edfba-987d-4106-8098-80314be1cc6e','b9e471da-f559-4580-a0fe-a5bdfd910ed2','quiz1','type-002',NULL,1,'2025-08-27 05:47:58','2025-08-27 05:47:58'),('62208dc4-d120-4705-8bea-810f0a1912aa','50ff94d0-ad79-4e7a-840b-97713442814b','lesson 2','type-002',NULL,1,'2025-08-26 03:19:10','2025-08-26 03:19:10'),('633bd945-d9a5-4f10-a275-59e695a60705','58b45cb0-3fbb-4080-a57e-6947d9cf6b18','T liet','type-001','4f1e9e93-7c53-45dd-8375-b2b70d5f9cea',0,'2025-08-27 06:57:33','2025-08-27 06:57:33'),('78346eaf-8333-4872-9da0-3ed5e69d0d38','e0346bb9-33ef-47ea-ab88-97afe24fa01c','Lesson 1','type-001','a9be853a-a279-4698-901d-b5d98b554635',0,'2025-09-22 11:37:21','2025-09-22 11:37:21'),('85f791e0-34c8-43ba-bf24-841b1821ccd6','c289f748-bf96-4c05-a0b9-8c8fc850c2d6','quiz4','type-002',NULL,0,'2025-08-27 05:48:00','2025-08-27 05:48:00'),('90b4ec34-8ca4-4092-a91a-f321bf0917a4','01c7310f-4a09-457b-88d0-96da84d9e5a9','lesson 2','type-002',NULL,1,'2025-09-22 11:47:46','2025-09-22 11:47:46'),('92a4059f-07a9-4cd6-8c79-a554973cd265','d5f18631-3cae-4d5e-a710-4d46970042e9','Lesson 1','type-001','e17f8a9f-6f37-4684-8399-5c972f4f74ec',0,'2025-09-06 12:44:58','2025-09-06 12:44:58'),('951e0149-5cb8-4cca-91af-c9acd3eb37ff','f3a95c03-c5f6-4378-83ca-a04b81cfc5ce','Lesson 1','type-001','68798714-38dd-4f59-b798-1cd428b5befa',0,'2025-09-22 15:32:43','2025-09-22 15:32:43'),('99341c9a-14e8-479d-9844-8ea22bac63ee','b9e471da-f559-4580-a0fe-a5bdfd910ed2','tliet','type-001','29d4f80c-ef86-44f3-8f9c-6189355590eb',4,'2025-08-27 06:54:53','2025-08-27 06:54:53'),('9ba37bdb-dafd-4a05-8f33-a68e67c8b9ab','01c7310f-4a09-457b-88d0-96da84d9e5a9','Lesson 1','type-001','572554fa-8cee-45c1-bf24-d9a02dadb22b',0,'2025-09-22 11:37:20','2025-09-22 11:37:20'),('a4b9846e-f963-493d-bb7b-7130dea94a50','e14b30f0-5d9a-43f7-9585-2741df8186de','Duong tau','type-002',NULL,2,'2025-08-23 14:53:54','2025-08-23 14:53:54'),('b4497378-35d3-4d1d-9468-6fcfccf7f339','c289f748-bf96-4c05-a0b9-8c8fc850c2d6','quiz5ki','type-002',NULL,1,'2025-08-27 05:48:00','2025-08-27 05:48:00'),('b5061e25-dcb9-4e74-8d87-ae19444a66c3','e9b13676-9f48-40ce-93c8-49cf133edd8c','quiz6','type-002',NULL,0,'2025-08-27 05:48:01','2025-08-27 05:48:01'),('c1c64b32-2eac-42b6-a0c1-8f6534688983','246c4d99-1e7c-41f1-94f6-af1ef703beaf','T liet','type-001','02ee673f-51c8-4771-ac48-7dbfd7f424ac',0,'2025-08-27 06:55:14','2025-08-27 06:55:14'),('c23f65db-ec45-4798-b878-ec39fd20d6d2','f9f2db68-ed75-40e6-ba61-b48101ce90da','lesson 1','type-001','add7ae8a-3757-4214-be23-72c6a967a3a6',0,'2025-09-23 03:53:17','2025-09-23 03:53:17'),('c7517505-67d0-4133-9594-1b24a43a2d76','e14b30f0-5d9a-43f7-9585-2741df8186de','Rau ma','type-002',NULL,1,'2025-08-23 14:53:52','2025-08-23 14:53:52'),('d709faf0-2e71-4fa7-9c40-716ae92d709d','5830c41d-4706-4468-b4a1-53b304f92881','video1','type-001','53c54d74-df95-4feb-aa55-6f35e406df9d',0,'2025-08-27 07:01:09','2025-08-27 07:01:09'),('d858dc1c-7118-4df0-b393-fcdd92072573','b9e471da-f559-4580-a0fe-a5bdfd910ed2','tliet','type-001','4c726572-ad59-4aaa-b21c-139fd2b32672',5,'2025-08-27 06:57:05','2025-08-27 06:57:05'),('d937b8cf-5013-47bb-a04d-9775af7d9af1','b9e471da-f559-4580-a0fe-a5bdfd910ed2','asgsa','type-001','5596d8a9-5815-4521-9a61-24c89e53b5b3',6,'2025-08-27 06:57:15','2025-08-27 06:57:15'),('de8135c0-4deb-40e1-9d79-82ddc0bd82ba','e27de6f3-dab7-4f6f-86c8-fa1c50da2c50','Understanding Neural Networks','type-001','00906ee1-1212-4b5f-aaa9-3be5f87e7043',0,'2025-09-06 13:59:16','2025-09-06 13:59:16'),('e1926ed4-7820-4ee3-8d10-830478eb2c88','246c4d99-1e7c-41f1-94f6-af1ef703beaf','agsag','type-001','f264f36e-d87b-43a1-8f3d-e00e7bb3a588',2,'2025-08-27 06:55:25','2025-08-27 06:55:25'),('e32f4055-8ec1-432d-b760-8d3f6c1bdce3','e14b30f0-5d9a-43f7-9585-2741df8186de','Set up React Environment 3636','type-001','c2d9d101-c96e-4894-a21e-9f9e558cfcac',0,'2025-08-23 14:53:50','2025-08-23 14:53:50'),('e9306f31-c7cc-4de1-b17a-294ac4d56490','517a0077-3067-4245-a4a4-e8096aacf47d','Lesson 1','type-001','69587b83-8a0e-451c-9809-3353168c516d',0,'2025-09-22 15:24:32','2025-09-22 15:24:32'),('e95a7da3-e1a8-444c-a87f-3cc585b2eb8f','b9e471da-f559-4580-a0fe-a5bdfd910ed2','quiz3','type-002',NULL,3,'2025-08-27 05:47:59','2025-08-27 05:47:59'),('ecadc0f6-9e58-4855-8c64-dba7e710d733','5d661887-dcb8-4dd7-a1e6-963a9218434b','quiz1','type-002',NULL,1,'2025-09-23 21:55:06','2025-09-23 21:55:06'),('fed48195-5c39-40f9-8b36-475493a13f8f','b7e2062b-17c1-43c6-bade-9962f0089d4f','What is Artificial Intelligence?','type-001','c6533cec-3abf-4975-8ea8-133b8b51c6e9',0,'2025-09-05 09:33:59','2025-09-05 09:33:59'),('lesson-001','section-001','Introduction to React','type-001','video-001',0,'2025-08-21 08:37:12','2025-08-21 08:37:12'),('lesson-002','section-001','React Basics Quiz','type-002',NULL,1,'2025-08-21 08:37:12','2025-08-21 08:37:12'),('lesson-003','section-002','Understanding Components','type-001','video-002',0,'2025-08-21 08:37:12','2025-08-21 08:37:12'),('lesson-004','section-002','JSX Syntax Quiz','type-002',NULL,1,'2025-08-21 08:37:12','2025-08-21 08:37:12'),('lesson-005','section-003','React Hooks Tutorial','type-001','video-011',0,'2025-08-21 08:37:12','2025-08-21 08:37:12'),('lesson-006','section-003','State Management Quiz','type-002',NULL,1,'2025-08-21 08:37:12','2025-08-21 08:37:12'),('lesson-007','section-004','ML Fundamentals','type-001','video-003',0,'2025-08-21 08:37:12','2025-08-21 08:37:12'),('lesson-008','section-004','Machine Learning Types Quiz','type-002',NULL,1,'2025-08-21 08:37:12','2025-08-21 08:37:12'),('lesson-009','section-005','Advanced ML Algorithms','type-001','video-012',0,'2025-08-21 08:37:12','2025-08-21 08:37:12'),('lesson-010','section-005','Data Preprocessing Quiz','type-002',NULL,1,'2025-08-21 08:37:12','2025-08-21 08:37:12'),('lesson-011','section-006','Setting up React Native','type-001','video-004',0,'2025-08-21 08:37:12','2025-08-21 08:37:12'),('lesson-011-01','section-011-01','What is Artificial Intelligence?','type-001','video-011-01',0,'2025-01-03 02:30:00','2025-01-03 02:30:00'),('lesson-011-02','section-011-01','History of AI','type-001','video-011-02',1,'2025-01-03 02:31:00','2025-01-03 02:31:00'),('lesson-011-03','section-011-01','AI Fundamentals Quiz','type-002',NULL,2,'2025-01-03 02:32:00','2025-01-03 02:32:00'),('lesson-011-04','section-011-02','Introduction to Machine Learning','type-001','video-011-03',0,'2025-01-03 02:33:00','2025-01-03 02:33:00'),('lesson-011-05','section-011-02','Machine Learning Quiz','type-002',NULL,1,'2025-01-03 02:34:00','2025-01-03 02:34:00'),('lesson-011-06','section-011-03','Understanding Neural Networks','type-001','video-011-04',0,'2025-01-03 02:35:00','2025-01-03 02:35:00'),('lesson-012','section-006','Environment Setup Quiz','type-002',NULL,1,'2025-08-21 08:37:12','2025-08-21 08:37:12'),('lesson-012-01','section-012-01','Python Decorators Mastery','type-001','video-012-01',0,'2025-01-05 03:30:00','2025-01-05 03:30:00'),('lesson-012-02','section-012-01','Advanced Python Quiz','type-002',NULL,1,'2025-01-05 03:31:00','2025-01-05 03:31:00'),('lesson-012-03','section-012-02','Async Programming in Python','type-001','video-012-02',0,'2025-01-05 03:32:00','2025-01-05 03:32:00'),('lesson-013','section-007','Mobile UI Components','type-001','video-001',0,'2025-08-21 08:37:12','2025-08-21 08:37:12'),('lesson-013-01','section-013-01','Vue.js 3 Setup and Basics','type-001','video-013-01',0,'2025-01-07 04:30:00','2025-01-07 04:30:00'),('lesson-013-02','section-013-02','Vuex State Management','type-001','video-013-02',0,'2025-01-07 04:31:00','2025-01-07 04:31:00'),('lesson-014','section-007','Mobile UI Quiz','type-002',NULL,1,'2025-08-21 08:37:12','2025-08-21 08:37:12'),('lesson-014-01','section-014-01','Docker Containers and Images','type-001','video-014-01',0,'2025-01-09 01:15:00','2025-01-09 01:15:00'),('lesson-014-02','section-014-02','Kubernetes Deployment','type-001','video-014-02',0,'2025-01-09 01:16:00','2025-01-09 01:16:00'),('lesson-015','section-008','Cybersecurity Overview','type-001','video-005',0,'2025-08-21 08:37:12','2025-08-21 08:37:12'),('lesson-015-01','section-015-01','Flutter Setup and First App','type-001','video-015-01',0,'2025-01-11 07:45:00','2025-01-11 07:45:00'),('lesson-015-02','section-015-02','Flutter Widgets and Layouts','type-001','video-015-02',0,'2025-01-11 07:46:00','2025-01-11 07:46:00'),('lesson-016','section-008','Security Threats Assessment','type-002',NULL,1,'2025-08-21 08:37:12','2025-08-21 08:37:12'),('lesson-017','section-009','Network Defense Strategies','type-001','video-002',0,'2025-08-21 08:37:12','2025-08-21 08:37:12'),('lesson-018','section-009','Network Security Quiz','type-002',NULL,1,'2025-08-21 08:37:12','2025-08-21 08:37:12'),('lesson-019','section-010','HTML CSS Basics','type-001','video-006',0,'2025-08-21 08:37:12','2025-08-21 08:37:12'),('lesson-020','section-010','HTML CSS Quiz','type-002',NULL,1,'2025-08-21 08:37:12','2025-08-21 08:37:12'),('lesson-021','section-011','Media Queries and Flexbox','type-001','video-003',0,'2025-08-21 08:37:12','2025-08-21 08:37:12'),('lesson-022','section-011','Responsive Design Quiz','type-002',NULL,1,'2025-08-21 08:37:12','2025-08-21 08:37:12'),('lesson-023','section-012','DevOps Culture and Practices','type-001','video-004',0,'2025-08-21 08:37:12','2025-08-21 08:37:12'),('lesson-024','section-012','DevOps Concepts Quiz','type-002',NULL,1,'2025-08-21 08:37:12','2025-08-21 08:37:12'),('lesson-025','section-013','Docker Introduction','type-001','video-007',0,'2025-08-21 08:37:12','2025-08-21 08:37:12'),('lesson-026','section-013','Docker Containerization Quiz','type-002',NULL,1,'2025-08-21 08:37:12','2025-08-21 08:37:12'),('lesson-027','section-014','Python Fundamentals','type-001','video-008',0,'2025-08-21 08:37:12','2025-08-21 08:37:12'),('lesson-028','section-014','Python Syntax Quiz','type-002',NULL,1,'2025-08-21 08:37:12','2025-08-21 08:37:12'),('lesson-029','section-015','Pandas DataFrames','type-001','video-009',0,'2025-08-21 08:37:12','2025-08-21 08:37:12'),('lesson-030','section-015','Data Analysis Quiz','type-002',NULL,1,'2025-08-21 08:37:12','2025-08-21 08:37:12'),('lesson-031','section-016','Database Normalization','type-001','video-010',0,'2025-08-21 08:37:12','2025-08-21 08:37:12'),('lesson-032','section-016','Database Design Quiz','type-002',NULL,1,'2025-08-21 08:37:12','2025-08-21 08:37:12'),('lesson-033','section-017','Unity Interface Overview','type-001','video-009',0,'2025-08-21 08:37:12','2025-08-21 08:37:12'),('lesson-034','section-017','Unity Basics Quiz','type-002',NULL,1,'2025-08-21 08:37:12','2025-08-21 08:37:12'),('lesson-035','section-018','2D Game Mechanics','type-001','video-011',0,'2025-08-21 08:37:12','2025-08-21 08:37:12'),('lesson-036','section-018','Game Development Quiz','type-002',NULL,1,'2025-08-21 08:37:12','2025-08-21 08:37:12'),('lesson-037','section-019','Advanced JavaScript Features','type-001','video-010',0,'2025-08-21 08:37:12','2025-08-21 08:37:12'),('lesson-038','section-019','JavaScript Patterns Quiz','type-002',NULL,1,'2025-08-21 08:37:12','2025-08-21 08:37:12'),('lesson-039','section-020','Node.js Server Setup','type-001','video-012',0,'2025-08-21 08:37:12','2025-08-21 08:37:12'),('lesson-040','section-020','Node.js Development Quiz','type-002',NULL,1,'2025-08-21 08:37:12','2025-08-21 08:37:12');
/*!40000 ALTER TABLE `lessons` ENABLE KEYS */;

--
-- Table structure for table `notifications`
--

DROP TABLE IF EXISTS `notifications`;
/*!40101 SET @saved_cs_client     = @@character_set_client */;
/*!50503 SET character_set_client = utf8mb4 */;
CREATE TABLE `notifications` (
  `id` varchar(36) NOT NULL,
  `user_id` varchar(36) NOT NULL,
  `resource_id` varchar(36) NOT NULL,
  `entity_id` varchar(36) NOT NULL,
  `message` text NOT NULL,
  `action_url` varchar(255) NOT NULL,
  `priority` enum('LOW','MEDIUM','HIGH') NOT NULL DEFAULT 'LOW',
  `is_read` bit(1) NOT NULL,
  `created_at` timestamp NOT NULL DEFAULT CURRENT_TIMESTAMP,
  `read_at` timestamp NULL DEFAULT NULL,
  `updated_at` timestamp NOT NULL DEFAULT CURRENT_TIMESTAMP ON UPDATE CURRENT_TIMESTAMP,
  `expired_at` timestamp NULL DEFAULT NULL,
  PRIMARY KEY (`id`),
  KEY `idx_notifications_user` (`user_id`),
  KEY `idx_notifications_resource` (`resource_id`),
  KEY `idx_notifications_entity` (`entity_id`),
  KEY `idx_notifications_is_read` (`is_read`),
  KEY `idx_notifications_priority` (`priority`),
  KEY `idx_notifications_created_at` (`created_at`),
  KEY `idx_notifications_expired_at` (`expired_at`),
  KEY `idx_notifications_user_read_created` (`user_id`,`is_read`,`created_at`),
  CONSTRAINT `fk_notification_resource` FOREIGN KEY (`resource_id`) REFERENCES `resources` (`id`) ON DELETE CASCADE,
  CONSTRAINT `fk_notification_user` FOREIGN KEY (`user_id`) REFERENCES `users` (`id`) ON DELETE CASCADE
) ENGINE=InnoDB DEFAULT CHARSET=utf8mb4 COLLATE=utf8mb4_0900_ai_ci;
/*!40101 SET character_set_client = @saved_cs_client */;

--
-- Dumping data for table `notifications`
--

/*!40000 ALTER TABLE `notifications` DISABLE KEYS */;
INSERT INTO `notifications` VALUES ('00da8bd2-6528-428e-9851-efc7f0f6cc65','9f0e6dc0-7be0-4e75-a8b0-b5e8f1f860ee','res-payment-001','29be9673-36cd-47ee-bdc7-c0a6e9bdf44c','Student Minh Tam Testo has successfully paid 99.00 for course \'vitdien\'','/admin/payments/29be9673-36cd-47ee-bdc7-c0a6e9bdf44c','MEDIUM',0x00,'2025-09-22 03:45:08',NULL,'2025-09-22 03:45:08','2025-10-22 03:45:07'),('039b7067-1c9d-4a44-9a1b-c4abd1961a5c','user-006','res-enrollment-001','92e78214-5479-46dd-ae0d-c3ab38177288','📚 Vit Dien vừa đăng ký khóa học \'DevOps and Docker Containerization\' của bạn','/instructor/students/ec592cdf-3410-4fdc-a79d-2ef048b15899','MEDIUM',0x00,'2025-09-23 21:45:34',NULL,'2025-09-23 21:45:34','2025-10-23 21:45:34'),('03f2049c-81b5-4fa8-8e1c-cc93327b7dba','SYSTEM','res-payment-001','2978787c-2192-470f-9717-56d06dc59415','Sinh viên Sơn Trịnh đã thanh toán thành công 84.15 cho khóa học \'2c4fccd5-49b6-44cc-bdec-d0e951db3619\'','/admin/payments/2978787c-2192-470f-9717-56d06dc59415','MEDIUM',0x00,'2025-09-22 01:37:47',NULL,'2025-09-22 01:37:47','2025-10-22 01:37:47'),('03f92a5b-8702-4545-9f1f-de2775ac0582','ef77d3be-d19f-4d84-b77c-46a385576e53','res-payment-001','09330282-dd89-4b09-83e0-8e499e252276','Sinh viên Sơn Trịnh đã thanh toán thành công 30.58 cho khóa học \'72eb8613-3192-4dc4-8917-d4baefe98582\'','/admin/payments/09330282-dd89-4b09-83e0-8e499e252276','MEDIUM',0x00,'2025-09-22 02:15:07',NULL,'2025-09-22 02:15:07','2025-10-22 02:15:07'),('0502eec5-6729-42c8-bdb5-59b5dc120b9d','user-003','res-enrollment-001','e23fd425-14bc-4856-8be8-32f1e68a6104','📚 Vit Dien vừa đăng ký khóa học \'Bao lâu nữa thì bán được 1 tỷ gói mè?\' của bạn','/instructor/students/ec592cdf-3410-4fdc-a79d-2ef048b15899','MEDIUM',0x00,'2025-09-23 22:16:29',NULL,'2025-09-23 22:16:29','2025-10-23 22:16:29'),('11107439-df52-47e5-ac2d-bcc8f3c85ae2','user-003','res-course-001','fe33fc8c-d4ef-45cf-bbdd-182823f81f7b','❌ Khóa học \'test123\' của bạn cần chỉnh sửa. Lý do: Rename course','/instructor/courses/fe33fc8c-d4ef-45cf-bbdd-182823f81f7b','HIGH',0x00,'2025-09-23 03:53:54',NULL,'2025-09-23 03:53:54','2025-10-23 03:53:54'),('17757b9b-df8a-4e0a-9bbb-ceecb9c88186','SYSTEM','res-payment-001','f5ffd976-7f76-4251-af38-1cd8aa9033fb','Sinh viên Vit Dien đã thanh toán thành công 99.00 cho khóa học \'2c4fccd5-49b6-44cc-bdec-d0e951db3619\'','/admin/payments/f5ffd976-7f76-4251-af38-1cd8aa9033fb','MEDIUM',0x00,'2025-09-23 23:37:50',NULL,'2025-09-23 23:37:50','2025-10-23 23:37:50'),('18ec37b8-1a39-48fc-a46a-2da42e6fb1bf','user-003','res-enrollment-001','cf3fc325-1786-4412-a2bd-afc5aa8ae9d2','📚 Vit Dien vừa đăng ký khóa học \'vitdien\' của bạn','/instructor/students/ec592cdf-3410-4fdc-a79d-2ef048b15899','MEDIUM',0x00,'2025-09-23 23:37:38',NULL,'2025-09-23 23:37:38','2025-10-23 23:37:38'),('1bfcb547-4cde-4cb5-80a2-6ee1a377e334','SYSTEM','res-course-001','course-001','Khóa học mới \'Complete React Development Course\' của giảng viên Charlie cần được duyệt','/admin/courses/review-course/course-001','HIGH',0x00,'2025-09-23 02:32:12',NULL,'2025-09-23 02:32:12','2025-10-23 02:32:12'),('1e9b4afd-e97e-47ea-90e8-d76ab7166c76','SYSTEM','res-payment-001','09330282-dd89-4b09-83e0-8e499e252276','Sinh viên Sơn Trịnh đã thanh toán thành công 30.58 cho khóa học \'72eb8613-3192-4dc4-8917-d4baefe98582\'','/admin/payments/09330282-dd89-4b09-83e0-8e499e252276','MEDIUM',0x00,'2025-09-22 02:15:07',NULL,'2025-09-22 02:15:07','2025-10-22 02:15:07'),('1eaa4d67-b27c-4548-a264-392baf1fbd89','user-001','res-payment-001','d2bba42e-95ee-4fa4-b9b3-8b8744c18a8b','Sinh viên Vịt Điên đã thanh toán thành công 30.59 cho khóa học \'9f1881cf-e4ad-4901-9e47-e28e4b553886\'','/admin/payments/d2bba42e-95ee-4fa4-b9b3-8b8744c18a8b','MEDIUM',0x00,'2025-09-21 05:36:34',NULL,'2025-09-21 05:36:34','2025-10-21 05:36:34'),('2cea148a-9271-4706-9f06-185984b567eb','user-003','res-enrollment-001','42db9eeb-10c3-49ac-8d47-76d611c623d1','📚 Sơn Trịnh vừa đăng ký khóa học \'video test\' của bạn','/instructor/students/4b36f90c-ae3d-4458-8b04-045e77b8d9c1','MEDIUM',0x00,'2025-09-22 02:15:04',NULL,'2025-09-22 02:15:04','2025-10-22 02:15:04'),('3082320f-d87d-45cb-94ff-0c31f8808f14','user-001','res-course-001','f7c8da66-bc3e-4088-8c1c-b20387bfd3bc','Khóa học mới \'Ma may ten la Ngoc\' của giảng viên Charlie cần được duyệt','/admin/courses/review-course/f7c8da66-bc3e-4088-8c1c-b20387bfd3bc','HIGH',0x00,'2025-09-23 02:15:27',NULL,'2025-09-23 02:15:27','2025-10-23 02:15:27'),('33acfb52-748e-43b7-9f89-5b09978bbe62','user-001','res-course-001','2ac197b4-cb91-40e7-99d6-e69e425f6ea9','Khóa học mới \'aaaaaaaaaaaaaaa\' của giảng viên Charlie cần được duyệt','/admin/courses/review-course/2ac197b4-cb91-40e7-99d6-e69e425f6ea9','HIGH',0x01,'2025-09-21 08:05:43','2025-09-21 08:41:19','2025-09-21 08:41:19','2025-10-21 08:05:43'),('340b61d6-bb25-4169-9f63-54cd45bb1687','SYSTEM','res-payment-001','e371a189-1af0-4b7a-915d-9749ba9eb9cd','Sinh viên Sơn Trịnh đã thanh toán thành công 212.49 cho khóa học \'course-006\'','/admin/payments/e371a189-1af0-4b7a-915d-9749ba9eb9cd','MEDIUM',0x00,'2025-09-22 10:42:05',NULL,'2025-09-22 10:42:05','2025-10-22 10:42:05'),('380a3b1c-67ab-4e81-9ece-c4bb2e1acde9','user-005','res-course-001','course-013','❌ Khóa học \'Complete Vue.js Web Development\' của bạn cần chỉnh sửa. Lý do: may ngu lam','/instructor/courses/course-013','HIGH',0x00,'2025-09-21 09:27:06',NULL,'2025-09-21 09:27:06','2025-10-21 09:27:06'),('3da3741b-9876-4dbd-b2dc-73f3c2ca90a3','user-005','res-enrollment-001','b6bd6439-3a40-4041-9a27-2bb7f2314595','📚 Vịt Điên vừa đăng ký khóa học \'Complete Vue.js Web Development\' của bạn','/instructor/students/41af40ad-9423-42b6-a4ae-38a45b8ddf93','MEDIUM',0x00,'2025-09-12 06:34:32',NULL,'2025-09-12 06:34:32','2025-10-12 06:34:32'),('407c2dc7-8bd6-4b89-bb7e-ed4039953f50','user-003','res-enrollment-001','9308d2ca-bdd5-4fa6-a475-3e8d4124de69','📚 Vịt Điên vừa đăng ký khóa học \'vitdien21\' của bạn','/instructor/students/41af40ad-9423-42b6-a4ae-38a45b8ddf93','MEDIUM',0x01,'2025-09-21 05:36:28','2025-09-21 07:12:51','2025-09-21 07:12:51','2025-10-21 05:36:28'),('498ff57a-0123-46e3-ae5e-6c4995247750','user-001','res-course-001','fe33fc8c-d4ef-45cf-bbdd-182823f81f7b','Khóa học mới \'How to get 1 billion in one day\' của giảng viên Charlie cần được duyệt','/admin/courses/review-course/fe33fc8c-d4ef-45cf-bbdd-182823f81f7b','HIGH',0x01,'2025-09-23 03:54:58','2025-09-23 21:43:15','2025-09-23 21:43:15','2025-10-23 03:54:58'),('4c53454f-2ea9-4f16-b38f-904b19d44f3d','user-001','res-instructor-application-001','ae74ec1e-2ed4-4948-84a9-df50baae62d6','Đơn đăng ký giảng viên mới từ tét avavsdv (test111aa@gmail.com) cần được duyệt','/admin/applications/ae74ec1e-2ed4-4948-84a9-df50baae62d6','HIGH',0x01,'2025-09-15 04:51:37','2025-09-15 04:51:53','2025-09-15 04:51:53','2025-10-15 04:51:37'),('4f460f31-17ab-49c1-bb22-e93b4c4c9b05','SYSTEM','res-course-001','f7c8da66-bc3e-4088-8c1c-b20387bfd3bc','Khóa học mới \'Ma may ten la Ngoc\' của giảng viên Charlie cần được duyệt','/admin/courses/review-course/f7c8da66-bc3e-4088-8c1c-b20387bfd3bc','HIGH',0x00,'2025-09-23 02:15:27',NULL,'2025-09-23 02:15:27','2025-10-23 02:15:27'),('4f594b30-0e2e-4021-839d-57d57b66a5b3','SYSTEM','res-course-001','fe33fc8c-d4ef-45cf-bbdd-182823f81f7b','Khóa học mới \'How to get 1 billion in one day\' của giảng viên Charlie cần được duyệt','/admin/courses/review-course/fe33fc8c-d4ef-45cf-bbdd-182823f81f7b','HIGH',0x00,'2025-09-23 03:54:58',NULL,'2025-09-23 03:54:58','2025-10-23 03:54:58'),('517ebf02-bab3-43c4-a25a-e9992911a916','user-001','res-course-001','course-001','Khóa học mới \'Complete React Development Course\' của giảng viên Charlie cần được duyệt','/admin/courses/review-course/course-001','HIGH',0x00,'2025-09-23 02:32:12',NULL,'2025-09-23 02:32:12','2025-10-23 02:32:12'),('5204847e-b1b2-41a2-8959-c259a92fb0b8','user-008','res-enrollment-001','207697b6-53d5-4f2c-80cf-0f6ad29bc460','📚 Bob dsagdg vừa đăng ký khóa học \'Cybersecurity Essentials\' của bạn','/instructor/students/user-002','MEDIUM',0x00,'2025-09-14 08:46:38',NULL,'2025-09-14 08:46:38','2025-10-14 08:46:38'),('55431187-600c-405a-b834-9d587cb15062','user-003','res-enrollment-001','2f086b20-458b-4e17-b8c0-37b10a7c2fd3','📚 Vit Dien vừa đăng ký khóa học \'How to get 1 billion in one day\' của bạn','/instructor/students/ec592cdf-3410-4fdc-a79d-2ef048b15899','MEDIUM',0x00,'2025-09-23 21:43:54',NULL,'2025-09-23 21:43:54','2025-10-23 21:43:54'),('55e5e217-a53f-4c13-b576-fd4d17220349','SYSTEM','res-payment-001','a02561f1-be8a-44e9-b02d-85bc8712e047','Sinh viên Vit Dien đã thanh toán thành công 35.99 cho khóa học \'63459fb6-0eb1-42f8-802e-f51ca751f296\'','/admin/payments/a02561f1-be8a-44e9-b02d-85bc8712e047','MEDIUM',0x00,'2025-09-23 22:16:33',NULL,'2025-09-23 22:16:33','2025-10-23 22:16:33'),('5958f248-eace-4df4-8e3a-5d4ee7f13e79','user-005','res-enrollment-001','a057075a-6afe-4d84-976c-1887ee8db41a','📚 Vit Dien vừa đăng ký khóa học \'Complete Vue.js Web Development\' của bạn','/instructor/students/ec592cdf-3410-4fdc-a79d-2ef048b15899','MEDIUM',0x00,'2025-09-21 06:27:29',NULL,'2025-09-21 06:27:29','2025-10-21 06:27:29'),('59b19818-9ae9-40f1-b9cc-509b26ec7fd0','SYSTEM','res-payment-001','41af40ad-9423-42b6-a4ae-38a45b8ddf93','Sinh viên Vịt Điên đã thanh toán thành công 110.49 cho khóa học \'course-013\'','/admin/payments/41af40ad-9423-42b6-a4ae-38a45b8ddf93','MEDIUM',0x00,'2025-09-12 06:34:33',NULL,'2025-09-12 06:34:33','2025-10-12 06:34:33'),('5c43cf55-e771-4da1-9d05-58f7023d80c1','SYSTEM','res-course-001','2ac197b4-cb91-40e7-99d6-e69e425f6ea9','Khóa học mới \'aaaaaaaaaaaaaaa\' của giảng viên Charlie cần được duyệt','/admin/courses/review-course/2ac197b4-cb91-40e7-99d6-e69e425f6ea9','HIGH',0x00,'2025-09-21 08:05:43',NULL,'2025-09-21 08:05:43','2025-10-21 08:05:43'),('5c68c0bd-49e2-4b6b-8805-03d9fa5b15f7','SYSTEM','res-instructor-application-001','ae74ec1e-2ed4-4948-84a9-df50baae62d6','Đơn đăng ký giảng viên mới từ tét avavsdv (test111aa@gmail.com) cần được duyệt','/admin/applications/ae74ec1e-2ed4-4948-84a9-df50baae62d6','HIGH',0x00,'2025-09-15 04:51:37',NULL,'2025-09-15 04:51:37','2025-10-15 04:51:37'),('5ca819c3-a6ec-4a72-a9e7-1721dddfbcf5','ef77d3be-d19f-4d84-b77c-46a385576e53','res-payment-001','d910a979-ed70-4c85-8717-4276a770e87d','Student Minh Tam Testo has successfully paid 35.99 for course \'vitdien21\'','/admin/payments/d910a979-ed70-4c85-8717-4276a770e87d','MEDIUM',0x00,'2025-09-22 03:46:01',NULL,'2025-09-22 03:46:01','2025-10-22 03:46:01'),('5cb720c6-f482-494d-8b8b-3963d0c4efac','SYSTEM','res-payment-001','user-002','Sinh viên Bob dsagdg đã thanh toán thành công 149.99 cho khóa học \'course-002\'','/admin/payments/user-002','MEDIUM',0x00,'2025-09-14 08:45:54',NULL,'2025-09-14 08:45:54','2025-10-14 08:45:54'),('66505a82-f901-43be-a714-53e518ebb975','SYSTEM','res-payment-001','d2bba42e-95ee-4fa4-b9b3-8b8744c18a8b','Sinh viên Vịt Điên đã thanh toán thành công 30.59 cho khóa học \'9f1881cf-e4ad-4901-9e47-e28e4b553886\'','/admin/payments/d2bba42e-95ee-4fa4-b9b3-8b8744c18a8b','MEDIUM',0x00,'2025-09-21 05:36:34',NULL,'2025-09-21 05:36:34','2025-10-21 05:36:34'),('6ce75e75-29e9-4f46-a197-d66d720348f9','user-009','res-enrollment-001','2161c7e0-0209-4199-aca6-a463e02875bc','📚 Bob dsagdg vừa đăng ký khóa học \'Cloud Computing with AWS\' của bạn','/instructor/students/user-002','MEDIUM',0x00,'2025-09-14 08:47:36',NULL,'2025-09-14 08:47:36','2025-10-14 08:47:36'),('7068a0b3-64c9-4c59-9333-2638ab28d58d','SYSTEM','res-payment-001','user-002','Sinh viên Bob dsagdg đã thanh toán thành công 199.99 cho khóa học \'course-007\'','/admin/payments/user-002','MEDIUM',0x00,'2025-09-14 08:47:41',NULL,'2025-09-14 08:47:41','2025-10-14 08:47:41'),('715a2953-0e69-44f5-af59-ca8ffd54fd15','9f0e6dc0-7be0-4e75-a8b0-b5e8f1f860ee','res-payment-001','f5ffd976-7f76-4251-af38-1cd8aa9033fb','Sinh viên Vit Dien đã thanh toán thành công 99.00 cho khóa học \'2c4fccd5-49b6-44cc-bdec-d0e951db3619\'','/admin/payments/f5ffd976-7f76-4251-af38-1cd8aa9033fb','MEDIUM',0x00,'2025-09-23 23:37:50',NULL,'2025-09-23 23:37:50','2025-10-23 23:37:50'),('72fc936b-8f5e-4687-ba32-e2ef62b5fc68','SYSTEM','res-payment-001','29be9673-36cd-47ee-bdc7-c0a6e9bdf44c','Student Minh Tam Testo has successfully paid 99.00 for course \'vitdien\'','/admin/payments/29be9673-36cd-47ee-bdc7-c0a6e9bdf44c','MEDIUM',0x00,'2025-09-22 03:45:08',NULL,'2025-09-22 03:45:08','2025-10-22 03:45:07'),('73ab3912-b0e9-48c7-b4d2-fdfa9a210fff','user-003','res-course-001','course-001','❌ Your course \'Complete React Development Course\' needs modifications. Reason: gágavfffdfđf','/instructor/courses/course-001','HIGH',0x00,'2025-09-22 03:51:31',NULL,'2025-09-22 03:51:31','2025-10-22 03:51:30'),('73c8dee6-b0e0-4cc4-bb57-e1f3e6fc1f3c','user-001','res-course-001','fe33fc8c-d4ef-45cf-bbdd-182823f81f7b','Khóa học mới \'test123\' của giảng viên Charlie cần được duyệt','/admin/courses/review-course/fe33fc8c-d4ef-45cf-bbdd-182823f81f7b','HIGH',0x01,'2025-09-23 03:53:19','2025-09-23 21:43:35','2025-09-23 21:43:35','2025-10-23 03:53:19'),('76385ed9-194f-4906-b4f4-4b9cbba4e701','user-001','res-payment-001','0cc26a99-9caa-45ad-a1b6-bc904167af71','Sinh viên Vit Dien đã thanh toán thành công 34.20 cho khóa học \'fe33fc8c-d4ef-45cf-bbdd-182823f81f7b\'','/admin/payments/0cc26a99-9caa-45ad-a1b6-bc904167af71','MEDIUM',0x00,'2025-09-23 21:43:59',NULL,'2025-09-23 21:43:59','2025-10-23 21:43:59'),('78893a41-b9c1-4db7-b67a-f530f4cfff3e','user-001','res-payment-001','d910a979-ed70-4c85-8717-4276a770e87d','Student Minh Tam Testo has successfully paid 35.99 for course \'vitdien21\'','/admin/payments/d910a979-ed70-4c85-8717-4276a770e87d','MEDIUM',0x01,'2025-09-22 03:46:01','2025-09-22 03:46:12','2025-09-22 03:46:12','2025-10-22 03:46:01'),('798cb392-4658-4f3e-83af-e49cad2c4bde','user-001','res-course-001','63459fb6-0eb1-42f8-802e-f51ca751f296','Khóa học mới \'Bao lâu nữa thì bán được 1 tỷ gói mè?\' của giảng viên Charlie cần được duyệt','/admin/courses/review-course/63459fb6-0eb1-42f8-802e-f51ca751f296','HIGH',0x00,'2025-09-23 21:55:07',NULL,'2025-09-23 21:55:07','2025-10-23 21:55:07'),('8151b97f-11b0-4f3a-bbfc-b35459d47349','SYSTEM','res-payment-001','51bf5e25-71f1-4731-a758-791a983dffe6','Sinh viên Vit Dien đã thanh toán thành công 127.39 cho khóa học \'course-013\'','/admin/payments/51bf5e25-71f1-4731-a758-791a983dffe6','MEDIUM',0x00,'2025-09-21 06:27:34',NULL,'2025-09-21 06:27:34','2025-10-21 06:27:34'),('82e87d64-7bb4-4b29-b7a9-c7e9310bf370','9f0e6dc0-7be0-4e75-a8b0-b5e8f1f860ee','res-payment-001','e371a189-1af0-4b7a-915d-9749ba9eb9cd','Sinh viên Sơn Trịnh đã thanh toán thành công 212.49 cho khóa học \'course-006\'','/admin/payments/e371a189-1af0-4b7a-915d-9749ba9eb9cd','MEDIUM',0x00,'2025-09-22 10:42:05',NULL,'2025-09-22 10:42:05','2025-10-22 10:42:05'),('88580bf8-5f6d-4784-95b3-0f562f6a6898','9f0e6dc0-7be0-4e75-a8b0-b5e8f1f860ee','res-payment-001','a02561f1-be8a-44e9-b02d-85bc8712e047','Sinh viên Vit Dien đã thanh toán thành công 35.99 cho khóa học \'63459fb6-0eb1-42f8-802e-f51ca751f296\'','/admin/payments/a02561f1-be8a-44e9-b02d-85bc8712e047','MEDIUM',0x00,'2025-09-23 22:16:33',NULL,'2025-09-23 22:16:33','2025-10-23 22:16:33'),('8a2c04ea-f622-4d9a-92c7-4659def8d1a6','9f0e6dc0-7be0-4e75-a8b0-b5e8f1f860ee','res-payment-001','0cc26a99-9caa-45ad-a1b6-bc904167af71','Sinh viên Vit Dien đã thanh toán thành công 34.20 cho khóa học \'fe33fc8c-d4ef-45cf-bbdd-182823f81f7b\'','/admin/payments/0cc26a99-9caa-45ad-a1b6-bc904167af71','MEDIUM',0x00,'2025-09-23 21:43:59',NULL,'2025-09-23 21:43:59','2025-10-23 21:43:59'),('8ca26215-7b50-4522-82a1-8e5d41f80fe2','9f0e6dc0-7be0-4e75-a8b0-b5e8f1f860ee','res-payment-001','09330282-dd89-4b09-83e0-8e499e252276','Sinh viên Sơn Trịnh đã thanh toán thành công 30.58 cho khóa học \'72eb8613-3192-4dc4-8917-d4baefe98582\'','/admin/payments/09330282-dd89-4b09-83e0-8e499e252276','MEDIUM',0x00,'2025-09-22 02:15:07',NULL,'2025-09-22 02:15:07','2025-10-22 02:15:07'),('8e1c10d7-1eb3-4516-9a37-7cf76895eac0','SYSTEM','res-payment-001','user-002','Sinh viên Bob dsagdg đã thanh toán thành công 199.99 cho khóa học \'course-004\'','/admin/payments/user-002','MEDIUM',0x00,'2025-09-14 08:46:42',NULL,'2025-09-14 08:46:42','2025-10-14 08:46:42'),('8e6d43d9-7223-4b96-80d3-e3ab042fb6db','user-003','res-course-001','2c4fccd5-49b6-44cc-bdec-d0e951db3619','🎉 Chúc mừng! Khóa học \'vitdien\' của bạn đã được phê duyệt và có thể xuất bản','/instructor/courses/2c4fccd5-49b6-44cc-bdec-d0e951db3619','HIGH',0x00,'2025-09-21 09:26:41',NULL,'2025-09-21 09:26:41','2025-10-21 09:26:41'),('92ed0c0a-56d0-44f4-a043-8ec3ddd6811e','SYSTEM','res-payment-001','1245fc1e-8dde-43df-b919-633d0704c3fa','Sinh viên Vit Dien đã thanh toán thành công 189.99 cho khóa học \'course-014\'','/admin/payments/1245fc1e-8dde-43df-b919-633d0704c3fa','MEDIUM',0x00,'2025-09-23 21:45:44',NULL,'2025-09-23 21:45:44','2025-10-23 21:45:44'),('94765d5b-bc54-4a35-b61b-5455e241d6ce','user-003','res-enrollment-001','ed00f992-a918-48bf-9bba-d7b408a2f592','📚 Minh Tam Testo has just enrolled in your course \'vitdien21\'','/instructor/students/b080d1b9-3ec3-4f31-b512-8ba5e2d95122','MEDIUM',0x00,'2025-09-22 03:45:57',NULL,'2025-09-22 03:45:57','2025-10-22 03:45:57'),('96c09679-8fd5-4dd5-8598-6a03b19d15bc','user-003','res-course-001','fe33fc8c-d4ef-45cf-bbdd-182823f81f7b','🎉 Chúc mừng! Khóa học \'How to get 1 billion in one day\' của bạn đã được phê duyệt và có thể xuất bản','/instructor/courses/fe33fc8c-d4ef-45cf-bbdd-182823f81f7b','HIGH',0x00,'2025-09-23 03:55:11',NULL,'2025-09-23 03:55:11','2025-10-23 03:55:11'),('9a49376e-5be2-4ae9-98df-ec4c30e81659','user-001','res-payment-001','51bf5e25-71f1-4731-a758-791a983dffe6','Sinh viên Vit Dien đã thanh toán thành công 127.39 cho khóa học \'course-013\'','/admin/payments/51bf5e25-71f1-4731-a758-791a983dffe6','MEDIUM',0x00,'2025-09-21 06:27:34',NULL,'2025-09-21 06:27:34','2025-10-21 06:27:34'),('a3ae8f5b-2dd3-419a-a2ca-8d5a007d9453','SYSTEM','res-course-001','63459fb6-0eb1-42f8-802e-f51ca751f296','Khóa học mới \'Bao lâu nữa thì bán được 1 tỷ gói mè?\' của giảng viên Charlie cần được duyệt','/admin/courses/review-course/63459fb6-0eb1-42f8-802e-f51ca751f296','HIGH',0x00,'2025-09-23 21:55:07',NULL,'2025-09-23 21:55:07','2025-10-23 21:55:07'),('a7986e79-e1a3-44f8-b51f-de822eb4b665','ae74ec1e-2ed4-4948-84a9-df50baae62d6','res-instructor-application-001','837f1e8c-3a8d-427e-8263-048b4d9fddc2','❌ Đơn đăng ký làm giảng viên của bạn đã bị từ chối. Lý do: ngu. Bạn có thể nộp đơn mới sau 3 ngày.','/settings?tab=application','HIGH',0x01,'2025-09-14 10:35:06','2025-09-14 10:35:24','2025-09-14 10:35:24','2025-12-13 10:35:05'),('a9c1c2e6-57ae-427a-be23-628993226ff8','user-003','res-enrollment-001','9c2b31ba-6d46-4acf-9f09-420a6ec3a324','📚 Minh Tam Testo has just enrolled in your course \'vitdien\'','/instructor/students/b080d1b9-3ec3-4f31-b512-8ba5e2d95122','MEDIUM',0x00,'2025-09-22 03:45:04',NULL,'2025-09-22 03:45:04','2025-10-22 03:45:04'),('abb3027f-e956-42ff-bdc2-73129e8ad381','user-001','res-payment-001','1245fc1e-8dde-43df-b919-633d0704c3fa','Sinh viên Vit Dien đã thanh toán thành công 189.99 cho khóa học \'course-014\'','/admin/payments/1245fc1e-8dde-43df-b919-633d0704c3fa','MEDIUM',0x00,'2025-09-23 21:45:44',NULL,'2025-09-23 21:45:44','2025-10-23 21:45:44'),('b06fd0c5-b47e-4d78-b413-d30fb03127fb','9f0e6dc0-7be0-4e75-a8b0-b5e8f1f860ee','res-payment-001','2978787c-2192-470f-9717-56d06dc59415','Sinh viên Sơn Trịnh đã thanh toán thành công 84.15 cho khóa học \'2c4fccd5-49b6-44cc-bdec-d0e951db3619\'','/admin/payments/2978787c-2192-470f-9717-56d06dc59415','MEDIUM',0x00,'2025-09-22 01:37:47',NULL,'2025-09-22 01:37:47','2025-10-22 01:37:47'),('b837a13f-aec2-4ccf-bccc-a226cf057f16','user-003','res-enrollment-001','0705cae3-ddef-4f5a-8ae9-54137b349642','📚 Sơn Trịnh vừa đăng ký khóa học \'vitdien\' của bạn','/instructor/students/4b36f90c-ae3d-4458-8b04-045e77b8d9c1','MEDIUM',0x00,'2025-09-22 01:37:44',NULL,'2025-09-22 01:37:44','2025-10-22 01:37:44'),('bd5b7d91-933c-48af-a639-5ea146017612','9f0e6dc0-7be0-4e75-a8b0-b5e8f1f860ee','res-payment-001','d910a979-ed70-4c85-8717-4276a770e87d','Student Minh Tam Testo has successfully paid 35.99 for course \'vitdien21\'','/admin/payments/d910a979-ed70-4c85-8717-4276a770e87d','MEDIUM',0x00,'2025-09-22 03:46:01',NULL,'2025-09-22 03:46:01','2025-10-22 03:46:01'),('c5e9491b-977f-4e04-a0c2-f2755b33e7a8','ef77d3be-d19f-4d84-b77c-46a385576e53','res-payment-001','2978787c-2192-470f-9717-56d06dc59415','Sinh viên Sơn Trịnh đã thanh toán thành công 84.15 cho khóa học \'2c4fccd5-49b6-44cc-bdec-d0e951db3619\'','/admin/payments/2978787c-2192-470f-9717-56d06dc59415','MEDIUM',0x00,'2025-09-22 01:37:47',NULL,'2025-09-22 01:37:47','2025-10-22 01:37:47'),('c83c95e4-3392-439d-b1f5-70acde0db7c6','9f0e6dc0-7be0-4e75-a8b0-b5e8f1f860ee','res-payment-001','1245fc1e-8dde-43df-b919-633d0704c3fa','Sinh viên Vit Dien đã thanh toán thành công 189.99 cho khóa học \'course-014\'','/admin/payments/1245fc1e-8dde-43df-b919-633d0704c3fa','MEDIUM',0x00,'2025-09-23 21:45:44',NULL,'2025-09-23 21:45:44','2025-10-23 21:45:44'),('cf59faa4-8be0-4d19-b995-7aad70b4e3b9','user-003','res-enrollment-001','d8cc3d2d-0781-4fee-bec8-6aa97a12785d','📚 Sơn Trịnh vừa đăng ký khóa học \'Full Stack Web Development\' của bạn','/instructor/students/4b36f90c-ae3d-4458-8b04-045e77b8d9c1','MEDIUM',0x00,'2025-09-22 10:42:03',NULL,'2025-09-22 10:42:03','2025-10-22 10:42:03'),('cff1acd4-123a-422b-a701-5bc717ff49f1','SYSTEM','res-payment-001','0cc26a99-9caa-45ad-a1b6-bc904167af71','Sinh viên Vit Dien đã thanh toán thành công 34.20 cho khóa học \'fe33fc8c-d4ef-45cf-bbdd-182823f81f7b\'','/admin/payments/0cc26a99-9caa-45ad-a1b6-bc904167af71','MEDIUM',0x00,'2025-09-23 21:43:59',NULL,'2025-09-23 21:43:59','2025-10-23 21:43:59'),('d23885c9-9d5f-493a-b3b3-969e333f7230','user-001','res-payment-001','f5ffd976-7f76-4251-af38-1cd8aa9033fb','Sinh viên Vit Dien đã thanh toán thành công 99.00 cho khóa học \'2c4fccd5-49b6-44cc-bdec-d0e951db3619\'','/admin/payments/f5ffd976-7f76-4251-af38-1cd8aa9033fb','MEDIUM',0x00,'2025-09-23 23:37:50',NULL,'2025-09-23 23:37:50','2025-10-23 23:37:50'),('e3ca99f6-bb0a-4478-b563-22ceea9b4b85','user-001','res-payment-001','a02561f1-be8a-44e9-b02d-85bc8712e047','Sinh viên Vit Dien đã thanh toán thành công 35.99 cho khóa học \'63459fb6-0eb1-42f8-802e-f51ca751f296\'','/admin/payments/a02561f1-be8a-44e9-b02d-85bc8712e047','MEDIUM',0x00,'2025-09-23 22:16:33',NULL,'2025-09-23 22:16:33','2025-10-23 22:16:33'),('e5756d89-b6c7-42c2-9e1f-09455d27334d','user-001','res-payment-001','29be9673-36cd-47ee-bdc7-c0a6e9bdf44c','Student Minh Tam Testo has successfully paid 99.00 for course \'vitdien\'','/admin/payments/29be9673-36cd-47ee-bdc7-c0a6e9bdf44c','MEDIUM',0x01,'2025-09-22 03:45:08','2025-09-22 03:45:22','2025-09-22 03:45:22','2025-10-22 03:45:07'),('e5c6c9b7-cd97-4a06-ae1c-7559c6b87648','user-010','res-enrollment-001','33a0346c-c605-45c7-a0d8-0eaa143baf66','📚 Bob dsagdg vừa đăng ký khóa học \'Machine Learning Fundamentals\' của bạn','/instructor/students/user-002','MEDIUM',0x00,'2025-09-14 08:45:49',NULL,'2025-09-14 08:45:49','2025-10-14 08:45:49'),('e7f0130c-210a-456d-baba-9d9af277be1f','ae74ec1e-2ed4-4948-84a9-df50baae62d6','res-instructor-application-001','bd6079f6-3f57-44f5-8a8b-9a4dd2058ee3','❌ Đơn đăng ký làm giảng viên của bạn đã bị từ chối. Lý do: gagaga\'. Bạn có thể nộp đơn mới sau 3 ngày.','/settings?tab=application','HIGH',0x00,'2025-09-15 04:51:18',NULL,'2025-09-15 04:51:18','2025-12-14 04:51:18'),('f0113e18-d0d4-4137-ab6d-cd4cbf256b0b','user-003','res-course-001','63459fb6-0eb1-42f8-802e-f51ca751f296','🎉 Chúc mừng! Khóa học \'Bao lâu nữa thì bán được 1 tỷ gói mè?\' của bạn đã được phê duyệt và có thể xuất bản','/instructor/courses/63459fb6-0eb1-42f8-802e-f51ca751f296','HIGH',0x00,'2025-09-23 21:55:19',NULL,'2025-09-23 21:55:19','2025-10-23 21:55:18'),('f084e45d-c969-488a-8def-69f5def93945','SYSTEM','res-course-001','fe33fc8c-d4ef-45cf-bbdd-182823f81f7b','Khóa học mới \'test123\' của giảng viên Charlie cần được duyệt','/admin/courses/review-course/fe33fc8c-d4ef-45cf-bbdd-182823f81f7b','HIGH',0x00,'2025-09-23 03:53:19',NULL,'2025-09-23 03:53:19','2025-10-23 03:53:19'),('f241adbb-0887-4fcf-945d-4a85d7c02c14','SYSTEM','res-payment-001','d910a979-ed70-4c85-8717-4276a770e87d','Student Minh Tam Testo has successfully paid 35.99 for course \'vitdien21\'','/admin/payments/d910a979-ed70-4c85-8717-4276a770e87d','MEDIUM',0x00,'2025-09-22 03:46:01',NULL,'2025-09-22 03:46:01','2025-10-22 03:46:01'),('fb8179b1-6319-48d4-8028-5173f30d2d49','ef77d3be-d19f-4d84-b77c-46a385576e53','res-payment-001','29be9673-36cd-47ee-bdc7-c0a6e9bdf44c','Student Minh Tam Testo has successfully paid 99.00 for course \'vitdien\'','/admin/payments/29be9673-36cd-47ee-bdc7-c0a6e9bdf44c','MEDIUM',0x00,'2025-09-22 03:45:08',NULL,'2025-09-22 03:45:08','2025-10-22 03:45:07'),('notif-001','user-001','res-payment-001','payment-001','Student Bob đã thanh toán thành công khóa học Complete React Development Course ($99.99)','/admin/payments/payment-001','MEDIUM',0x00,'2025-01-15 03:30:00',NULL,'2025-09-11 02:44:12','2025-02-15 03:30:00'),('notif-002','user-001','res-payment-001','payment-002','Thanh toán #payment-002 đã chuyển từ Pending → Completed. Cần xác nhận chi trả cho instructor','/admin/payments/payment-002','HIGH',0x00,'2025-01-15 04:45:00',NULL,'2025-09-11 02:44:12','2025-02-15 04:45:00'),('notif-003','user-001','res-course-001','course-002','Khóa học mới \'Machine Learning Fundamentals\' từ Julia Anderson cần được duyệt','/admin/courses/course-002','HIGH',0x00,'2025-01-15 02:15:00',NULL,'2025-09-11 02:44:12','2025-02-15 02:15:00'),('notif-004','user-001','res-user-001','app-001','Đơn đăng ký instructor từ David Wilson cần được xem xét và duyệt','/admin/instructor-applications/instructor-app-001','HIGH',0x01,'2025-01-14 09:20:00',NULL,'2025-09-11 02:44:12','2025-02-14 09:20:00'),('notif-005','user-003','res-course-001','course-001','🎉 Chúc mừng! Khóa học \'Complete React Development Course\' của bạn đã được duyệt và có thể bán','/instructor/courses/course-001','HIGH',0x00,'2025-01-15 01:00:00',NULL,'2025-09-11 02:44:12','2025-03-15 01:00:00'),('notif-006','user-006','res-course-001','course-003','❌ Khóa học \'Mobile App Development\' cần chỉnh sửa. Lý do: Nội dung chưa đầy đủ ở phần advanced concepts','/instructor/courses/course-003','HIGH',0x00,'2025-01-15 07:30:00',NULL,'2025-09-11 02:44:12','2025-03-15 07:30:00'),('notif-008','user-003','res-review-001','review-001','⭐ Bob đã đánh giá 5 sao cho khóa học \'Complete React Development Course\': \'Excellent course with clear explanations!\'','/instructor/reviews','MEDIUM',0x01,'2025-01-14 11:45:00',NULL,'2025-09-11 02:44:13','2025-03-14 11:45:00'),('notif-009','user-002','res-course-001','course-002','🚀 Khóa học mới \'Machine Learning Fundamentals\' đã được mở! Phù hợp cho người mới bắt đầu','/student/courses/course-002','LOW',0x01,'2025-01-15 05:00:00','2025-09-14 09:43:29','2025-09-14 09:43:29','2025-02-15 05:00:00'),('notif-010','user-002','res-enrollment-001','enroll-001','🎉 Bạn đã tham gia thành công khóa học \'Complete React Development Course\'! Bắt đầu học ngay thôi','/student/courses/course-001','HIGH',0x01,'2025-01-15 03:32:00','2025-09-19 17:20:05','2025-09-19 17:20:05','2025-03-15 03:32:00'),('notif-011','user-002','res-lesson-001','lesson-003','📖 Bài học mới \'Advanced React Hooks\' đã được thêm vào khóa học \'Complete React Development Course\'','/student/courses/course-001','MEDIUM',0x01,'2025-01-15 08:20:00','2025-09-14 09:43:56','2025-09-14 09:43:56','2025-02-15 08:20:00'),('notif-012','user-004','res-course-001','course-001','🏆 Chúc mừng! Chứng chỉ hoàn thành khóa học \'Complete React Development Course\' đã sẵn sàng để tải xuống','/student/certificates','HIGH',0x00,'2025-01-15 09:45:00',NULL,'2025-09-11 02:44:13','2025-04-15 09:45:00'),('notif-013','user-001','res-payment-001','payment-003','Diana đã thanh toán thành công khóa học Machine Learning Fundamentals ($149.99)','/admin/payments/payment-003','MEDIUM',0x01,'2025-01-14 07:15:00',NULL,'2025-09-11 02:44:13','2025-02-14 07:15:00'),('notif-014','user-010','res-enrollment-001','enroll-002','👨‍🎓 Student Diana đã tham gia khóa học \'Machine Learning Fundamentals\'. Tổng số học viên: 2','/instructor/students','MEDIUM',0x00,'2025-01-14 07:18:00',NULL,'2025-09-11 02:44:13','2025-03-14 07:18:00'),('notif-015','user-005','res-course-001','course-003','🚀 Dựa trên sở thích của bạn, khóa học \'Mobile App Development with React Native\' có thể phù hợp!','/student/courses/course-003','LOW',0x00,'2025-01-15 06:30:00',NULL,'2025-09-11 02:44:13','2025-02-15 06:30:00'),('notif-016','user-001','res-payment-001','refund-001','💰 Yêu cầu hoàn tiền từ Eva cho khóa học Mobile App Development ($129.99). Lý do: Không phù hợp với nhu cầu','/admin/refunds/refund-001','HIGH',0x01,'2025-01-15 10:00:00','2025-09-15 05:56:38','2025-09-15 05:56:38','2025-02-15 10:00:00'),('notif-017','user-006','res-review-001','review-002','⚠️ Eva đã đánh giá 2 sao cho khóa học \'Mobile App Development\': \'Nội dung khó hiểu, cần giải thích rõ hơn\'','/instructor/reviews','HIGH',0x00,'2025-01-15 09:30:00',NULL,'2025-09-11 02:44:13','2025-03-15 09:30:00'),('notif-018','user-004','res-course-001','course-002','📚 Khóa học \'Machine Learning Fundamentals\' đã được cập nhật với 3 bài học mới về Deep Learning','/student/courses/course-002','MEDIUM',0x00,'2025-01-15 04:00:00',NULL,'2025-09-11 02:44:13','2025-02-15 04:00:00');
/*!40000 ALTER TABLE `notifications` ENABLE KEYS */;

--
-- Table structure for table `password_reset_tokens`
--

DROP TABLE IF EXISTS `password_reset_tokens`;
/*!40101 SET @saved_cs_client     = @@character_set_client */;
/*!50503 SET character_set_client = utf8mb4 */;
CREATE TABLE `password_reset_tokens` (
  `id` varchar(36) NOT NULL,
  `user_id` varchar(36) NOT NULL,
  `otp_code` varchar(255) NOT NULL,
  `expires_at` timestamp NOT NULL,
  `is_used` bit(1) NOT NULL,
  `attempts` int NOT NULL DEFAULT '0',
  `max_attempts` int NOT NULL DEFAULT '3',
  `created_at` timestamp NOT NULL DEFAULT CURRENT_TIMESTAMP,
  `updated_at` timestamp NOT NULL DEFAULT CURRENT_TIMESTAMP ON UPDATE CURRENT_TIMESTAMP,
  PRIMARY KEY (`id`),
  KEY `idx_password_reset_user_id` (`user_id`),
  KEY `idx_password_reset_otp_code` (`otp_code`),
  KEY `idx_password_reset_expires_at` (`expires_at`),
  KEY `idx_password_reset_created_at` (`created_at`),
  KEY `idx_password_reset_user_otp_valid` (`user_id`,`otp_code`,`is_used`,`expires_at`),
  KEY `idx_password_reset_otp_expires` (`otp_code`,`expires_at`),
  CONSTRAINT `fk_password_reset_user` FOREIGN KEY (`user_id`) REFERENCES `users` (`id`) ON DELETE CASCADE
) ENGINE=InnoDB DEFAULT CHARSET=utf8mb4 COLLATE=utf8mb4_0900_ai_ci;
/*!40101 SET character_set_client = @saved_cs_client */;

--
-- Dumping data for table `password_reset_tokens`
--

/*!40000 ALTER TABLE `password_reset_tokens` DISABLE KEYS */;
INSERT INTO `password_reset_tokens` VALUES ('6b04fb42-3de7-4c96-84b6-d645c488e3a6','b4d02e45-4c19-409d-b8a9-83b4662ce1bf','344555','2025-08-26 03:13:35',0x01,0,3,'2025-08-26 02:58:39','2025-08-26 02:59:04');
/*!40000 ALTER TABLE `password_reset_tokens` ENABLE KEYS */;

--
-- Table structure for table `payments`
--

DROP TABLE IF EXISTS `payments`;
/*!40101 SET @saved_cs_client     = @@character_set_client */;
/*!50503 SET character_set_client = utf8mb4 */;
CREATE TABLE `payments` (
  `id` varchar(36) NOT NULL,
  `user_id` varchar(36) NOT NULL,
  `course_id` varchar(36) NOT NULL,
  `amount` decimal(10,2) NOT NULL,
  `status` varchar(20) DEFAULT 'PENDING',
  `payment_method` varchar(50) DEFAULT NULL,
  `session_id` text,
  `paid_at` timestamp NULL DEFAULT NULL,
  `created_at` timestamp NULL DEFAULT CURRENT_TIMESTAMP,
  `updated_at` timestamp NULL DEFAULT CURRENT_TIMESTAMP,
  `paid_out_at` timestamp NULL DEFAULT NULL,
  PRIMARY KEY (`id`),
  KEY `idx_pay_user` (`user_id`),
  KEY `idx_pay_course` (`course_id`),
  KEY `idx_pay_status` (`status`),
  CONSTRAINT `fk_pay_course` FOREIGN KEY (`course_id`) REFERENCES `courses` (`id`) ON DELETE CASCADE,
  CONSTRAINT `fk_pay_user` FOREIGN KEY (`user_id`) REFERENCES `users` (`id`) ON DELETE CASCADE
) ENGINE=InnoDB DEFAULT CHARSET=utf8mb4 COLLATE=utf8mb4_0900_ai_ci;
/*!40101 SET character_set_client = @saved_cs_client */;

--
-- Dumping data for table `payments`
--

/*!40000 ALTER TABLE `payments` DISABLE KEYS */;
INSERT INTO `payments` VALUES ('01d9a54c-1b2a-44b8-bb3f-ad20905c7ef7','ec592cdf-3410-4fdc-a79d-2ef048b15899','9f1881cf-e4ad-4901-9e47-e28e4b553886',35.99,'PENDING','stripe','cs_test_a1loeKufQOU3u2oi06POm5sLDIRVraTy1idhrNyYndSIomymf5NTfwgD7J',NULL,'2025-09-16 03:32:45','2025-09-16 03:32:47',NULL),('0cc26a99-9caa-45ad-a1b6-bc904167af71','ec592cdf-3410-4fdc-a79d-2ef048b15899','fe33fc8c-d4ef-45cf-bbdd-182823f81f7b',34.20,'COMPLETED','stripe','cs_test_a108CFcDLAA6tFdmmOqGdATPMzTZzkFhCyRm2duD0nsqoI16YdFS29VxAy','2025-09-23 21:43:54','2025-09-23 21:42:15','2025-09-23 21:43:54',NULL),('1245fc1e-8dde-43df-b919-633d0704c3fa','ec592cdf-3410-4fdc-a79d-2ef048b15899','course-014',189.99,'COMPLETED','stripe','cs_test_a1a6UvYmlj10jiWPTcjIDdJ4JwIcHkwXzQoQdhfmYv2kb2uEfEoWIOeTnz','2025-09-23 21:45:33','2025-09-23 21:45:24','2025-09-23 21:45:33',NULL),('156e07d5-50d2-4b2e-9e49-5a295d63f539','a63c03b7-43dd-41d8-8f20-269d14d0f5b5','course-004',169.99,'COMPLETED','stripe','cs_test_a194qGVbk9H5g2t010G7vXutAkEUYlwvSZD8tzVNtb7E57WwIxvFv9bQPq','2025-09-11 05:50:33','2025-09-11 05:50:22','2025-09-11 06:07:21','2025-09-11 06:07:20'),('1650c6f6-8729-430a-a539-31e3ec049d39','5b0aa024-020f-433d-be04-ef490ed7e440','course-014',199.99,'COMPLETED','stripe','cs_test_a1Gu7gHn8IrzqDOZpHKK7P42XwpWzK5E1unsbiJ8MYvH7ThDEml79yF06e','2025-08-27 03:44:24','2025-08-27 03:44:13','2025-08-27 03:44:24',NULL),('1bc9f889-5d4d-4a0d-8795-2b06638de028','user-002','course-013',129.99,'COMPLETED','stripe','cs_test_a13htSfUzoJZQ7Aui2fYHfRJBFphK3id5v1urYE2EtTEhBhXswnkYd2BEX','2025-08-22 09:56:36','2025-08-22 09:56:28','2025-08-24 11:47:04','2025-08-24 11:47:04'),('1c93fbc7-9986-4ffb-ab4d-642bb680d820','5b0aa024-020f-433d-be04-ef490ed7e440','course-013',129.99,'COMPLETED','stripe','cs_test_a1CEctg4hONMlfU2MSD4es8QCtZDWsE3ZllOBAOCvBifcwZMkGdaoZRbo4','2025-08-27 03:44:44','2025-08-27 03:44:36','2025-08-27 03:44:44',NULL),('1f1b8059-4f3e-44c3-8103-25a1077c78a9','b4d02e45-4c19-409d-b8a9-83b4662ce1bf','course-009',189.99,'COMPLETED','stripe','cs_test_a1E84s9Aal7QVhQw26vYWnHLbPTAxB0DoPJjn3eKSpx9cEWg5Nbnin5HV5','2025-08-25 03:38:43','2025-08-25 03:38:35','2025-08-25 03:38:43',NULL),('2971d0ba-c5f6-4c6e-a409-d8b13d6da69e','user-002','9f1881cf-e4ad-4901-9e47-e28e4b553886',35.99,'COMPLETED','stripe','cs_test_a1NfXcpSL87TzreZCpAPMH11r2DtnIHTctM42IIq5YC0LKg49l3rafvAu3','2025-08-27 05:50:03','2025-08-27 05:49:54','2025-08-27 05:50:03',NULL),('29be9673-36cd-47ee-bdc7-c0a6e9bdf44c','b080d1b9-3ec3-4f31-b512-8ba5e2d95122','2c4fccd5-49b6-44cc-bdec-d0e951db3619',99.00,'COMPLETED','stripe','cs_test_a14AouVUcKiEVMGLy9CTLx5JywsBe88mJlFzBoNz6uv4sloNz0rpbcleHG','2025-09-22 03:45:03','2025-09-22 03:39:04','2025-09-22 03:45:03',NULL),('2be5d5cf-fb68-4466-b0ca-1b418ac3dfae','user-002','72eb8613-3192-4dc4-8917-d4baefe98582',35.98,'COMPLETED','stripe','cs_test_a1jKqjGz0UfRk3ZwWozt9LaKnBzCeH4Z5OcjjvbhRo1qj3o4FwJDJpDjqw','2025-08-27 07:05:57','2025-08-27 07:05:49','2025-08-27 07:05:58',NULL),('379af6b1-4ed2-4ab5-9455-b71c89aadee4','ec592cdf-3410-4fdc-a79d-2ef048b15899','72eb8613-3192-4dc4-8917-d4baefe98582',35.98,'PENDING','stripe','cs_test_a1eZP9G93nr77uWOGXN30Sc2bjTmC3bOraVNqjze1pGfY2Nb8Bd6x35P5U',NULL,'2025-09-16 03:31:52','2025-09-16 03:31:53',NULL),('3966bd21-916a-41fc-b70d-ce0377115dea','user-002','course-007',199.99,'COMPLETED','stripe','cs_test_a1KQbTVf78xOK8U4TzFNAQ98lBGEWYRpTvdWuGoli2qDunY0O0SsvtZrmI','2025-09-14 08:47:36','2025-09-14 08:47:30','2025-09-14 08:47:36',NULL),('3f9e143a-de3a-4efc-a87c-a3d8e48024c7','b4d02e45-4c19-409d-b8a9-83b4662ce1bf','course-013',129.99,'REFUNDED','stripe','cs_test_a1jLoqlaDGEl05rlVPwVoe5xlOrolWvc8n7vXjFbZLepcUoRi7wOPE5T1m','2025-08-25 03:39:05','2025-08-25 03:38:56','2025-08-25 03:47:33',NULL),('475dd551-4a9c-4f1a-93c0-0cc63c4469b2','41af40ad-9423-42b6-a4ae-38a45b8ddf93','course-008',139.99,'PENDING','stripe','cs_test_a1adHD2EoghLfWmcWLRNilKu2SdWa1vpna8Xcxt5LWNbSrO17clejxOIZq',NULL,'2025-08-26 02:34:47','2025-08-26 02:34:48',NULL),('51bf5e25-71f1-4731-a758-791a983dffe6','ec592cdf-3410-4fdc-a79d-2ef048b15899','course-013',127.39,'COMPLETED','stripe','cs_test_a1muoed4otqa81nRAIsWZGKK0L7oEEhZ6USqXjOhuSsrbQRszrm2YLBn5l','2025-09-21 06:27:29','2025-09-21 06:25:47','2025-09-21 06:30:12','2025-09-21 06:30:11'),('5456a9ac-3f38-44a7-a099-a6a2ddae9cc3','9e7cef07-1c10-46c8-b3dc-7886851df800','course-014',199.99,'COMPLETED','stripe','cs_test_a1gmjIIjueTs1v6aReXdljy8pbsNpeaJDYAjf7dbZB4xzoHUO2q2B2eZWg','2025-08-24 11:52:04','2025-08-24 11:51:54','2025-08-24 11:52:04',NULL),('55c85ad7-ed1e-4c0f-8f51-1074f3508078','9e7cef07-1c10-46c8-b3dc-7886851df800','course-013',129.99,'COMPLETED','stripe','cs_test_a1rfnalYWMwMHgJ15bMoHZgoB1CnBwyX1bP5CS2hMf47epuOBEEaa0yQL0','2025-08-24 11:52:25','2025-08-24 11:52:16','2025-08-24 11:52:25',NULL),('5a633e00-fdc5-4410-9140-68042852640f','5b0aa024-020f-433d-be04-ef490ed7e440','course-003',129.99,'COMPLETED','stripe','cs_test_a1exlA8g7lyNqdssNkwOPlqbzvzNci7CjUCyFHu6MxhOTLtfUW8dVeKZWB','2025-08-27 03:46:15','2025-08-27 03:46:08','2025-08-27 03:46:15',NULL),('60a086a1-a61f-4d04-ae17-ad1359657370','a63c03b7-43dd-41d8-8f20-269d14d0f5b5','course-013',110.49,'COMPLETED','stripe','cs_test_a1xmQWXCuW1aJYXleaaZBRaqjclltAYGcByxRe3CFjYylwtujOMm7VLiez','2025-09-10 06:53:18','2025-09-10 06:53:11','2025-09-10 06:53:18',NULL),('64d957b0-ab5a-4326-8f47-5bddb4e07f3c','ec592cdf-3410-4fdc-a79d-2ef048b15899','course-015',166.59,'PENDING','stripe','cs_test_a1eTJWi6hLgOl8XzG0mJZoBOKIGhdzKdzWdntqR8XuquVdJKoWPpmviECK',NULL,'2025-09-21 06:22:19','2025-09-21 06:22:20',NULL),('69adc687-7e69-4ce5-8f1e-9838ae6815ba','5b0aa024-020f-433d-be04-ef490ed7e440','course-010',219.99,'COMPLETED','stripe','cs_test_a1OKNIjS71xtXp7VFTbGqTF9r4SJPhl6qLSHH53kBuy9k4L7vj0VqcZKdK','2025-08-27 03:44:57','2025-08-27 03:44:49','2025-08-27 03:44:57',NULL),('6bda22c6-2d60-4d02-8059-3c745c6d5057','a63c03b7-43dd-41d8-8f20-269d14d0f5b5','course-002',127.49,'COMPLETED','stripe','cs_test_a1yx1yVwPg2nTuzoXBdPRLX3ZT5LpzRgX4yyxFr7i3cy0EgNnX5idaxRas','2025-09-10 06:11:49','2025-09-10 06:11:27','2025-09-10 06:11:49',NULL),('714c9928-c23b-403e-b03a-5a03cce6dac9','41af40ad-9423-42b6-a4ae-38a45b8ddf93','course-009',189.99,'COMPLETED','stripe','cs_test_a16zyFXn0GBMEdlwALMySvzJzse26PvtWSC0K0ZBvg05cfD7mgEjHJhXIv','2025-08-26 02:31:36','2025-08-26 02:31:23','2025-08-26 02:31:36',NULL),('7bf6cab1-0a03-4022-b174-8b405d0c8718','b4d02e45-4c19-409d-b8a9-83b4662ce1bf','course-014',199.99,'REFUNDED','stripe','cs_test_a1yCpRDV57aauYND7oZliYJClrU5zIzIn4XmQPcNwCqhITp0GPlXd0tNFT','2025-08-25 03:39:37','2025-08-25 03:39:30','2025-08-25 03:48:57',NULL),('7d3e4251-cf0a-4cd5-9703-06d507c166d8','5b0aa024-020f-433d-be04-ef490ed7e440','course-015',169.99,'REFUNDED','stripe','cs_test_a1gjZs0WPJXUVdTYsZxnEdEUoYY8Z6WNlp26L5DoKHseMAuBu6BvahUwZW','2025-08-26 03:04:53','2025-08-26 03:04:12','2025-08-27 03:47:54',NULL),('7e11d31c-992b-43d8-bee0-088b58227b47','9e7cef07-1c10-46c8-b3dc-7886851df800','course-015',169.99,'COMPLETED','stripe','cs_test_a1g837Dyv2DkLVB1id3yrz5BoLOLYukRmWuAdfuUG7iiGL0vHFIvyLBrFV','2025-08-24 11:51:43','2025-08-24 11:51:25','2025-08-24 11:53:32','2025-08-24 11:53:32'),('81f073f3-a63d-421d-8a8a-30a85a60112a','a63c03b7-43dd-41d8-8f20-269d14d0f5b5','9f1881cf-e4ad-4901-9e47-e28e4b553886',35.99,'COMPLETED','stripe','cs_test_a1WDC8UDxxyMxC3CKwTx1KiV7U3KUUondxjtLVMnYDewmHjKhv7hdGmRwE','2025-09-10 06:01:37','2025-09-10 06:01:29','2025-09-10 06:01:38',NULL),('91f3b21a-48c8-4e56-8c14-cc2deb9e82e6','41af40ad-9423-42b6-a4ae-38a45b8ddf93','course-003',129.99,'COMPLETED','stripe','cs_test_a1kpJgCt2Y34LGNgGwBJAE7QmPNZpE3BwPg9dJfenotaHmcTODh1NxfMjD','2025-08-26 02:32:16','2025-08-26 02:32:08','2025-08-26 02:32:16',NULL),('9ba12676-6f50-4100-a047-b3f4879f50e8','9e7cef07-1c10-46c8-b3dc-7886851df800','course-009',189.99,'COMPLETED','stripe','cs_test_a14DEcr5qopXim6MTnKMjZDMy4nQzdYstIweGW985I4nLAlVFaER4RToEm','2025-08-24 11:52:49','2025-08-24 11:52:34','2025-08-24 11:52:49',NULL),('9e3adbb0-3a37-41aa-8474-5bed9175d00e','5b0aa024-020f-433d-be04-ef490ed7e440','course-007',199.99,'COMPLETED','stripe','cs_test_a1iALRjKr90anx76agLlXG7iwFDTPWTHzLAGGSLo8hJOt4tPTi2bS5yxWz','2025-08-27 03:45:51','2025-08-27 03:45:44','2025-08-27 03:45:51',NULL),('a02561f1-be8a-44e9-b02d-85bc8712e047','ec592cdf-3410-4fdc-a79d-2ef048b15899','63459fb6-0eb1-42f8-802e-f51ca751f296',35.99,'COMPLETED','stripe','cs_test_a18tf8wimkz1B5d0fomUIpgi8vlPAzwELZpzBo498J2IMU9VcNXDOOKZI9','2025-09-23 22:16:29','2025-09-23 22:15:57','2025-09-23 22:16:29',NULL),('a13c082c-951d-4b45-8557-1746220b9f51','41af40ad-9423-42b6-a4ae-38a45b8ddf93','course-015',169.99,'COMPLETED','stripe','cs_test_a1vGakcwATsFZ46AaZf3aQB32rNw6OECbriEIt92SHjqLSA0nxvK70671U','2025-08-26 02:30:38','2025-08-26 02:30:29','2025-08-26 02:30:38',NULL),('aaddcfa8-9963-4177-b69c-47b4ddfbd565','b4d02e45-4c19-409d-b8a9-83b4662ce1bf','course-008',139.99,'COMPLETED','stripe','cs_test_a1IbybVdxbAPSrkil2PnygL5tUUJ2EksNVf0sCA1FikqXIpjrjAhsBM10K','2025-08-25 03:39:21','2025-08-25 03:39:13','2025-08-25 03:39:21',NULL),('aaffd0d1-9eba-4f18-8741-5121f296221e','41af40ad-9423-42b6-a4ae-38a45b8ddf93','course-004',199.99,'PENDING','stripe','cs_test_a1nA1k70ENtEbPQjN4SCoIWMI9SV7nCls5UiJGrWWnTjDimmpyLnfK7LZ8',NULL,'2025-08-26 02:34:28','2025-08-26 02:34:28',NULL),('bdbfd2f8-61f7-4755-a03d-5660078eafaa','41af40ad-9423-42b6-a4ae-38a45b8ddf93','course-010',219.99,'COMPLETED','stripe','cs_test_a1qqGw8gbWIH818F3IOix26KToOZcj44x3BmhaXNcxWDaQciB12zWIolZ0','2025-08-26 02:31:10','2025-08-26 02:30:55','2025-08-26 02:31:10',NULL),('c000a439-175d-489b-b8ad-c17e5de681aa','5b0aa024-020f-433d-be04-ef490ed7e440','course-009',189.99,'COMPLETED','stripe','cs_test_a1Y8tVIFfx5sznIEFJm02ao6ygBhXxeUR2PxeHwQboDioRdsOg49biV3UN','2025-08-27 03:45:35','2025-08-27 03:45:22','2025-08-27 03:45:35',NULL),('c2674a5e-df48-42a0-adb4-2cd322ef87c9','user-002','course-008',139.99,'COMPLETED','stripe','cs_test_a1ZufbieIhGQxDPg7xPTRstnz4ZfMDkMQeRBSwrzu7BV84vRyIyhC3UjXq','2025-08-22 09:57:16','2025-08-22 09:57:08','2025-08-22 09:58:28','2025-08-22 09:58:28'),('c6c37bc1-42a6-49ae-bdac-6d121107a050','a63c03b7-43dd-41d8-8f20-269d14d0f5b5','course-003',110.49,'COMPLETED','stripe','cs_test_a1jvFMhuwbke47mC23UN18dfYJTIAsLbf0hnuPXefFLMrN2EZGXRHzYGCb','2025-09-10 06:52:37','2025-09-10 06:52:14','2025-09-10 06:52:37',NULL),('c8c9d4f5-7af0-4d67-aaea-68af8065c414','user-002','course-009',189.99,'COMPLETED','stripe','cs_test_a148ZQZaxg47p0CUK6YjIb7xXpvDC4FKNA5E87KdtzmqJfmoGLjnT7TCZv','2025-08-22 09:56:54','2025-08-22 09:56:46','2025-08-24 11:48:03','2025-08-24 11:48:03'),('ca998ba9-5ecf-4d9e-abd6-20d2985a00e1','41af40ad-9423-42b6-a4ae-38a45b8ddf93','course-013',110.49,'COMPLETED','stripe','cs_test_a1FndIV3jXL07uq30d6Oeiju4FU2qLw9hZ67jzmC1viQhC5ZCwClqOcKZZ','2025-09-12 06:34:32','2025-09-12 06:34:24','2025-09-12 06:34:32',NULL),('cbbff243-c830-44d7-82c8-511636658cbd','b4d02e45-4c19-409d-b8a9-83b4662ce1bf','course-006',249.99,'COMPLETED','stripe','cs_test_a1s95vZ1nKTlIcvmc5fl8jevVJk2355P0yKVn3Yo37SbZoo2aiPYEdaBJl','2025-08-25 03:39:57','2025-08-25 03:39:49','2025-08-25 03:39:57',NULL),('cf0057b5-be76-4009-b666-9e9f68f19842','41af40ad-9423-42b6-a4ae-38a45b8ddf93','course-005',179.99,'COMPLETED','stripe','cs_test_a1Eo2lUGgFUkGjUyuLgTpvtYviN3gKxip9LQCJjb3GYPPPL3hnrAYXssRN','2025-08-26 02:31:56','2025-08-26 02:31:50','2025-08-26 02:31:56',NULL),('d18d8cf4-2f5b-4dcb-9b19-f4a0bc194499','a63c03b7-43dd-41d8-8f20-269d14d0f5b5','72eb8613-3192-4dc4-8917-d4baefe98582',35.98,'PENDING','stripe','cs_test_a17W3E2OJq4wHMf9hyDQWw2i8SUE7Snrbs3NvwVf4iuMW7OrI1UI2Cc9r6',NULL,'2025-09-10 06:00:05','2025-09-10 06:00:06',NULL),('d2bba42e-95ee-4fa4-b9b3-8b8744c18a8b','41af40ad-9423-42b6-a4ae-38a45b8ddf93','9f1881cf-e4ad-4901-9e47-e28e4b553886',30.59,'COMPLETED','stripe','cs_test_a1Q0AZjjDFLTwFP6anhcL0jZi31wb7438RoZrUjYXUIk3i01QpG0eTvXMU','2025-09-21 05:36:28','2025-09-21 05:36:18','2025-09-21 05:36:28',NULL),('d45894e0-ca99-4570-87e7-0b77fef4a8d6','user-002','course-004',199.99,'COMPLETED','stripe','cs_test_a16KSKsSudm9G2rlYPxfn0PNZwpnCFiukWtx64GSMjUXCcGtu8feMCQ5bD','2025-09-14 08:46:38','2025-09-14 08:46:31','2025-09-14 08:46:38',NULL),('d910a979-ed70-4c85-8717-4276a770e87d','b080d1b9-3ec3-4f31-b512-8ba5e2d95122','9f1881cf-e4ad-4901-9e47-e28e4b553886',35.99,'COMPLETED','stripe','cs_test_a103nfI5o6aCQEx9UISVkfbSdXl3sfjPWkJSEc4wkgfPHIHMJETWVczKrm','2025-09-22 03:45:56','2025-09-22 03:33:40','2025-09-22 03:45:57',NULL),('dad3c24a-4bb2-4b13-86a8-522f403ff725','41af40ad-9423-42b6-a4ae-38a45b8ddf93','72eb8613-3192-4dc4-8917-d4baefe98582',35.98,'PENDING','stripe','cs_test_a1UQNmAYymH4gs8GjcfmOwGRkvL93brLjCzf0Tv18n1991N4HlqGwnYLeH',NULL,'2025-09-21 06:18:16','2025-09-21 06:18:17',NULL),('e371a189-1af0-4b7a-915d-9749ba9eb9cd','4b36f90c-ae3d-4458-8b04-045e77b8d9c1','course-006',212.49,'REFUNDED','stripe','cs_test_a1Cwnh8xPLHMc0Tszn4BItVyFNU4GPT4HXNL81sfJoPWNYhF7aIOqVSuNN','2025-09-22 10:42:03','2025-09-22 10:41:44','2025-09-22 10:44:16',NULL),('e7c2a19c-fa49-4649-89d4-319d68545992','41af40ad-9423-42b6-a4ae-38a45b8ddf93','course-001',99.99,'PENDING','stripe','cs_test_a1tiMUSFzRGnGyBESuHRsMknDwJs2ddQv1NaPPJGNnEHLhQYceYO06iDO6',NULL,'2025-08-26 02:35:20','2025-08-26 02:35:21',NULL),('e8f53dba-fb0e-4b3c-b683-c0cdc4f2eff5','user-002','course-015',169.99,'COMPLETED','stripe','cs_test_a1chRdggpWKyuvnkxejuhPwrIVOFEEnwOVBp5lLiMmSrJES62fxGPUls9m','2025-08-22 09:56:11','2025-08-22 09:56:02','2025-08-24 11:46:50','2025-08-24 11:46:49'),('f5ffd976-7f76-4251-af38-1cd8aa9033fb','ec592cdf-3410-4fdc-a79d-2ef048b15899','2c4fccd5-49b6-44cc-bdec-d0e951db3619',99.00,'COMPLETED','stripe','cs_test_a1jF9LUAIq32omisqp5hrxh65K36I6dc2p4tTv4Vfk9c9Rvpr08mWhiNRa','2025-09-23 23:37:37','2025-09-23 23:37:29','2025-09-23 23:37:38',NULL),('f6dcd34e-354b-406e-bd49-dab7268bf9ff','user-002','course-014',199.99,'COMPLETED','stripe','cs_test_a1AyZmnHpdge2r9AiLSTEPLeVqd8ph1m5ZsQA99zijkyNpe39O5fXfUK4o','2025-08-21 08:42:14','2025-08-21 08:42:06','2025-08-22 09:58:42','2025-08-22 09:58:42'),('f99346df-4f4b-4e3c-9ca4-c9111b6146cc','user-002','course-002',149.99,'COMPLETED','stripe','cs_test_a1Xc9nRqIf80WPGDXB82iPRkFTwwabHjEYFqumV5ALmOGNMuIJrpgb2r0r','2025-09-14 08:45:49','2025-09-14 08:45:36','2025-09-14 08:45:49',NULL),('payment-001','user-002','course-001',99.99,'COMPLETED','stripe','cs_test_1234567890abcdef','2025-01-15 03:25:00','2025-01-15 03:20:00','2025-08-21 08:37:17',NULL),('payment-002','user-002','course-005',79.99,'COMPLETED','stripe','cs_test_abcdef1234567890','2025-01-20 07:10:00','2025-01-20 07:05:00','2025-08-21 08:37:17',NULL),('payment-003','user-002','course-010',109.99,'COMPLETED','paypal','paypal_session_xyz789','2025-02-01 01:55:00','2025-02-01 01:50:00','2025-08-21 08:37:17',NULL),('payment-004','user-005','course-002',149.99,'COMPLETED','stripe','cs_test_ml_course_001','2025-01-10 09:15:00','2025-01-10 09:10:00','2025-08-21 08:37:17',NULL),('payment-005','user-005','course-007',119.99,'COMPLETED','stripe','cs_test_python_ds_001','2025-01-25 04:40:00','2025-01-25 04:35:00','2025-08-21 08:37:17',NULL),('payment-006','user-005','course-004',199.99,'COMPLETED','stripe','cs_test_cybersec_001','2025-02-10 03:55:00','2025-02-10 03:50:00','2025-08-21 08:37:17',NULL),('payment-007','user-007','course-004',199.99,'COMPLETED','paypal','paypal_security_course','2025-01-18 06:25:00','2025-01-18 06:20:00','2025-08-21 08:37:17',NULL),('payment-008','user-007','course-006',179.99,'COMPLETED','stripe','cs_test_devops_001','2025-02-05 01:10:00','2025-02-05 01:05:00','2025-08-21 08:37:17',NULL),('payment-009','user-007','course-001',99.99,'COMPLETED','stripe','cs_test_react_george','2025-02-12 06:40:00','2025-02-12 06:35:00','2025-08-21 08:37:17',NULL),('payment-010','user-009','course-003',129.99,'COMPLETED','stripe','cs_test_rn_mobile_001','2025-01-22 08:05:00','2025-01-22 08:00:00','2025-08-21 08:37:17',NULL),('payment-011','user-009','course-009',159.99,'COMPLETED','paypal','paypal_unity_game_dev','2025-02-03 04:55:00','2025-02-03 04:50:00','2025-08-21 08:37:17',NULL),('payment-012','user-011','course-001',99.99,'COMPLETED','stripe','cs_test_react_kevin','2025-01-28 03:40:00','2025-01-28 03:35:00','2025-08-21 08:37:17',NULL),('payment-013','user-011','course-005',79.99,'COMPLETED','stripe','cs_test_frontend_kevin','2025-02-08 07:25:00','2025-02-08 07:20:00','2025-08-21 08:37:17',NULL),('payment-014','user-012','course-002',149.99,'COMPLETED','paypal','paypal_ml_linda','2025-01-12 02:15:00','2025-01-12 02:10:00','2025-08-21 08:37:17',NULL),('payment-015','user-012','course-007',119.99,'COMPLETED','stripe','cs_test_python_linda','2025-01-30 09:10:00','2025-01-30 09:05:00','2025-08-21 08:37:17',NULL),('payment-016','user-005','course-003',129.99,'FAILED','stripe','cs_test_failed_001',NULL,'2025-02-14 03:00:00','2025-08-21 08:37:17',NULL),('payment-017','user-011','course-006',179.99,'COMPLETED','stripe','cs_test_pending_001','2025-08-22 09:50:22','2025-02-15 07:30:00','2025-08-24 11:43:41','2025-08-24 11:43:41');
/*!40000 ALTER TABLE `payments` ENABLE KEYS */;

--
-- Table structure for table `permission_role_assign_rules`
--

DROP TABLE IF EXISTS `permission_role_assign_rules`;
/*!40101 SET @saved_cs_client     = @@character_set_client */;
/*!50503 SET character_set_client = utf8mb4 */;
CREATE TABLE `permission_role_assign_rules` (
  `id` varchar(36) NOT NULL,
  `role_id` varchar(36) NOT NULL,
  `permission_id` varchar(36) NOT NULL,
  `is_active` bit(1) NOT NULL,
  `created_at` timestamp NOT NULL DEFAULT CURRENT_TIMESTAMP,
  `updated_at` timestamp NOT NULL DEFAULT CURRENT_TIMESTAMP ON UPDATE CURRENT_TIMESTAMP,
  PRIMARY KEY (`id`),
  UNIQUE KEY `unique_role_permission` (`role_id`,`permission_id`),
  KEY `idx_permission_role_assign_rules_role` (`role_id`),
  KEY `idx_permission_role_assign_rules_permission` (`permission_id`),
  CONSTRAINT `fk_permission_role_assign_rule_permission` FOREIGN KEY (`permission_id`) REFERENCES `permissions` (`id`),
  CONSTRAINT `fk_permission_role_assign_rule_role` FOREIGN KEY (`role_id`) REFERENCES `user_roles` (`id`)
) ENGINE=InnoDB DEFAULT CHARSET=utf8mb4 COLLATE=utf8mb4_0900_ai_ci;
/*!40101 SET character_set_client = @saved_cs_client */;

--
-- Dumping data for table `permission_role_assign_rules`
--

/*!40000 ALTER TABLE `permission_role_assign_rules` DISABLE KEYS */;
INSERT INTO `permission_role_assign_rules` VALUES ('per-ins-comment-create-001','role-002','perm-comment-create-001',0x01,'2025-08-21 08:37:34','2025-08-21 08:37:34'),('per-ins-course-create-001','role-002','perm-course-create-001',0x01,'2025-08-21 08:37:34','2025-08-21 08:37:34'),('per-ins-course-publish-001','role-002','perm-course-publish-001',0x01,'2025-08-21 08:37:34','2025-08-21 08:37:34'),('per-ins-lesson-create-001','role-002','perm-lesson-create-001',0x01,'2025-08-21 08:37:34','2025-08-21 08:37:34'),('per-ins-lesson-delete-001','role-002','perm-lesson-delete-001',0x01,'2025-08-21 08:37:34','2025-08-21 08:37:34'),('per-ins-lesson-read-001','role-002','perm-lesson-read-001',0x01,'2025-08-21 08:37:34','2025-08-21 08:37:34'),('per-ins-lesson-update-001','role-002','perm-lesson-update-001',0x01,'2025-08-21 08:37:34','2025-08-21 08:37:34'),('per-ins-quizquestion-create-001','role-002','perm-quiz-question-create-001',0x01,'2025-08-21 08:37:34','2025-08-21 08:37:34'),('per-ins-quizquestion-delete-001','role-002','perm-quiz-question-delete-001',0x01,'2025-08-21 08:37:34','2025-08-21 08:37:34'),('per-ins-quizquestion-update-001','role-002','perm-quiz-question-update-001',0x01,'2025-08-21 08:37:34','2025-08-21 08:37:34'),('per-ins-section-create-001','role-002','perm-section-create-001',0x01,'2025-08-21 08:37:34','2025-08-21 08:37:34'),('per-ins-section-delete-001','role-002','perm-section-delete-001',0x01,'2025-08-21 08:37:34','2025-08-21 08:37:34'),('per-ins-section-read-001','role-002','perm-section-read-001',0x01,'2025-08-21 08:37:34','2025-08-21 08:37:34'),('per-ins-section-update-001','role-002','perm-section-update-001',0x01,'2025-08-21 08:37:34','2025-08-21 08:37:34'),('per-ins-videocontent-create-001','role-002','perm-video-content-create-001',0x01,'2025-08-21 08:37:34','2025-08-21 08:37:34'),('per-ins-videocontent-delete-001','role-002','perm-video-content-delete-001',0x01,'2025-08-21 08:37:34','2025-08-21 08:37:34'),('per-ins-videocontent-update-001','role-002','perm-video-content-update-001',0x01,'2025-08-21 08:37:34','2025-08-21 08:37:34'),('per-stu-comment-create-001','role-001','perm-comment-create-001',0x01,'2025-08-21 08:37:34','2025-08-21 08:37:34'),('per-stu-payment-create-001','role-001','perm-payment-create-001',0x01,'2025-08-21 08:37:34','2025-08-21 08:37:34'),('per-stu-quizresult-create-001','role-001','perm-quiz-result-create-001',0x01,'2025-08-21 08:37:34','2025-08-21 08:37:34'),('per-stu-quizresult-update-001','role-001','perm-quiz-result-update-001',0x01,'2025-08-21 08:37:34','2025-08-21 08:37:34'),('per-stu-refund-create-001','role-001','perm-refund-create-001',0x01,'2025-08-21 08:37:34','2025-08-21 08:37:34');
/*!40000 ALTER TABLE `permission_role_assign_rules` ENABLE KEYS */;

--
-- Table structure for table `permissions`
--

DROP TABLE IF EXISTS `permissions`;
/*!40101 SET @saved_cs_client     = @@character_set_client */;
/*!50503 SET character_set_client = utf8mb4 */;
CREATE TABLE `permissions` (
  `id` varchar(36) NOT NULL,
  `resource_id` varchar(36) NOT NULL,
  `action_id` varchar(36) NOT NULL,
  `permission_key` varchar(100) NOT NULL,
  `description` varchar(255) DEFAULT NULL,
  `is_active` bit(1) NOT NULL,
  `created_at` timestamp NOT NULL DEFAULT CURRENT_TIMESTAMP,
  `updated_at` timestamp NOT NULL DEFAULT CURRENT_TIMESTAMP ON UPDATE CURRENT_TIMESTAMP,
  PRIMARY KEY (`id`),
  UNIQUE KEY `permission_key` (`permission_key`),
  UNIQUE KEY `unique_resource_action` (`resource_id`,`action_id`),
  KEY `fk_permissions_action` (`action_id`),
  KEY `idx_permissions_key` (`permission_key`),
  CONSTRAINT `fk_permissions_action` FOREIGN KEY (`action_id`) REFERENCES `actions` (`id`),
  CONSTRAINT `fk_permissions_resource` FOREIGN KEY (`resource_id`) REFERENCES `resources` (`id`)
) ENGINE=InnoDB DEFAULT CHARSET=utf8mb4 COLLATE=utf8mb4_0900_ai_ci;
/*!40101 SET character_set_client = @saved_cs_client */;

--
-- Dumping data for table `permissions`
--

/*!40000 ALTER TABLE `permissions` DISABLE KEYS */;
INSERT INTO `permissions` VALUES ('perm-category-create-001','res-category-001','act-create-001','category:CREATE','Permission to create categories',0x01,'2025-08-21 08:37:30','2025-08-21 08:37:30'),('perm-category-delete-001','res-category-001','act-delete-001','category:DELETE','Permission to delete categories',0x01,'2025-08-21 08:37:30','2025-08-21 08:37:30'),('perm-category-read-001','res-category-001','act-read-001','category:READ','Permission to view categories',0x01,'2025-08-21 08:37:30','2025-08-21 08:37:30'),('perm-category-update-001','res-category-001','act-update-001','category:UPDATE','Permission to update categories',0x01,'2025-08-21 08:37:30','2025-08-21 08:37:30'),('perm-comment-create-001','res-comment-001','act-create-001','comment:CREATE','Permission to create comments',0x01,'2025-08-21 08:37:30','2025-08-21 08:37:30'),('perm-comment-delete-001','res-comment-001','act-delete-001','comment:DELETE','Permission to delete comments',0x01,'2025-08-21 08:37:30','2025-08-21 08:37:30'),('perm-comment-read-001','res-comment-001','act-read-001','comment:READ','Permission to view comments',0x01,'2025-08-21 08:37:30','2025-08-21 08:37:30'),('perm-comment-update-001','res-comment-001','act-update-001','comment:UPDATE','Permission to update comments',0x01,'2025-08-21 08:37:30','2025-08-21 08:37:30'),('perm-course-approve-001','res-course-review-status-001','act-approve-001','course:APPROVE','Permission to approve course reviews',0x01,'2025-08-21 08:37:31','2025-08-21 08:37:31'),('perm-course-create-001','res-course-001','act-create-001','course:CREATE','Permission to create new courses',0x01,'2025-08-21 08:37:30','2025-08-21 08:37:30'),('perm-course-delete-001','res-course-001','act-delete-001','course:DELETE','Permission to delete courses',0x01,'2025-08-21 08:37:30','2025-08-21 08:37:30'),('perm-course-publish-001','res-course-001','act-publish-001','course:PUBLISH','Permission to publish courses',0x01,'2025-08-21 08:37:30','2025-08-21 08:37:30'),('perm-course-read-001','res-course-001','act-read-001','course:READ','Permission to view courses',0x01,'2025-08-21 08:37:30','2025-08-21 08:37:30'),('perm-course-update-001','res-course-001','act-update-001','course:UPDATE','Permission to update courses',0x01,'2025-08-21 08:37:30','2025-08-21 08:37:30'),('perm-earn-create-001','res-earning-001','act-create-001','instructor_earning:CREATE','Permission to create instructor earnings',0x01,'2025-08-21 08:37:30','2025-08-21 08:37:30'),('perm-earn-delete-001','res-earning-001','act-delete-001','instructor_earning:DELETE','Permission to delete instructor earnings',0x01,'2025-08-21 08:37:30','2025-08-21 08:37:30'),('perm-earn-read-001','res-earning-001','act-read-001','instructor_earning:READ','Permission to view instructor earnings',0x01,'2025-08-21 08:37:30','2025-08-21 08:37:30'),('perm-earn-update-001','res-earning-001','act-update-001','instructor_earning:UPDATE','Permission to update instructor earnings',0x01,'2025-08-21 08:37:30','2025-08-21 08:37:30'),('perm-enrollment-create-001','res-enrollment-001','act-create-001','enrollment:CREATE','Permission to create enrollments',0x01,'2025-08-21 08:37:30','2025-08-21 08:37:30'),('perm-enrollment-delete-001','res-enrollment-001','act-delete-001','enrollment:DELETE','Permission to delete enrollments',0x01,'2025-08-21 08:37:30','2025-08-21 08:37:30'),('perm-enrollment-enroll-001','res-enrollment-001','act-enroll-001','enrollment:ENROLL','Permission to enroll in courses',0x01,'2025-08-21 08:37:30','2025-08-21 08:37:30'),('perm-enrollment-read-001','res-enrollment-001','act-read-001','enrollment:READ','Permission to view enrollments',0x01,'2025-08-21 08:37:30','2025-08-21 08:37:30'),('perm-enrollment-update-001','res-enrollment-001','act-update-001','enrollment:UPDATE','Permission to update enrollments',0x01,'2025-08-21 08:37:30','2025-08-21 08:37:30'),('perm-instructor-app-approve-001','res-instructor-application-001','act-approve-001','instructor_application:APPROVE','Permission to approve instructor applications',0x01,'2025-08-21 08:37:30','2025-08-21 08:37:30'),('perm-instructor-app-create-001','res-instructor-application-001','act-create-001','instructor_application:CREATE','Permission to create instructor applications',0x01,'2025-08-21 08:37:30','2025-08-21 08:37:30'),('perm-instructor-app-delete-001','res-instructor-application-001','act-delete-001','instructor_application:DELETE','Permission to delete instructor applications',0x01,'2025-08-21 08:37:30','2025-08-21 08:37:30'),('perm-instructor-app-read-001','res-instructor-application-001','act-read-001','instructor_application:READ','Permission to view instructor applications',0x01,'2025-08-21 08:37:30','2025-08-21 08:37:30'),('perm-instructor-app-update-001','res-instructor-application-001','act-update-001','instructor_application:UPDATE','Permission to update instructor applications',0x01,'2025-08-21 08:37:30','2025-08-21 08:37:30'),('perm-lesson-completion-create-001','res-lesson-completion-001','act-create-001','lesson_completion:CREATE','Permission to create lesson completions',0x01,'2025-08-21 08:37:31','2025-08-21 08:37:31'),('perm-lesson-completion-delete-001','res-lesson-completion-001','act-delete-001','lesson_completion:DELETE','Permission to delete lesson completions',0x01,'2025-08-21 08:37:31','2025-08-21 08:37:31'),('perm-lesson-completion-read-001','res-lesson-completion-001','act-read-001','lesson_completion:READ','Permission to view lesson completions',0x01,'2025-08-21 08:37:31','2025-08-21 08:37:31'),('perm-lesson-completion-update-001','res-lesson-completion-001','act-update-001','lesson_completion:UPDATE','Permission to update lesson completions',0x01,'2025-08-21 08:37:31','2025-08-21 08:37:31'),('perm-lesson-create-001','res-lesson-001','act-create-001','lesson:CREATE','Permission to create lessons',0x01,'2025-08-21 08:37:30','2025-08-21 08:37:30'),('perm-lesson-delete-001','res-lesson-001','act-delete-001','lesson:DELETE','Permission to delete lessons',0x01,'2025-08-21 08:37:30','2025-08-21 08:37:30'),('perm-lesson-read-001','res-lesson-001','act-read-001','lesson:READ','Permission to view lessons',0x01,'2025-08-21 08:37:30','2025-08-21 08:37:30'),('perm-lesson-type-create-001','res-lesson-type-001','act-create-001','lesson_type:CREATE','Permission to create lesson types',0x01,'2025-08-21 08:37:31','2025-08-21 08:37:31'),('perm-lesson-type-delete-001','res-lesson-type-001','act-delete-001','lesson_type:DELETE','Permission to delete lesson types',0x01,'2025-08-21 08:37:31','2025-08-21 08:37:31'),('perm-lesson-type-read-001','res-lesson-type-001','act-read-001','lesson_type:READ','Permission to view lesson types',0x01,'2025-08-21 08:37:31','2025-08-21 08:37:31'),('perm-lesson-type-update-001','res-lesson-type-001','act-update-001','lesson_type:UPDATE','Permission to update lesson types',0x01,'2025-08-21 08:37:31','2025-08-21 08:37:31'),('perm-lesson-update-001','res-lesson-001','act-update-001','lesson:UPDATE','Permission to update lessons',0x01,'2025-08-21 08:37:30','2025-08-21 08:37:30'),('perm-payment-create-001','res-payment-001','act-create-001','payment:CREATE','Permission to create payments',0x01,'2025-08-21 08:37:30','2025-08-21 08:37:30'),('perm-payment-delete-001','res-payment-001','act-delete-001','payment:DELETE','Permission to delete payments',0x01,'2025-08-21 08:37:30','2025-08-21 08:37:30'),('perm-payment-paid_out-001','res-payment-001','act-paid_out-001','payment:PAID_OUT','Permission to paid out payments',0x01,'2025-08-26 06:15:10','2025-08-26 06:15:10'),('perm-payment-read-001','res-payment-001','act-read-001','payment:READ','Permission to view payments',0x01,'2025-08-21 08:37:30','2025-08-21 08:37:30'),('perm-payment-update-001','res-payment-001','act-update-001','payment:UPDATE','Permission to update payments',0x01,'2025-08-21 08:37:30','2025-08-21 08:37:30'),('perm-permission-create-001','res-permission-001','act-create-001','permission:CREATE','Permission to create permissions',0x01,'2025-08-21 08:37:31','2025-08-21 08:37:31'),('perm-permission-delete-001','res-permission-001','act-delete-001','permission:DELETE','Permission to delete permissions',0x01,'2025-08-21 08:37:31','2025-08-21 08:37:31'),('perm-permission-read-001','res-permission-001','act-read-001','permission:READ','Permission to view permissions',0x01,'2025-08-21 08:37:31','2025-08-21 08:37:31'),('perm-permission-update-001','res-permission-001','act-update-001','permission:UPDATE','Permission to update permissions',0x01,'2025-08-21 08:37:31','2025-08-21 08:37:31'),('perm-quiz-question-create-001','res-quiz-question-001','act-create-001','quiz_question:CREATE','Permission to create quiz questions',0x01,'2025-08-21 08:37:31','2025-08-21 08:37:31'),('perm-quiz-question-delete-001','res-quiz-question-001','act-delete-001','quiz_question:DELETE','Permission to delete quiz questions',0x01,'2025-08-21 08:37:31','2025-08-21 08:37:31'),('perm-quiz-question-read-001','res-quiz-question-001','act-read-001','quiz_question:READ','Permission to view quiz questions',0x01,'2025-08-21 08:37:31','2025-08-21 08:37:31'),('perm-quiz-question-update-001','res-quiz-question-001','act-update-001','quiz_question:UPDATE','Permission to update quiz questions',0x01,'2025-08-21 08:37:31','2025-08-21 08:37:31'),('perm-quiz-result-create-001','res-quiz-result-001','act-create-001','quiz_result:CREATE','Permission to create quiz results',0x01,'2025-08-21 08:37:31','2025-08-21 08:37:31'),('perm-quiz-result-delete-001','res-quiz-result-001','act-delete-001','quiz_result:DELETE','Permission to delete quiz results',0x01,'2025-08-21 08:37:31','2025-08-21 08:37:31'),('perm-quiz-result-read-001','res-quiz-result-001','act-read-001','quiz_result:READ','Permission to view quiz results',0x01,'2025-08-21 08:37:31','2025-08-21 08:37:31'),('perm-quiz-result-update-001','res-quiz-result-001','act-update-001','quiz_result:UPDATE','Permission to update quiz results',0x01,'2025-08-21 08:37:31','2025-08-21 08:37:31'),('perm-refresh-token-create-001','res-refresh-token-001','act-create-001','refresh_token:CREATE','Permission to create refresh tokens',0x01,'2025-08-21 08:37:31','2025-08-21 08:37:31'),('perm-refresh-token-delete-001','res-refresh-token-001','act-delete-001','refresh_token:DELETE','Permission to delete refresh tokens',0x01,'2025-08-21 08:37:31','2025-08-21 08:37:31'),('perm-refresh-token-read-001','res-refresh-token-001','act-read-001','refresh_token:READ','Permission to view refresh tokens',0x01,'2025-08-21 08:37:31','2025-08-21 08:37:31'),('perm-refresh-token-update-001','res-refresh-token-001','act-update-001','refresh_token:UPDATE','Permission to update refresh tokens',0x01,'2025-08-21 08:37:31','2025-08-21 08:37:31'),('perm-refund-create-001','res-refund-001','act-create-001','refund:CREATE','Permission to create refunds',0x01,'2025-08-21 08:37:31','2025-08-21 08:37:31'),('perm-refund-delete-001','res-refund-001','act-delete-001','refund:DELETE','Permission to delete refunds',0x01,'2025-08-21 08:37:31','2025-08-21 08:37:31'),('perm-refund-read-001','res-refund-001','act-read-001','refund:READ','Permission to view refunds',0x01,'2025-08-21 08:37:31','2025-08-21 08:37:31'),('perm-refund-update-001','res-refund-001','act-update-001','refund:UPDATE','Permission to update refunds',0x01,'2025-08-21 08:37:31','2025-08-21 08:37:31'),('perm-review-create-001','res-review-001','act-create-001','review:CREATE','Permission to create reviews',0x01,'2025-08-21 08:37:30','2025-08-21 08:37:30'),('perm-review-delete-001','res-review-001','act-delete-001','review:DELETE','Permission to delete reviews',0x01,'2025-08-21 08:37:30','2025-08-21 08:37:30'),('perm-review-read-001','res-review-001','act-read-001','review:READ','Permission to view reviews',0x01,'2025-08-21 08:37:30','2025-08-21 08:37:30'),('perm-review-update-001','res-review-001','act-update-001','review:UPDATE','Permission to update reviews',0x01,'2025-08-21 08:37:30','2025-08-21 08:37:30'),('perm-section-create-001','res-section-001','act-create-001','section:CREATE','Permission to create sections',0x01,'2025-08-21 08:37:30','2025-08-21 08:37:30'),('perm-section-delete-001','res-section-001','act-delete-001','section:DELETE','Permission to delete sections',0x01,'2025-08-21 08:37:30','2025-08-21 08:37:30'),('perm-section-read-001','res-section-001','act-read-001','section:READ','Permission to view sections',0x01,'2025-08-21 08:37:30','2025-08-21 08:37:30'),('perm-section-update-001','res-section-001','act-update-001','section:UPDATE','Permission to update sections',0x01,'2025-08-21 08:37:30','2025-08-21 08:37:30'),('perm-system-log-create-001','res-system-log-001','act-create-001','system_log:CREATE','Permission to create system logs',0x01,'2025-08-21 08:37:31','2025-08-21 08:37:31'),('perm-system-log-read-001','res-system-log-001','act-read-001','system_log:READ','Permission to view system logs',0x01,'2025-08-21 08:37:31','2025-08-21 08:37:31'),('perm-user-create-001','res-user-001','act-create-001','user:CREATE','Permission to create users',0x01,'2025-08-21 08:37:30','2025-08-21 08:37:30'),('perm-user-read-001','res-user-001','act-read-001','user:READ','Permission to view users',0x01,'2025-08-21 08:37:30','2025-08-21 08:37:30'),('perm-user-update-001','res-user-001','act-update-001','user:UPDATE','Permission to update users',0x01,'2025-08-21 08:37:30','2025-08-21 08:37:30'),('perm-video-content-create-001','res-video-content-001','act-create-001','video_content:CREATE','Permission to create video content',0x01,'2025-08-21 08:37:31','2025-08-21 08:37:31'),('perm-video-content-delete-001','res-video-content-001','act-delete-001','video_content:DELETE','Permission to delete video content',0x01,'2025-08-21 08:37:31','2025-08-21 08:37:31'),('perm-video-content-read-001','res-video-content-001','act-read-001','video_content:READ','Permission to view video content',0x01,'2025-08-21 08:37:31','2025-08-21 08:37:31'),('perm-video-content-update-001','res-video-content-001','act-update-001','video_content:UPDATE','Permission to update video content',0x01,'2025-08-21 08:37:31','2025-08-21 08:37:31');
/*!40000 ALTER TABLE `permissions` ENABLE KEYS */;

--
-- Table structure for table `quiz_questions`
--

DROP TABLE IF EXISTS `quiz_questions`;
/*!40101 SET @saved_cs_client     = @@character_set_client */;
/*!50503 SET character_set_client = utf8mb4 */;
CREATE TABLE `quiz_questions` (
  `id` varchar(36) NOT NULL,
  `lesson_id` varchar(36) NOT NULL,
  `question_text` text NOT NULL,
  `options` json NOT NULL,
  `correct_answer` varchar(255) NOT NULL,
  `explanation` text,
  `created_at` timestamp NULL DEFAULT CURRENT_TIMESTAMP,
  `updated_at` timestamp NULL DEFAULT CURRENT_TIMESTAMP,
  PRIMARY KEY (`id`),
  KEY `idx_qq_lesson` (`lesson_id`),
  CONSTRAINT `fk_qq_lesson` FOREIGN KEY (`lesson_id`) REFERENCES `lessons` (`id`) ON DELETE CASCADE
) ENGINE=InnoDB DEFAULT CHARSET=utf8mb4 COLLATE=utf8mb4_0900_ai_ci;
/*!40101 SET character_set_client = @saved_cs_client */;

--
-- Dumping data for table `quiz_questions`
--

/*!40000 ALTER TABLE `quiz_questions` DISABLE KEYS */;
INSERT INTO `quiz_questions` VALUES ('0316b856-bf37-4b7b-b334-fd8a6044a3bb','ecadc0f6-9e58-4855-8c64-dba7e710d733','Which hook is best suited for managing side effects in a React component?','{\"A\": \"useState\", \"B\": \"useContext\", \"C\": \"useReducer\", \"D\": \"useEffect\"}','D','The `useEffect` hook is specifically designed for managing side effects such as data fetching, subscriptions, or manually changing the DOM.','2025-09-23 21:55:06','2025-09-23 21:55:06'),('03c49240-0645-442a-bb70-553012d6897e','c7517505-67d0-4133-9594-1b24a43a2d76','Which payment gateway was integrated into the Clothing E-commerce Website project?','{\"A\": \"PayPal\", \"B\": \"Stripe\", \"C\": \"VNPAY\", \"D\": \"Authorize.net\"}','C','The Clothing E-commerce Website project integrated the VNPAY payment gateway.','2025-08-23 14:53:52','2025-08-23 14:53:52'),('070c3bb3-5d0a-4165-bdbf-17d4679df2c8','0ca9aee5-a899-4746-a885-c73f837ce572','What is the main purpose of ReactJS?','{\"A\": \"To build server-side applications\", \"B\": \"To efficiently update and render UI components based on data changes\", \"C\": \"To manage databases\", \"D\": \"To create operating systems\"}','B','ReactJS is designed to efficiently update and render UI components when data changes.','2025-09-06 12:15:31','2025-09-06 12:15:31'),('08fff1fe-79ef-4b9f-805f-8a092197a298','00f32c21-57ff-4593-adea-0c23c97fe366','What is the purpose of \'props\' in ReactJS?','{\"A\": \"To define the structure of a component\", \"B\": \"To manage internal state within a component\", \"C\": \"To pass data from parent to child components\", \"D\": \"To handle user events\"}','C','Props are read-only data passed from a parent component to a child component, allowing the parent to configure the child.','2025-08-27 06:55:16','2025-08-27 06:55:16'),('0dad182e-b74d-4a45-96c8-f746cf15e677','62208dc4-d120-4705-8bea-810f0a1912aa','What is one of the advantages of using ReactJS?','{\"A\": \"Limited community support\", \"B\": \"Low performance due to constant DOM updates\", \"C\": \"Reusable and maintainable code with components\", \"D\": \"Difficult debugging process\"}','C','One of the advantages of ReactJS is that it allows for reusable and maintainable code through its component-based architecture.','2025-08-26 03:19:10','2025-08-26 03:19:10'),('1876f53e-9573-40c1-9b5f-4fd0680621de','b4497378-35d3-4d1d-9468-6fcfccf7f339','What is JSX in ReactJS?','{\"A\": \"A JavaScript compiler\", \"B\": \"A syntax extension allowing HTML-like code inside JavaScript\", \"C\": \"A database query language\", \"D\": \"A state management library\"}','B','JSX is a syntax extension that allows developers to write HTML-like code within JavaScript in ReactJS.','2025-08-27 05:48:00','2025-08-27 05:48:00'),('19a88489-d752-4b27-8118-d98636117e02','0269ff4c-64fa-4f97-9532-39735de1cc66','Which of the following is a key feature of ReactJS that improves performance?','{\"A\": \"Real DOM manipulation\", \"B\": \"Virtual DOM\", \"C\": \"Server-Side Rendering\", \"D\": \"CSS styling\"}','B','ReactJS uses a Virtual DOM, which keeps a lightweight copy of the real DOM in memory and updates only the parts that change, improving performance.','2025-08-27 05:47:58','2025-08-27 05:47:58'),('1e4a5b19-7172-46b7-9add-d22da97f759b','90b4ec34-8ca4-4092-a91a-f321bf0917a4','Which programming language is commonly used for web development?','{\"A\": \"Excel\", \"B\": \"JavaScript\", \"C\": \"Photoshop\", \"D\": \"Hardware\"}','B','JavaScript is a core technology for web development alongside HTML and CSS','2025-09-22 11:47:46','2025-09-22 11:47:46'),('21c99a63-377e-4347-a2bb-90a2c750ea12','e95a7da3-e1a8-444c-a87f-3cc585b2eb8f','Which of the following libraries is commonly used for routing in ReactJS?','{\"A\": \"Redux\", \"B\": \"React Router\", \"C\": \"Jest\", \"D\": \"Styled Components\"}','B','React Router is a popular library used for handling routing in ReactJS applications.','2025-08-27 06:54:40','2025-08-27 06:54:40'),('231b4c5b-8c41-44c9-af65-7b822bc87529','a4b9846e-f963-493d-bb7b-7130dea94a50','Which of the following back-end technologies did Cao Minh Tam use in the Sybau Education project?','{\"A\": \".NET\", \"B\": \"Node.js\", \"C\": \"Java Spring Boot\", \"D\": \"Django\"}','C','Java Spring Boot was used as the back-end technology in the Sybau Education project.','2025-08-23 14:53:54','2025-08-23 14:53:54'),('253d96f3-0cab-4ccb-ac99-e964de903d6e','5e4edfba-987d-4106-8098-80314be1cc6e','What is ReactJS primarily used for?','{\"A\": \"Building server-side applications\", \"B\": \"Creating operating systems\", \"C\": \"Building user interfaces\", \"D\": \"Managing databases\"}','C','ReactJS is a JavaScript library specifically designed for building user interfaces, especially for single-page applications.','2025-08-27 05:47:58','2025-08-27 05:47:58'),('277588b1-0bb6-4021-9a64-6191d2c197c5','00f32c21-57ff-4593-adea-0c23c97fe366','Which of the following is a disadvantage of using ReactJS?','{\"A\": \"Poor performance\", \"B\": \"Limited community support\", \"C\": \"Fast-evolving ecosystem\", \"D\": \"Inability to create reusable components\"}','C','ReactJS has a fast-evolving ecosystem, which requires developers to stay updated with frequent changes and updates.','2025-08-27 06:55:16','2025-08-27 06:55:16'),('283c9841-76dd-4ca3-a93e-33dc9012b440','90b4ec34-8ca4-4092-a91a-f321bf0917a4','Which of the following is a version control system?','{\"A\": \"MySQL\", \"B\": \"Git\", \"C\": \"Apache\", \"D\": \"React\"}','B','Git is a distributed version control system designed to track changes in source code during software development','2025-09-22 11:47:46','2025-09-22 11:47:46'),('2ceceef0-d968-468c-837b-6092a375b747','e95a7da3-e1a8-444c-a87f-3cc585b2eb8f','What is the main purpose of ReactJS?','{\"A\": \"To create server-side applications\", \"B\": \"To efficiently update and render UI components based on data changes\", \"C\": \"To manage databases\", \"D\": \"To create operating systems\"}','B','ReactJS is designed to efficiently update and render UI components based on data changes.','2025-08-27 06:54:40','2025-08-27 06:54:40'),('2eba8832-d712-4d01-98f5-b1e8bc93c230','ecadc0f6-9e58-4855-8c64-dba7e710d733','What is the purpose of PropTypes in React?','{\"A\": \"To define the initial state of a component.\", \"B\": \"To specify the types of data that a component should receive as props.\", \"C\": \"To automatically generate documentation for React components.\", \"D\": \"To optimize the rendering performance of components.\"}','B','PropTypes are used to validate the data types of props passed to a component, helping catch errors during development.','2025-09-23 21:55:06','2025-09-23 21:55:06'),('2fee9e79-5e6d-4d5a-9a80-9faf3a0eb21c','0269ff4c-64fa-4f97-9532-39735de1cc66','What is ReactJS primarily used for?','{\"A\": \"Building server-side applications\", \"B\": \"Creating databases\", \"C\": \"Building user interfaces\", \"D\": \"Managing operating systems\"}','C','ReactJS is a JavaScript library specifically designed for building user interfaces, especially for single-page applications.','2025-08-27 05:47:58','2025-08-27 05:47:58'),('305f38e7-2967-49a9-a22b-eedc137430e4','00f32c21-57ff-4593-adea-0c23c97fe366','Which feature of ReactJS helps improve performance by minimizing direct DOM manipulation?','{\"A\": \"JSX\", \"B\": \"Virtual DOM\", \"C\": \"Component-Based Architecture\", \"D\": \"Unidirectional Data Flow\"}','B','The Virtual DOM keeps a lightweight copy of the real DOM and updates only the necessary parts, leading to performance improvements.','2025-08-27 06:55:16','2025-08-27 06:55:16'),('30ce0a6b-105b-46d6-930e-2a48aacfb951','ecadc0f6-9e58-4855-8c64-dba7e710d733','Which hook is used for managing state within a functional component in React?','{\"A\": \"useContext\", \"B\": \"useEffect\", \"C\": \"useState\", \"D\": \"useRef\"}','C','The useState hook allows you to add state variables to functional components and update them.','2025-09-23 21:55:06','2025-09-23 21:55:06'),('34be2fb7-78b3-41ed-9268-9bfd937d1fb2','b4497378-35d3-4d1d-9468-6fcfccf7f339','What is the purpose of \'props\' in ReactJS?','{\"A\": \"To manage the component\'s internal state\", \"B\": \"To pass read-only data from parent to child components\", \"C\": \"To directly manipulate the DOM\", \"D\": \"To handle events within a component\"}','B','Props are used to pass read-only data from a parent component to its child components in ReactJS.','2025-08-27 05:48:00','2025-08-27 05:48:00'),('3b65715a-8bb4-479d-a884-25a0fe506a44','ecadc0f6-9e58-4855-8c64-dba7e710d733','When is it most appropriate to use the Context API for state management?','{\"A\": \"When you need to manage state within a single, isolated component.\", \"B\": \"When you need to optimize the rendering performance of a complex component.\", \"C\": \"When you need to share state across many different components in the application.\", \"D\": \"When you need to perform complex asynchronous operations on the state.\"}','C','The Context API is best suited for managing global state that needs to be accessible to many components without prop drilling.','2025-09-23 21:55:06','2025-09-23 21:55:06'),('40b10234-b770-4ef0-b4be-6b829c6875ce','ecadc0f6-9e58-4855-8c64-dba7e710d733','What is \'props drilling\' in React?','{\"A\": \"A method of optimizing component rendering by skipping unnecessary updates.\", \"B\": \"The process of passing data through multiple layers of nested components.\", \"C\": \"A technique for dynamically styling components based on their state.\", \"D\": \"A way to define default values for component properties.\"}','B','Props drilling refers to passing data down a component tree, even when intermediate components don\'t need the data.','2025-09-23 21:55:06','2025-09-23 21:55:06'),('47818feb-e4c4-421e-90ab-729b503817d7','c7517505-67d0-4133-9594-1b24a43a2d76','What is Cao Minh Tam\'s TOEIC score?','{\"A\": \"800\", \"B\": \"850\", \"C\": \"900\", \"D\": \"950\"}','C','The text states that Cao Minh Tam has a TOEIC score of 900.','2025-08-23 14:53:52','2025-08-23 14:53:52'),('47b141b7-6418-40e7-b275-3f9d3db009a4','0269ff4c-64fa-4f97-9532-39735de1cc66','What is JSX in ReactJS?','{\"A\": \"A JavaScript compiler\", \"B\": \"A syntax extension allowing HTML-like code inside JavaScript\", \"C\": \"A database query language\", \"D\": \"A state management library\"}','B','JSX is a syntax extension that allows developers to write HTML-like code within JavaScript in ReactJS.','2025-08-27 05:47:58','2025-08-27 05:47:58'),('47c01491-3921-4572-80e9-01fe7454b74c','5e4edfba-987d-4106-8098-80314be1cc6e','Which of the following is a disadvantage of using ReactJS?','{\"A\": \"Poor performance\", \"B\": \"Limited community support\", \"C\": \"Fast-evolving ecosystem\", \"D\": \"Inability to create reusable components\"}','C','ReactJS has a fast-evolving ecosystem, which requires developers to stay updated with frequent changes and updates.','2025-08-27 05:47:58','2025-08-27 05:47:58'),('489adcd2-a04d-4c68-b581-41f4d8c8b169','1e64f97c-30ae-4374-9b50-0952a084bde7','Which programming language is commonly used for web development?','{\"A\": \"Excel\", \"B\": \"JavaScript\", \"C\": \"Photoshop\", \"D\": \"Hardware\"}','B','JavaScript is a core technology for web development alongside HTML and CSS','2025-09-23 03:53:18','2025-09-23 03:53:18'),('4a09b71b-4f81-4f4c-8988-bb2ced37fefb','62208dc4-d120-4705-8bea-810f0a1912aa','What is the main purpose of ReactJS?','{\"A\": \"To manage server-side routing\", \"B\": \"To efficiently update and render UI components based on data changes\", \"C\": \"To handle database interactions\", \"D\": \"To create animations\"}','B','The main purpose of ReactJS is to efficiently update and render UI components based on data changes.','2025-08-26 03:19:10','2025-08-26 03:19:10'),('52982278-1b96-4bda-b775-b4981f29a0c5','27fad40b-2553-450c-ab23-f4e5f42dbe23','Which of the following is a key feature of ReactJS?','{\"A\": \"Two-way data binding\", \"B\": \"Virtual DOM\", \"C\": \"Server-side rendering only\", \"D\": \"Direct DOM manipulation\"}','B','ReactJS utilizes a Virtual DOM to optimize performance by updating only the necessary parts of the real DOM.','2025-08-27 05:48:02','2025-08-27 05:48:02'),('530c0fc4-abb9-4929-9bde-13abcb3c8cce','85f791e0-34c8-43ba-bf24-841b1821ccd6','What is the primary purpose of ReactJS?','{\"A\": \"To create server-side applications\", \"B\": \"To build user interfaces, especially for SPAs\", \"C\": \"To manage databases\", \"D\": \"To handle network requests\"}','B','ReactJS is mainly used for building user interfaces for single-page applications (SPAs).','2025-08-27 05:48:00','2025-08-27 05:48:00'),('54830628-3ff7-4a2a-a7b1-9f0c4818b3b2','a4b9846e-f963-493d-bb7b-7130dea94a50','Which project involved the integration of VNPAY payment?','{\"A\": \"Sybau Education\", \"B\": \"Tasks Management\", \"C\": \"Clothing E-commerce Website\", \"D\": \"All of the above\"}','C','The Clothing E-commerce Website project involved the integration of VNPAY payment and an AI Chatbot.','2025-08-23 14:53:54','2025-08-23 14:53:54'),('56bd5bc9-bf8e-44cc-8a6c-efbb2cf3cfcb','62208dc4-d120-4705-8bea-810f0a1912aa','Which of the following is NOT a common use case for ReactJS?','{\"A\": \"Single Page Applications (SPAs)\", \"B\": \"Dynamic dashboards\", \"C\": \"Operating System Development\", \"D\": \"E-commerce product pages\"}','C','ReactJS is primarily used for UI development in web and mobile applications, not for developing operating systems.','2025-08-26 03:19:10','2025-08-26 03:19:10'),('596eda10-b781-47a9-9970-39377a9d18bb','b4497378-35d3-4d1d-9468-6fcfccf7f339','Which of the following is a key feature of ReactJS?','{\"A\": \"Two-way data binding\", \"B\": \"Virtual DOM\", \"C\": \"Direct DOM manipulation\", \"D\": \"Server-side rendering only\"}','B','ReactJS utilizes a Virtual DOM to improve performance by updating only the changed parts of the real DOM.','2025-08-27 05:48:00','2025-08-27 05:48:00'),('5aaf99f7-b2e7-41ed-a8d8-7620f751df0d','31c45b4c-5b59-4169-9b53-67c3fed1aaf5','Which of the following best describes ReactJS?','{\"A\": \"A programming language for building server-side applications.\", \"B\": \"An open-source JavaScript library for building user interfaces.\", \"C\": \"A database management system.\", \"D\": \"An operating system designed for mobile devices.\"}','B','ReactJS is specifically designed for building user interfaces.','2025-09-07 12:38:32','2025-09-07 12:38:32'),('5deff52d-e8fa-4a4b-b940-31114e2af3c0','b5061e25-dcb9-4e74-8d87-ae19444a66c3','What is ReactJS primarily used for?','{\"A\": \"Creating server-side applications\", \"B\": \"Building user interfaces\", \"C\": \"Managing databases\", \"D\": \"Developing operating systems\"}','B','ReactJS is a JavaScript library for building user interfaces, especially for single-page applications.','2025-08-27 05:48:01','2025-08-27 05:48:01'),('630843c9-6e53-4bcd-8f31-ff37cf8faf01','a4b9846e-f963-493d-bb7b-7130dea94a50','What is Cao Minh Tam\'s TOEIC score?','{\"A\": \"800\", \"B\": \"850\", \"C\": \"900\", \"D\": \"950\"}','C','Cao Minh Tam\'s TOEIC score is 900.','2025-08-23 14:53:54','2025-08-23 14:53:54'),('654a58f2-d7fc-4c49-ace1-35780d80d573','5e4edfba-987d-4106-8098-80314be1cc6e','Which library is commonly used for routing in ReactJS applications?','{\"A\": \"Redux\", \"B\": \"React Router\", \"C\": \"Styled Components\", \"D\": \"Jest\"}','B','React Router is a popular library used for handling routing and navigation in ReactJS applications.','2025-08-27 05:47:58','2025-08-27 05:47:58'),('70ca1a10-8de0-4d63-a87c-60723ca8d02a','31c45b4c-5b59-4169-9b53-67c3fed1aaf5','What is the primary benefit of using the Virtual DOM in React?','{\"A\": \"It automatically optimizes database queries.\", \"B\": \"It keeps a lightweight copy of the real DOM in memory and efficiently updates only the parts that change.\", \"C\": \"It simplifies server-side routing.\", \"D\": \"It replaces the need for JavaScript in web development.\"}','B','The Virtual DOM optimizes performance by minimizing direct manipulations of the actual DOM.','2025-09-07 12:38:32','2025-09-07 12:38:32'),('78fdbd86-bef0-4e5c-b435-30ed80b2094e','c7517505-67d0-4133-9594-1b24a43a2d76','What is Cao Minh Tam\'s expected graduation year?','{\"A\": \"2024\", \"B\": \"2025\", \"C\": \"2026\", \"D\": \"2027\"}','C','The text states that Cao Minh Tam\'s expected graduation year is 2026.','2025-08-23 14:53:52','2025-08-23 14:53:52'),('7935a154-61cd-4be2-8fb1-083a8e043774','1e64f97c-30ae-4374-9b50-0952a084bde7','What is the function of CSS in web development?','{\"A\": \"To handle server requests\", \"B\": \"To define the structure of web pages\", \"C\": \"To style the appearance of web pages\", \"D\": \"To manage databases\"}','C','CSS (Cascading Style Sheets) is used to control the visual presentation of web pages','2025-09-23 03:53:18','2025-09-23 03:53:18'),('7adb0d30-6264-4f13-8794-356b6832b3e1','e95a7da3-e1a8-444c-a87f-3cc585b2eb8f','What is JSX in ReactJS?','{\"A\": \"A JavaScript extension for server-side logic\", \"B\": \"A syntax extension allowing HTML-like code inside JavaScript\", \"C\": \"A data serialization format\", \"D\": \"A method for styling components\"}','B','JSX is a syntax extension that allows writing HTML-like code within JavaScript in ReactJS.','2025-08-27 06:54:40','2025-08-27 06:54:40'),('7cab216e-535a-4e76-b85d-84243dd771f9','e95a7da3-e1a8-444c-a87f-3cc585b2eb8f','Which of the following is a key feature of ReactJS?','{\"A\": \"Two-way data binding\", \"B\": \"Virtual DOM\", \"C\": \"Server-side rendering only\", \"D\": \"Direct DOM manipulation\"}','B','ReactJS uses a Virtual DOM to improve performance by updating only the parts of the real DOM that change.','2025-08-27 06:54:40','2025-08-27 06:54:40'),('7cc6b5f2-fa96-41cb-bd16-cc53aeec885a','b5061e25-dcb9-4e74-8d87-ae19444a66c3','What is the main purpose of the Virtual DOM in ReactJS?','{\"A\": \"To directly manipulate the real DOM\", \"B\": \"To keep a lightweight copy of the DOM in memory and optimize updates\", \"C\": \"To manage server-side rendering\", \"D\": \"To handle database interactions\"}','B','The Virtual DOM keeps a lightweight copy of the real DOM in memory and updates only the necessary parts to improve performance.','2025-08-27 05:48:01','2025-08-27 05:48:01'),('7f4c6f2c-b893-479b-9eb4-f2f71ba13787','27fad40b-2553-450c-ab23-f4e5f42dbe23','Which of the following is a disadvantage of using ReactJS?','{\"A\": \"Poor performance\", \"B\": \"Limited community support\", \"C\": \"Fast-evolving ecosystem requiring frequent updates\", \"D\": \"Inability to create reusable components\"}','C','The fast-evolving ecosystem of ReactJS can be a disadvantage, as it requires developers to stay updated with frequent changes and new libraries.','2025-08-27 05:48:02','2025-08-27 05:48:02'),('80604ddf-b61b-42d9-8395-4970ce009d85','62208dc4-d120-4705-8bea-810f0a1912aa','Which company developed ReactJS?','{\"A\": \"Google\", \"B\": \"Microsoft\", \"C\": \"Facebook (Meta)\", \"D\": \"Apple\"}','C','ReactJS was created by Facebook, now known as Meta, in 2013.','2025-08-26 03:19:10','2025-08-26 03:19:10'),('810baa91-61d7-4992-9535-3bf9b3720112','27fad40b-2553-450c-ab23-f4e5f42dbe23','Which library is commonly used for routing in ReactJS applications?','{\"A\": \"Redux\", \"B\": \"React Router\", \"C\": \"Jest\", \"D\": \"Styled Components\"}','B','React Router is a popular library used for handling routing and navigation in ReactJS applications.','2025-08-27 05:48:02','2025-08-27 05:48:02'),('83483ca7-3d42-444d-a716-bc593d005d26','c7517505-67d0-4133-9594-1b24a43a2d76','Which of the following is NOT listed as one of Cao Minh Tam\'s front-end skills?','{\"A\": \"React\", \"B\": \"Angular\", \"C\": \"Next.js\", \"D\": \"TailwindCSS\"}','B','Angular is not listed as one of Cao Minh Tam\'s front-end skills. The text mentions React, Next.js, TailwindCSS, Redux, HTML, and CSS.','2025-08-23 14:53:52','2025-08-23 14:53:52'),('86542817-0931-4f15-b73b-aec3a3ccda2a','85f791e0-34c8-43ba-bf24-841b1821ccd6','What is JSX?','{\"A\": \"A JavaScript compiler\", \"B\": \"A syntax extension that allows HTML-like code inside JavaScript\", \"C\": \"A database query language\", \"D\": \"A server-side scripting language\"}','B','JSX is a syntax extension used in ReactJS that allows developers to write HTML-like code within JavaScript files.','2025-08-27 05:48:00','2025-08-27 05:48:00'),('899de17d-f76b-4e6b-b1b2-5dcbbba44308','b5061e25-dcb9-4e74-8d87-ae19444a66c3','Which of the following is NOT a common use case for ReactJS?','{\"A\": \"Single Page Applications (SPAs)\", \"B\": \"Dynamic dashboards\", \"C\": \"Operating system development\", \"D\": \"E-commerce product pages\"}','C','ReactJS is commonly used for SPAs, dashboards, and e-commerce pages, but not for developing operating systems.','2025-08-27 05:48:01','2025-08-27 05:48:01'),('8b716cdc-413e-4f50-ba6b-91ea1e295f1c','90b4ec34-8ca4-4092-a91a-f321bf0917a4','What does HTML stand for?','{\"A\": \"Hyper Text Markup Language\", \"B\": \"High Tech Modern Language\", \"C\": \"Hyper Transfer Machine Learning\", \"D\": \"Home Tool Management Language\"}','A','HTML (Hyper Text Markup Language) is the standard markup language for documents designed to be displayed in a web browser','2025-09-22 11:47:46','2025-09-22 11:47:46'),('96a694a1-1d99-42b3-a82c-a4bc0118ccfe','27fad40b-2553-450c-ab23-f4e5f42dbe23','What is JSX in ReactJS?','{\"A\": \"A templating engine for backend development\", \"B\": \"A syntax extension allowing HTML-like code inside JavaScript\", \"C\": \"A database query language\", \"D\": \"A CSS preprocessor\"}','B','JSX is a syntax extension that allows developers to write HTML-like code within JavaScript, making UI development more intuitive.','2025-08-27 05:48:02','2025-08-27 05:48:02'),('9aa66d11-0d00-4180-af38-1a98752405f9','ecadc0f6-9e58-4855-8c64-dba7e710d733','What happens if you pass a prop to a React component that is not defined in PropTypes?','{\"A\": \"The component will crash.\", \"B\": \"React will issue a warning in the console.\", \"C\": \"The prop will be automatically ignored.\", \"D\": \"React will attempt to infer the type of the prop.\"}','B','If a prop doesn\'t match the type defined in PropTypes, React will display a warning in the console during development, helping to catch potential errors.','2025-09-23 21:55:06','2025-09-23 21:55:06'),('a028a095-cc96-4f40-bfae-dd82688ba27e','0269ff4c-64fa-4f97-9532-39735de1cc66','What are \'props\' in ReactJS?','{\"A\": \"Data that changes over time within a component\", \"B\": \"Read-only data passed from parent to child components\", \"C\": \"Methods for handling user events\", \"D\": \"Functions used for styling components\"}','B','Props are read-only data passed from parent to child components, allowing data to flow down the component tree.','2025-08-27 05:47:58','2025-08-27 05:47:58'),('a04aa333-8c4e-455f-a45a-0ba73236f4ee','1e64f97c-30ae-4374-9b50-0952a084bde7','What does HTML stand for?','{\"A\": \"Hyper Text Markup Language\", \"B\": \"High Tech Modern Language\", \"C\": \"Hyper Transfer Machine Learning\", \"D\": \"Home Tool Management Language\"}','A','HTML (Hyper Text Markup Language) is the standard markup language for documents designed to be displayed in a web browser','2025-09-23 03:53:18','2025-09-23 03:53:18'),('a081a69f-cd80-498f-975e-59aff665f10f','a4b9846e-f963-493d-bb7b-7130dea94a50','Which of the following is NOT listed as a front-end technology Cao Minh Tam is familiar with?','{\"A\": \"React\", \"B\": \"Angular\", \"C\": \"Next.js\", \"D\": \"TailwindCSS\"}','B','Angular is not listed in the Front-end technologies. React, Next.js, and TailwindCSS are.','2025-08-23 14:53:54','2025-08-23 14:53:54'),('a0f1ec2d-6114-411e-bb46-08088a583877','b4497378-35d3-4d1d-9468-6fcfccf7f339','What is the main purpose of ReactJS?','{\"A\": \"To create server-side applications\", \"B\": \"To efficiently update and render UI components based on data changes\", \"C\": \"To manage databases\", \"D\": \"To create operating systems\"}','B','ReactJS is primarily used to efficiently update and render UI components based on data changes.','2025-08-27 05:48:00','2025-08-27 05:48:00'),('a2cf9794-d012-4866-9a69-a73665fcc3c8','b5061e25-dcb9-4e74-8d87-ae19444a66c3','Which company initially developed ReactJS?','{\"A\": \"Google\", \"B\": \"Microsoft\", \"C\": \"Facebook (now Meta)\", \"D\": \"Apple\"}','C','ReactJS was created by Facebook (now Meta) in 2013.','2025-08-27 05:48:01','2025-08-27 05:48:01'),('a7cf5bde-3020-4e19-af70-fcae6108798e','ecadc0f6-9e58-4855-8c64-dba7e710d733','Which problem does the Context API primarily solve in React?','{\"A\": \"Managing complex component lifecycles.\", \"B\": \"Avoiding the need for keys when rendering lists.\", \"C\": \"Simplifying state management within a single component.\", \"D\": \"Making data available to deeply nested components without props drilling.\"}','D','The Context API provides a way to share data between components without having to pass props manually at every level.','2025-09-23 21:55:06','2025-09-23 21:55:06'),('a9017581-8948-46af-8075-a1846d53acc0','1e64f97c-30ae-4374-9b50-0952a084bde7','Which of the following is a version control system?','{\"A\": \"MySQL\", \"B\": \"Git\", \"C\": \"Apache\", \"D\": \"React\"}','B','Git is a distributed version control system designed to track changes in source code during software development','2025-09-23 03:53:18','2025-09-23 03:53:18'),('aa69a120-6273-43fc-8d44-339b519af4c2','b4497378-35d3-4d1d-9468-6fcfccf7f339','Which of the following is NOT a common use case for ReactJS?','{\"A\": \"Single Page Applications (SPAs)\", \"B\": \"Operating System Development\", \"C\": \"Dynamic dashboards\", \"D\": \"E-commerce product pages\"}','B','ReactJS is primarily used for UI development and is not suitable for operating system development.','2025-08-27 05:48:00','2025-08-27 05:48:00'),('aa9a33c9-ef8c-477b-97f7-bef6b6eb5f6a','e95a7da3-e1a8-444c-a87f-3cc585b2eb8f','Which of the following is NOT a disadvantage of using ReactJS?','{\"A\": \"Fast-evolving ecosystem requiring frequent updates\", \"B\": \"Requires learning JSX and component lifecycle\", \"C\": \"Only handles UI layer\", \"D\": \"Automatic state management\"}','D','React does not have automatic state management; it requires using libraries or the Context API.','2025-08-27 06:54:40','2025-08-27 06:54:40'),('ad344744-d00b-4ad9-b62e-ca8e3b157c3e','62208dc4-d120-4705-8bea-810f0a1912aa','What is JSX?','{\"A\": \"A JavaScript library for data manipulation\", \"B\": \"A syntax extension allowing HTML-like code inside JavaScript\", \"C\": \"A database query language\", \"D\": \"A CSS preprocessor\"}','B','JSX is a syntax extension that allows writing HTML-like code inside JavaScript.','2025-08-26 03:19:10','2025-08-26 03:19:10'),('af99adb4-00e0-4fd0-bd79-673483cf1963','00f32c21-57ff-4593-adea-0c23c97fe366','Which library is commonly used for routing in ReactJS applications?','{\"A\": \"Redux\", \"B\": \"React Router\", \"C\": \"Styled Components\", \"D\": \"Jest\"}','B','React Router is a popular library used for handling routing and navigation in ReactJS applications.','2025-08-27 06:55:16','2025-08-27 06:55:16'),('b109267b-0814-4fa9-bbe0-b5660727e3d5','27fad40b-2553-450c-ab23-f4e5f42dbe23','What is the main purpose of ReactJS?','{\"A\": \"To manage server-side routing\", \"B\": \"To efficiently update and render UI components based on data changes\", \"C\": \"To handle database interactions\", \"D\": \"To create animations\"}','B','ReactJS is primarily used to efficiently update and render UI components based on data changes.','2025-08-27 05:48:02','2025-08-27 05:48:02'),('b67f13b5-61bb-4ceb-a180-dc56b3da9d67','85f791e0-34c8-43ba-bf24-841b1821ccd6','Which library is commonly used for routing in ReactJS applications?','{\"A\": \"Redux\", \"B\": \"React Router\", \"C\": \"Jest\", \"D\": \"Styled Components\"}','B','React Router is a popular library used for handling routing in ReactJS applications.','2025-08-27 05:48:00','2025-08-27 05:48:00'),('b80ab73b-9b16-4317-bb74-d7d9fbeda223','0269ff4c-64fa-4f97-9532-39735de1cc66','Which of the following is a disadvantage of using ReactJS?','{\"A\": \"Poor performance\", \"B\": \"Limited community support\", \"C\": \"Fast-evolving ecosystem requiring frequent updates\", \"D\": \"Inability to create reusable components\"}','C','One disadvantage of ReactJS is its fast-evolving ecosystem, which requires developers to stay updated with frequent changes and new libraries.','2025-08-27 05:47:58','2025-08-27 05:47:58'),('c3487db3-01fd-41e8-a99f-0aa0f5627fbc','90b4ec34-8ca4-4092-a91a-f321bf0917a4','What is the function of CSS in web development?','{\"A\": \"To handle server requests\", \"B\": \"To define the structure of web pages\", \"C\": \"To style the appearance of web pages\", \"D\": \"To manage databases\"}','C','CSS (Cascading Style Sheets) is used to control the visual presentation of web pages','2025-09-22 11:47:46','2025-09-22 11:47:46'),('c857e737-9456-4f39-b176-cb9019b954c7','31c45b4c-5b59-4169-9b53-67c3fed1aaf5','In React, what is the purpose of \'props\'?','{\"A\": \"To manage the component\'s internal state that can change over time.\", \"B\": \"To define the visual styling of a component.\", \"C\": \"To pass read-only data from parent to child components.\", \"D\": \"To handle user events like clicks and form submissions.\"}','C','Props are used for passing data down the component tree.','2025-09-07 12:38:32','2025-09-07 12:38:32'),('ca760a3b-59f9-461d-b9ce-19e3dbb62e82','5e4edfba-987d-4106-8098-80314be1cc6e','Which feature of ReactJS helps improve performance by minimizing direct DOM manipulation?','{\"A\": \"JSX\", \"B\": \"Virtual DOM\", \"C\": \"Component-Based Architecture\", \"D\": \"Unidirectional Data Flow\"}','B','The Virtual DOM keeps a lightweight copy of the real DOM and updates only the necessary parts, leading to performance improvements.','2025-08-27 05:47:58','2025-08-27 05:47:58'),('cfff1159-4c20-49dd-8f68-b2ab3ab8e61d','c7517505-67d0-4133-9594-1b24a43a2d76','Which database was used in the Sybau Education project?','{\"A\": \"PostgreSQL\", \"B\": \"MongoDB\", \"C\": \"MySQL\", \"D\": \"Oracle\"}','C','The Sybau Education project used MySQL as its database.','2025-08-23 14:53:52','2025-08-23 14:53:52'),('d0706017-6718-4c5c-b514-fbb298d09d96','0ca9aee5-a899-4746-a885-c73f837ce572','Which feature of ReactJS improves performance by updating only specific parts of the DOM?','{\"A\": \"Component-Based Architecture\", \"B\": \"JSX\", \"C\": \"Virtual DOM\", \"D\": \"Unidirectional Data Flow\"}','C','The Virtual DOM keeps a lightweight copy of the real DOM and updates only the necessary parts.','2025-09-06 12:15:31','2025-09-06 12:15:31'),('d0a794d7-2915-4d09-87d7-0df3babeb3f5','a4b9846e-f963-493d-bb7b-7130dea94a50','What is Cao Minh Tam\'s expected graduation year?','{\"A\": \"2024\", \"B\": \"2025\", \"C\": \"2026\", \"D\": \"2027\"}','C','Cao Minh Tam\'s expected graduation year is 2026, as stated in the Education section.','2025-08-23 14:53:54','2025-08-23 14:53:54'),('d7e0eb4d-d0aa-414b-858c-c0c35399376f','5e4edfba-987d-4106-8098-80314be1cc6e','What is the purpose of \'props\' in ReactJS?','{\"A\": \"To define the structure of a component\", \"B\": \"To manage internal state within a component\", \"C\": \"To pass data from parent to child components\", \"D\": \"To handle user events\"}','C','Props are read-only data passed from a parent component to a child component, allowing the parent to configure the child.','2025-08-27 05:47:58','2025-08-27 05:47:58'),('da7ab599-be33-4901-90b1-467cd254e8a6','85f791e0-34c8-43ba-bf24-841b1821ccd6','Which of the following is a key feature of ReactJS?','{\"A\": \"Two-way data binding\", \"B\": \"Direct DOM manipulation\", \"C\": \"Virtual DOM\", \"D\": \"Server-side rendering only\"}','C','ReactJS utilizes a Virtual DOM to efficiently update the UI by minimizing direct DOM manipulations.','2025-08-27 05:48:00','2025-08-27 05:48:00'),('e25a7bb4-90ac-403d-81e3-f0324a012566','ecadc0f6-9e58-4855-8c64-dba7e710d733','What is the primary benefit of using useReducer over useState for state management?','{\"A\": \"It automatically optimizes component rendering.\", \"B\": \"It simplifies asynchronous state updates.\", \"C\": \"It is better for simple state management with only a few state variables.\", \"D\": \"It is better for managing more complex state logic and state transitions.\"}','D','useReducer is beneficial when state logic involves multiple sub-values or when the next state depends on the previous one.','2025-09-23 21:55:06','2025-09-23 21:55:06'),('e3124c5a-4799-4901-8e56-36d4b0c3019a','b5061e25-dcb9-4e74-8d87-ae19444a66c3','What is JSX in the context of ReactJS?','{\"A\": \"A JavaScript library for data manipulation\", \"B\": \"A syntax extension allowing HTML-like code inside JavaScript\", \"C\": \"A state management tool\", \"D\": \"A testing framework\"}','B','JSX is a syntax extension that allows writing HTML-like code inside JavaScript in ReactJS.','2025-08-27 05:48:01','2025-08-27 05:48:01'),('f124aaff-7934-4e0a-8803-bf02770cc402','85f791e0-34c8-43ba-bf24-841b1821ccd6','Which of the following is NOT an advantage of using ReactJS?','{\"A\": \"High performance due to Virtual DOM\", \"B\": \"Reusable components leading to maintainable code\", \"C\": \"Large community support and ecosystem\", \"D\": \"Automatic state management without extra libraries\"}','D','ReactJS only handles the UI layer and requires additional libraries for state management.','2025-08-27 05:48:00','2025-08-27 05:48:00'),('fa435ed3-10d4-45e6-965b-89a7b59ed5b9','00f32c21-57ff-4593-adea-0c23c97fe366','What is ReactJS primarily used for?','{\"A\": \"Building server-side applications\", \"B\": \"Creating operating systems\", \"C\": \"Building user interfaces\", \"D\": \"Managing databases\"}','C','ReactJS is a JavaScript library specifically designed for building user interfaces, especially for single-page applications.','2025-08-27 06:55:16','2025-08-27 06:55:16'),('question-001','lesson-002','What is React primarily used for?','{\"A\": \"Database management\", \"B\": \"Building user interfaces\", \"C\": \"Server-side development\", \"D\": \"Machine learning\"}','B','React is a JavaScript library primarily used for building user interfaces, especially for web applications.','2025-08-21 08:37:13','2025-08-21 08:37:13'),('question-002','lesson-002','What does JSX stand for?','{\"A\": \"JavaScript XML\", \"B\": \"Java Syntax Extension\", \"C\": \"JSON XML\", \"D\": \"JavaScript Xtended\"}','A','JSX stands for JavaScript XML and allows you to write HTML-like syntax in JavaScript.','2025-08-21 08:37:13','2025-08-21 08:37:13'),('question-003','lesson-002','Which method is used to render a React component?','{\"A\": \"ReactDOM.render()\", \"B\": \"React.display()\", \"C\": \"React.show()\", \"D\": \"ReactDOM.display()\"}','A','ReactDOM.render() is the method used to render React components to the DOM.','2025-08-21 08:37:13','2025-08-21 08:37:13'),('question-004','lesson-006','What hook is used to manage local state in functional components?','{\"A\": \"useEffect\", \"B\": \"useState\", \"C\": \"useContext\", \"D\": \"useReducer\"}','B','useState is the React hook used to add state to functional components.','2025-08-21 08:37:13','2025-08-21 08:37:13'),('question-005','lesson-006','When does useEffect run by default?','{\"A\": \"Only on mount\", \"B\": \"Only on unmount\", \"C\": \"After every render\", \"D\": \"Only when state changes\"}','C','By default, useEffect runs after every render (both mount and update).','2025-08-21 08:37:13','2025-08-21 08:37:13'),('question-006','lesson-012','What is the recommended way to create a new React Native project?','{\"A\": \"react-native init\", \"B\": \"npx react-native init\", \"C\": \"Expo CLI\", \"D\": \"All of the above\"}','D','All methods are valid ways to create React Native projects, each with different advantages.','2025-08-21 08:37:13','2025-08-21 08:37:13'),('question-007','lesson-012','Which platforms can React Native target?','{\"A\": \"iOS only\", \"B\": \"Android only\", \"C\": \"iOS and Android\", \"D\": \"Web only\"}','C','React Native can build applications for both iOS and Android platforms.','2025-08-21 08:37:13','2025-08-21 08:37:13'),('question-008','lesson-016','What is a common type of cyber attack that involves tricking users into revealing sensitive information?','{\"A\": \"DDoS\", \"B\": \"Phishing\", \"C\": \"SQL Injection\", \"D\": \"Malware\"}','B','Phishing attacks trick users into revealing sensitive information by impersonating trusted entities.','2025-08-21 08:37:14','2025-08-21 08:37:14'),('question-009','lesson-016','What does CIA stand for in cybersecurity?','{\"A\": \"Central Intelligence Agency\", \"B\": \"Confidentiality, Integrity, Availability\", \"C\": \"Computer Information Access\", \"D\": \"Cyber Intelligence Analysis\"}','B','In cybersecurity, CIA refers to the three pillars: Confidentiality, Integrity, and Availability.','2025-08-21 08:37:14','2025-08-21 08:37:14'),('question-01-001','lesson-011-03','What is React primarily used for?','{\"A\": \"Database management\", \"B\": \"Building user interfaces\", \"C\": \"Server-side development\", \"D\": \"Machine learning\"}','B','React is a JavaScript library primarily used for building user interfaces, especially for web applications.','2025-08-21 08:37:19','2025-08-21 08:37:19'),('question-01-002','lesson-011-05','What is JavaScript primarily used for?','{\"A\": \"Database management\", \"B\": \"Building user interfaces\", \"C\": \"Server-side development\", \"D\": \"Machine learning\"}','B','JavaScript is a versatile programming language primarily used for building interactive web applications.','2025-08-21 08:37:19','2025-08-21 08:37:19'),('question-01-003','lesson-011-05','What is Oracle primarily used for?','{\"A\": \"Database management\", \"B\": \"Building user interfaces\", \"C\": \"Server-side development\", \"D\": \"Machine learning\"}','B','Oracle is primarily used for database management and enterprise applications.','2025-08-21 08:37:19','2025-08-21 08:37:19'),('question-010','lesson-022','What CSS feature is primarily used for responsive design?','{\"A\": \"Flexbox\", \"B\": \"Grid\", \"C\": \"Media queries\", \"D\": \"Animations\"}','C','Media queries are the primary CSS feature used to create responsive designs by applying different styles based on device characteristics.','2025-08-21 08:37:14','2025-08-21 08:37:14'),('question-011','lesson-022','What is the mobile-first approach in responsive design?','{\"A\": \"Designing for mobile only\", \"B\": \"Starting with mobile design and scaling up\", \"C\": \"Ignoring desktop users\", \"D\": \"Using only touch interfaces\"}','B','Mobile-first approach means starting with the mobile design and then progressively enhancing for larger screens.','2025-08-21 08:37:14','2025-08-21 08:37:14'),('question-011-001','lesson-020','What is React primarily used for?','{\"A\": \"Database management\", \"B\": \"Building user interfaces\", \"C\": \"Server-side development\", \"D\": \"Machine learning\"}','B','React is a JavaScript library primarily used for building user interfaces, especially for web applications.','2025-08-21 08:37:20','2025-08-21 08:37:20'),('question-011-002','lesson-020','What is JavaScript primarily used for?','{\"A\": \"Database management\", \"B\": \"Building user interfaces\", \"C\": \"Server-side development\", \"D\": \"Machine learning\"}','B','JavaScript is a versatile programming language primarily used for building interactive web applications.','2025-08-21 08:37:20','2025-08-21 08:37:20'),('question-011-003','lesson-020','What is Oracle primarily used for?','{\"A\": \"Database management\", \"B\": \"Building user interfaces\", \"C\": \"Server-side development\", \"D\": \"Machine learning\"}','A','Oracle is primarily used for database management and enterprise applications.','2025-08-21 08:37:20','2025-08-21 08:37:20'),('question-012','lesson-028','What is the correct way to define a function in Python?','{\"A\": \"function myFunc():\", \"B\": \"def myFunc():\", \"C\": \"func myFunc():\", \"D\": \"define myFunc():\"}','B','In Python, functions are defined using the \'def\' keyword followed by the function name and parentheses.','2025-08-21 08:37:14','2025-08-21 08:37:14'),('question-013','lesson-028','Which of the following is a mutable data type in Python?','{\"A\": \"Tuple\", \"B\": \"String\", \"C\": \"List\", \"D\": \"Integer\"}','C','Lists are mutable in Python, meaning their contents can be changed after creation.','2025-08-21 08:37:14','2025-08-21 08:37:14'),('question-014','lesson-032','What is the primary purpose of database normalization?','{\"A\": \"Increase data redundancy\", \"B\": \"Reduce data redundancy\", \"C\": \"Slow down queries\", \"D\": \"Increase storage space\"}','B','Database normalization primarily aims to reduce data redundancy and improve data integrity.','2025-08-21 08:37:14','2025-08-21 08:37:14'),('question-015','lesson-032','What is a primary key?','{\"A\": \"A key that opens the database\", \"B\": \"A unique identifier for each record\", \"C\": \"The most important column\", \"D\": \"A password for the database\"}','B','A primary key is a unique identifier that ensures each record in a table can be uniquely identified.','2025-08-21 08:37:14','2025-08-21 08:37:14'),('question-016','lesson-034','What programming language is primarily used for Unity scripting?','{\"A\": \"JavaScript\", \"B\": \"Python\", \"C\": \"C#\", \"D\": \"Java\"}','C','C# is the primary programming language used for scripting in Unity game development.','2025-08-21 08:37:14','2025-08-21 08:37:14'),('question-017','lesson-034','What is a GameObject in Unity?','{\"A\": \"A game rule\", \"B\": \"A container for components\", \"C\": \"A player score\", \"D\": \"A game level\"}','B','A GameObject in Unity is a container that holds components, which define the object\'s behavior and properties.','2025-08-21 08:37:14','2025-08-21 08:37:14'),('question-018','lesson-038','What is a closure in JavaScript?','{\"A\": \"A way to close the browser\", \"B\": \"A function with access to outer scope variables\", \"C\": \"A type of loop\", \"D\": \"A JavaScript library\"}','B','A closure is a function that has access to variables in its outer (enclosing) scope even after the outer function has returned.','2025-08-21 08:37:14','2025-08-21 08:37:14'),('question-019','lesson-038','What does \'async/await\' help with in JavaScript?','{\"A\": \"Synchronous programming\", \"B\": \"Handling asynchronous operations\", \"C\": \"Variable declaration\", \"D\": \"DOM manipulation\"}','B','Async/await provides a cleaner way to handle asynchronous operations in JavaScript, making code more readable than promises.','2025-08-21 08:37:14','2025-08-21 08:37:14'),('question-02-003','lesson-012-01','What is a Python decorator?','{\"A\": \"A type of function\", \"B\": \"A design pattern\", \"C\": \"A way to modify functions\", \"D\": \"All of the above\"}','D','A Python decorator is a way to modify or enhance functions or methods without changing their code.','2025-08-21 08:37:19','2025-08-21 08:37:19'),('question-020','lesson-002','What is the virtual DOM in React?','{\"A\": \"A real DOM element\", \"B\": \"A JavaScript representation of the DOM\", \"C\": \"A browser feature\", \"D\": \"A database\"}','B','The virtual DOM is a JavaScript representation of the real DOM that React uses to optimize rendering performance.','2025-08-21 08:37:14','2025-08-21 08:37:14');
/*!40000 ALTER TABLE `quiz_questions` ENABLE KEYS */;

--
-- Table structure for table `quiz_results`
--

DROP TABLE IF EXISTS `quiz_results`;
/*!40101 SET @saved_cs_client     = @@character_set_client */;
/*!50503 SET character_set_client = utf8mb4 */;
CREATE TABLE `quiz_results` (
  `id` varchar(36) NOT NULL,
  `user_id` varchar(36) NOT NULL,
  `lesson_id` varchar(36) NOT NULL,
  `score` decimal(5,2) DEFAULT NULL,
  `answers` json DEFAULT NULL,
  `completed_at` timestamp NULL DEFAULT CURRENT_TIMESTAMP,
  `created_at` timestamp NULL DEFAULT CURRENT_TIMESTAMP,
  `updated_at` timestamp NULL DEFAULT CURRENT_TIMESTAMP,
  PRIMARY KEY (`id`),
  UNIQUE KEY `unique_quiz_res` (`user_id`,`lesson_id`),
  KEY `fk_qr_lesson` (`lesson_id`),
  CONSTRAINT `fk_qr_lesson` FOREIGN KEY (`lesson_id`) REFERENCES `lessons` (`id`) ON DELETE CASCADE,
  CONSTRAINT `fk_qr_user` FOREIGN KEY (`user_id`) REFERENCES `users` (`id`) ON DELETE CASCADE
) ENGINE=InnoDB DEFAULT CHARSET=utf8mb4 COLLATE=utf8mb4_0900_ai_ci;
/*!40101 SET character_set_client = @saved_cs_client */;

--
-- Dumping data for table `quiz_results`
--

/*!40000 ALTER TABLE `quiz_results` DISABLE KEYS */;
INSERT INTO `quiz_results` VALUES ('21153427-cf5b-4a6c-88dd-a9adc7fd747a','user-002','e95a7da3-e1a8-444c-a87f-3cc585b2eb8f',80.00,'{\"b67acf36-f23a-40e4-a0a1-8f064bdf771f\": \"B\", \"bf3b3df7-7099-4e32-b30c-90ae519207b1\": \"B\", \"c616bbef-ba3a-4dfe-a535-c4097f121377\": \"B\", \"cafc1a70-a5cc-4c52-83da-07699bf4ca93\": \"B\", \"e5da5c1c-7297-4774-98dd-ff5a3b2ab2d9\": \"B\"}','2025-08-27 05:58:00','2025-08-27 05:58:00','2025-08-27 06:08:01'),('32694c45-01a8-432b-8277-ee1d5674e5c0','user-002','lesson-038',0.00,'{\"question-018\": \"A\", \"question-019\": \"A\"}','2025-08-26 03:10:01','2025-08-26 03:10:01','2025-08-26 03:10:01'),('417766fb-45e4-40f8-a05d-7126eeb5de00','user-002','0269ff4c-64fa-4f97-9532-39735de1cc66',0.00,'{\"19a88489-d752-4b27-8118-d98636117e02\": \"A\", \"2fee9e79-5e6d-4d5a-9a80-9faf3a0eb21c\": \"A\", \"47b141b7-6418-40e7-b275-3f9d3db009a4\": \"A\", \"a028a095-cc96-4f40-bfae-dd82688ba27e\": \"A\", \"b80ab73b-9b16-4317-bb74-d7d9fbeda223\": \"A\"}','2025-08-27 05:51:52','2025-08-27 05:51:52','2025-08-27 05:51:52'),('52389705-ff68-4b7e-bd38-3f3fe97debbc','ec592cdf-3410-4fdc-a79d-2ef048b15899','1e64f97c-30ae-4374-9b50-0952a084bde7',100.00,'{\"489adcd2-a04d-4c68-b581-41f4d8c8b169\": \"B\", \"7935a154-61cd-4be2-8fb1-083a8e043774\": \"C\", \"a04aa333-8c4e-455f-a45a-0ba73236f4ee\": \"A\", \"a9017581-8948-46af-8075-a1846d53acc0\": \"B\"}','2025-09-23 23:12:30','2025-09-23 23:12:30','2025-09-23 23:12:30'),('6772ee8c-3367-432e-8137-c7c9e3772a16','user-002','85f791e0-34c8-43ba-bf24-841b1821ccd6',20.00,'{\"530c0fc4-abb9-4929-9bde-13abcb3c8cce\": \"C\", \"86542817-0931-4f15-b73b-aec3a3ccda2a\": \"C\", \"b67f13b5-61bb-4ceb-a180-dc56b3da9d67\": \"B\", \"da7ab599-be33-4901-90b1-467cd254e8a6\": \"A\", \"f124aaff-7934-4e0a-8803-bf02770cc402\": \"A\"}','2025-08-27 06:20:46','2025-08-27 06:20:46','2025-08-27 06:20:46'),('69a3fec3-017e-4975-91d3-fb1311815917','user-002','lesson-034',0.00,'{\"question-016\": \"A\", \"question-017\": \"A\"}','2025-08-27 05:24:25','2025-08-27 05:24:25','2025-08-27 05:24:25'),('931fbd37-3e89-4fc1-8445-32fb2d00270e','ec592cdf-3410-4fdc-a79d-2ef048b15899','ecadc0f6-9e58-4855-8c64-dba7e710d733',87.50,'{\"0316b856-bf37-4b7b-b334-fd8a6044a3bb\": \"D\", \"2eba8832-d712-4d01-98f5-b1e8bc93c230\": \"B\", \"30ce0a6b-105b-46d6-930e-2a48aacfb951\": \"C\", \"3b65715a-8bb4-479d-a884-25a0fe506a44\": \"C\", \"40b10234-b770-4ef0-b4be-6b829c6875ce\": \"B\", \"9aa66d11-0d00-4180-af38-1a98752405f9\": \"B\", \"a7cf5bde-3020-4e19-af70-fcae6108798e\": \"B\", \"e25a7bb4-90ac-403d-81e3-f0324a012566\": \"D\"}','2025-09-23 22:17:34','2025-09-23 22:17:34','2025-09-23 22:19:08'),('a253b63c-5e11-47b7-9e0e-ed442e4ad730','user-002','lesson-032',0.00,'{\"question-014\": \"D\", \"question-015\": \"D\"}','2025-08-27 05:34:51','2025-08-27 05:34:51','2025-08-27 05:35:26'),('e188e76f-13cc-4e7c-bbd3-eef63547025e','user-002','5e4edfba-987d-4106-8098-80314be1cc6e',0.00,'{\"253d96f3-0cab-4ccb-ac99-e964de903d6e\": \"A\", \"47c01491-3921-4572-80e9-01fe7454b74c\": \"A\", \"654a58f2-d7fc-4c49-ace1-35780d80d573\": \"A\", \"ca760a3b-59f9-461d-b9ce-19e3dbb62e82\": \"A\", \"d7e0eb4d-d0aa-414b-858c-c0c35399376f\": \"A\"}','2025-08-27 05:50:56','2025-08-27 05:50:56','2025-08-27 05:50:56'),('e307c213-b9cb-4d8a-b054-19d2e7e00c05','ec592cdf-3410-4fdc-a79d-2ef048b15899','62208dc4-d120-4705-8bea-810f0a1912aa',100.00,'{\"0dad182e-b74d-4a45-96c8-f746cf15e677\": \"C\", \"4a09b71b-4f81-4f4c-8988-bb2ced37fefb\": \"B\", \"56bd5bc9-bf8e-44cc-8a6c-efbb2cf3cfcb\": \"C\", \"80604ddf-b61b-42d9-8395-4970ce009d85\": \"C\", \"ad344744-d00b-4ad9-b62e-ca8e3b157c3e\": \"B\"}','2025-09-23 23:38:32','2025-09-23 23:38:32','2025-09-23 23:38:32'),('qr-001','user-002','lesson-002',85.00,'{\"question-001\": \"B\", \"question-002\": \"A\", \"question-003\": \"A\", \"question-020\": \"C\"}','2025-01-25 07:30:00','2025-01-25 07:30:00','2025-01-25 07:30:00'),('qr-002','user-005','lesson-012',92.50,'{\"question-006\": \"D\", \"question-007\": \"C\"}','2025-01-18 09:45:00','2025-01-18 09:45:00','2025-01-18 09:45:00'),('qr-003','user-006','lesson-028',78.00,'{\"question-012\": \"B\", \"question-013\": \"A\"}','2025-02-02 03:20:00','2025-02-02 03:20:00','2025-02-02 03:20:00'),('qr-004','user-007','lesson-022',88.50,'{\"question-010\": \"A\", \"question-011\": \"B\"}','2025-01-28 04:15:00','2025-01-28 04:15:00','2025-01-28 04:15:00'),('qr-005','user-008','lesson-038',95.00,'{\"question-018\": \"A\", \"question-019\": \"B\"}','2025-02-05 06:40:00','2025-02-05 06:40:00','2025-02-05 06:40:00'),('qr-01-001','user-002','lesson-020',100.00,'{\"question-011-001\": \"B\", \"question-011-002\": \"B\", \"question-011-003\": \"A\"}','2025-01-25 07:30:00','2025-01-25 07:30:00','2025-01-25 07:30:00');
/*!40000 ALTER TABLE `quiz_results` ENABLE KEYS */;

--
-- Table structure for table `refresh_tokens`
--

DROP TABLE IF EXISTS `refresh_tokens`;
/*!40101 SET @saved_cs_client     = @@character_set_client */;
/*!50503 SET character_set_client = utf8mb4 */;
CREATE TABLE `refresh_tokens` (
  `id` varchar(36) NOT NULL,
  `user_id` varchar(36) NOT NULL,
  `token` varchar(512) NOT NULL,
  `expires_at` timestamp NOT NULL,
  `is_revoked` bit(1) NOT NULL,
  `created_at` timestamp NULL DEFAULT CURRENT_TIMESTAMP,
  PRIMARY KEY (`id`),
  UNIQUE KEY `token` (`token`),
  KEY `idx_rt_user` (`user_id`),
  CONSTRAINT `fk_rt_user` FOREIGN KEY (`user_id`) REFERENCES `users` (`id`) ON DELETE CASCADE
) ENGINE=InnoDB DEFAULT CHARSET=utf8mb4 COLLATE=utf8mb4_0900_ai_ci;
/*!40101 SET character_set_client = @saved_cs_client */;

--
-- Dumping data for table `refresh_tokens`
--

/*!40000 ALTER TABLE `refresh_tokens` DISABLE KEYS */;
INSERT INTO `refresh_tokens` VALUES ('013702d2-6ee6-4496-afaa-7203a34a747d','user-002','301424c7-b4a0-43ba-b03d-471a9d205a16','2025-10-09 13:15:17',0x01,'2025-09-09 13:15:17'),('014044e8-a14e-433d-aeb0-08d800a3b8a8','user-002','bf787948-efef-443d-bf26-91c66600b0ea','2025-09-25 08:52:47',0x00,'2025-08-26 08:52:48'),('016f1f0e-1baa-4c75-a9f5-3e2e5501664b','user-002','6a9b0b73-f39c-4d42-a7d5-6ddd874edb76','2025-09-20 08:41:45',0x00,'2025-08-21 08:41:45'),('03be1ed3-83a1-4fe5-aaa0-05aad32676de','316c28f6-2b46-46ab-9481-9ce170684fc1','961f55a7-6a73-47b8-b221-b30be0dae828','2025-10-11 05:48:43',0x01,'2025-09-11 05:48:43'),('05375d74-080c-4760-b563-ae4ca356e9e1','user-001','d55a43f8-9036-4ca5-b34a-f2b0658ace9f','2025-10-22 12:27:25',0x00,'2025-09-22 12:27:25'),('05a7f412-1578-4f74-a042-83987ba3ba66','user-002','817d4945-0443-4a4a-bb09-033787201acd','2025-10-07 02:58:13',0x01,'2025-09-07 02:58:13'),('05bef8b5-7dc5-47ea-9817-80cce87610a0','user-001','ee42c861-5d47-4581-ac09-cd3e1ea122d9','2025-10-08 02:24:45',0x01,'2025-09-08 02:24:45'),('06586f23-8ef2-4dbb-ba93-7300e1cded32','user-002','a853c228-c2b9-457e-bd50-bc24b1b12d53','2025-09-26 05:20:14',0x00,'2025-08-27 05:20:14'),('06a97ce8-a43d-42ad-b7aa-57347e46b8ff','user-003','a3e439aa-df8e-4067-a80e-4e7cdbe1322a','2025-10-16 04:03:52',0x01,'2025-09-16 04:03:52'),('08fa2452-7a49-4fd6-8805-2fbee701238e','ae74ec1e-2ed4-4948-84a9-df50baae62d6','bc1e9d19-b8b3-47fe-918e-61ab98d97414','2025-10-10 03:43:02',0x00,'2025-09-10 03:43:02'),('0a7501d5-c32c-4248-a348-a9ee8c8e9fab','41af40ad-9423-42b6-a4ae-38a45b8ddf93','a64ca6e7-0008-4155-810e-d2f78538851b','2025-10-21 05:35:25',0x01,'2025-09-21 05:35:25'),('0c12b9ae-78f3-48fc-94ad-ae9186313ea8','user-002','3f9074d3-92f3-4597-b861-fcd5ca552503','2025-10-10 03:09:07',0x01,'2025-09-10 03:09:07'),('0ce3ddc0-ea12-424d-ae9e-b8171c06c61e','41af40ad-9423-42b6-a4ae-38a45b8ddf93','ac30e771-6985-4227-be8c-3a68b9fc0389','2025-10-12 06:32:38',0x01,'2025-09-12 06:32:38'),('0d968586-5503-4e3f-91ba-7ce695ac6610','user-001','30257234-50a5-428d-b40f-779cdea64d9f','2025-10-11 05:45:16',0x01,'2025-09-11 05:45:16'),('0dc999ac-e762-447b-b625-034ec6d94326','user-002','7ba87536-9cd7-4a68-abfd-894c457200d6','2025-10-22 10:39:31',0x01,'2025-09-22 10:39:31'),('0e4e38db-91df-4fdf-9f5f-dfd05f2a64ef','user-003','153d895c-9f83-4988-bc35-4244e2639613','2025-10-02 05:24:06',0x01,'2025-09-02 05:24:06'),('0f53f12c-1140-4587-af40-5e92d7610949','user-002','d330c061-21c7-4c37-ac90-1e66c27dd42a','2025-10-23 03:10:53',0x00,'2025-09-23 03:10:53'),('0fe696ce-cc37-494b-a31a-e7e9a4020999','user-001','7c517818-ecf3-45de-921c-ca36e11183b0','2025-10-11 02:59:59',0x00,'2025-09-11 02:59:59'),('101c2fb1-3295-4855-a23a-d8751a2ee706','user-003','6808791b-4ce7-4cb9-99fc-1110bd92221c','2025-09-27 01:39:56',0x00,'2025-08-28 01:39:56'),('103757f6-2808-4fe7-8add-ac4f31fd8b65','b4d02e45-4c19-409d-b8a9-83b4662ce1bf','57572d72-5d36-4ceb-82ea-39f03d1d1d73','2025-10-21 06:23:30',0x01,'2025-09-21 06:23:30'),('10f096c2-d0f5-4660-87b2-428455333b3a','user-002','40958a6c-f012-4b50-8728-813dfedc95be','2025-10-11 06:05:30',0x00,'2025-09-11 06:05:30'),('1159d0ab-05d0-4d75-882e-f533a82ba050','5b0aa024-020f-433d-be04-ef490ed7e440','e3398aa3-fd6d-4954-9ff6-3e9b44f18d5f','2025-10-21 05:33:56',0x01,'2025-09-21 05:33:56'),('118ae2c0-7a76-4a24-8c80-a80ff6c7a46e','user-001','908b2355-e2dc-482b-8487-22eb579936bb','2025-10-23 03:20:56',0x00,'2025-09-23 03:20:56'),('11e4da6d-277a-4012-ae27-db17d5e56dab','user-003','6766ee41-483c-42b9-93e1-e3b9e7c10545','2025-10-08 02:51:43',0x00,'2025-09-08 02:51:43'),('12436131-5915-41e6-8059-d8b571dd35e8','user-001','54d7a6bd-2821-4290-a19e-77d4fb7d77d6','2025-10-08 04:26:38',0x00,'2025-09-08 04:26:38'),('1258007c-222a-4be4-aada-5331565e7dfe','user-003','3d58e2d8-0f70-4c35-a4e5-ff83e9742f5d','2025-10-05 03:53:35',0x00,'2025-09-05 03:53:35'),('129633f3-21bd-4a3c-805d-084af1b2def0','user-002','d3ce480a-42f9-48fc-ba98-9d7e1d49dd4a','2025-10-11 06:25:58',0x00,'2025-09-11 06:25:58'),('13eb302c-9914-4319-9e9a-a6e5cdf28aeb','user-001','b35665c0-7167-4232-b759-44d07df0849c','2025-10-11 06:03:23',0x00,'2025-09-11 06:03:23'),('1451efa6-8eb8-4c8c-a549-32db11e3fb7d','user-002','d881452b-4690-4484-9835-8c301bbb965e','2025-10-10 02:54:11',0x00,'2025-09-10 02:54:11'),('16f276e5-5ce2-4d00-be41-51e2e347dfeb','user-002','9a923fd3-7a92-490e-8cdc-6a9836cbefeb','2025-10-16 02:35:00',0x00,'2025-09-16 02:35:00'),('173762bb-a9bf-4985-91c7-5ececc78c861','user-003','fbcd72eb-582a-4119-8c5f-2d17b98b7175','2025-10-09 04:30:44',0x00,'2025-09-09 04:30:44'),('183a0659-f885-4715-8bb6-dfbd37badc6d','user-002','195c23d3-afbd-4874-af38-adc7442a69df','2025-10-11 12:45:37',0x00,'2025-09-11 12:45:37'),('183bc3f6-105e-4d4c-b5c3-48b83f9990af','user-003','7b3276e9-5d83-41cc-bd14-edd7351965b9','2025-10-11 11:01:03',0x00,'2025-09-11 11:01:03'),('1844fa2f-f707-4781-8c0d-ccf9d56fd69f','user-003','251ee633-6232-482d-a286-a3e22d26e2f8','2025-10-07 09:29:56',0x00,'2025-09-07 09:29:56'),('18da64f6-528c-4a73-9847-b7bab1dba919','user-002','242ad8cc-9c99-4134-980b-dc4a44080a02','2025-10-19 17:06:53',0x00,'2025-09-19 17:06:53'),('18eeb5ce-dce6-4241-bbbe-192d440d87bf','user-002','6a919f01-f01f-4dad-8f6e-50088f702369','2025-10-05 04:23:50',0x00,'2025-09-05 04:23:50'),('193d2cac-47e4-44bc-b685-a18359e420c8','user-003','5065f79c-9fc8-4327-a8cd-a6fe5ef5f4b0','2025-09-28 00:10:38',0x00,'2025-08-29 00:10:38'),('197f28b9-942c-47c2-a6b1-ea6cd8f172ba','user-002','552d918f-49d4-4f7f-924b-68a0154238b5','2025-10-07 04:13:48',0x00,'2025-09-07 04:13:48'),('1a1d66f2-7701-42ee-996b-b3f773f5ee50','user-003','2a2d6ea2-0636-4713-a709-25befb693711','2025-09-22 05:28:54',0x01,'2025-08-23 05:28:54'),('1a2391cb-e77b-4563-a228-3fd0d28ab132','user-002','af360f20-76a1-41c1-85d6-797821004ef7','2025-10-20 00:34:56',0x01,'2025-09-20 00:34:56'),('1a99d380-67be-4cc2-92f3-40dfe59eab8a','user-002','49921a89-8fc7-4b6b-a5d7-1c5aba32eee5','2025-09-29 05:42:34',0x00,'2025-08-30 05:42:34'),('1acaeee1-95d3-4185-8b03-ce7957f90ee6','user-003','2648b094-49cd-47ac-b696-267ceba6b2d3','2025-10-09 01:48:32',0x00,'2025-09-09 01:48:32'),('1b47362b-7918-4719-af3f-ef11005f6d21','user-003','8311ec40-1f06-4b52-808b-4f4299ce976e','2025-09-27 03:15:16',0x00,'2025-08-28 03:15:16'),('1b559b86-afcf-4c1b-97af-a20ecfc9601a','user-003','5138c778-1809-4595-b4c8-76f519480db7','2025-10-14 06:26:16',0x01,'2025-09-14 06:26:16'),('1cff18a3-9de7-4c18-a6f6-e6fe83955bea','316c28f6-2b46-46ab-9481-9ce170684fc1','8e34f821-9a3b-425a-a463-69708ed96002','2025-10-11 05:45:51',0x01,'2025-09-11 05:45:51'),('1d17f39a-348a-4a63-973f-a17c39bc50ca','user-001','922f5985-be19-4b73-8215-6cbeeabdece7','2025-10-11 06:28:10',0x00,'2025-09-11 06:28:10'),('1e5c22dd-63ee-4d40-97bf-fc21df6711ef','user-003','6a3e97d2-738d-4235-93f6-9dda4561d3e5','2025-10-09 13:04:40',0x01,'2025-09-09 13:04:40'),('1ec3a728-4bd9-40e6-8e89-e6af521cc7e2','user-001','9b5348f4-b4b0-472a-be33-6685143f943d','2025-10-10 03:06:54',0x01,'2025-09-10 03:06:54'),('20568701-9acf-4040-9f43-01a63f938f0f','user-003','821ca11b-9cb8-49be-ae15-e4f8d9e139f8','2025-10-05 04:41:36',0x00,'2025-09-05 04:41:36'),('20c67535-4e4a-4132-8b91-fdf0747bb794','user-002','708d26a7-4c3f-44b8-8f64-38f969c90f40','2025-10-22 01:49:36',0x01,'2025-09-22 01:49:36'),('21588462-8e58-465f-9a2e-7b99c4b5f949','user-001','38bfaacb-8a27-4636-bc95-cba0433ebcac','2025-10-11 05:39:37',0x00,'2025-09-11 05:39:37'),('22617ec9-df0d-4479-8214-2ce6485604dd','user-003','8df0371c-60ba-45dd-bd0b-96df13520864','2025-09-27 07:04:56',0x00,'2025-08-28 07:04:57'),('228c43ae-036c-42d4-ae6f-a7c8614d9e2e','user-001','98d7cd10-d559-4266-8f12-79e6e24740ad','2025-09-23 05:28:13',0x00,'2025-08-24 05:28:13'),('22947537-e329-4cbe-b71c-65341983fe52','user-003','14c7ca45-4673-4ef7-8da1-a4345bc44ca8','2025-10-23 21:47:12',0x01,'2025-09-23 21:47:12'),('229a5afb-61e6-49bd-812f-74cd5a2082ed','user-001','f4faf2bc-0f16-4c94-bd6f-06588c17be6c','2025-09-26 07:07:58',0x00,'2025-08-27 07:07:58'),('23c3cd0e-728a-4811-9d42-98131e064efd','user-001','d7e76f1c-2e49-491a-a3d5-ce5676d73396','2025-10-11 06:25:29',0x01,'2025-09-11 06:25:29'),('242730a1-0254-4d06-85d1-ec65ac4bf7c4','user-003','63a3810d-4073-4673-b29e-88345a9cd358','2025-09-28 00:09:07',0x00,'2025-08-29 00:09:07'),('245e3eed-783d-410c-9b92-6a030461bdc4','user-001','f2309fb9-f373-4bac-98f8-79d68c2c9060','2025-10-10 03:38:31',0x00,'2025-09-10 03:38:32'),('257fbada-9358-4ad8-98af-a6b6927e9d6a','user-003','f601ec3f-9d59-47e7-9ca2-03be151b4607','2025-09-29 03:38:12',0x00,'2025-08-30 03:38:12'),('25f3f0da-95d3-4b67-bd7a-f3f8d854be60','user-002','970aec97-6699-41c3-a45d-806e58c5a9c5','2025-10-12 03:55:48',0x00,'2025-09-12 03:55:48'),('266d02af-31a3-4a15-871c-62284d06e506','user-002','85ad36cb-0a41-47dc-b0dc-1e5cc7583d71','2025-10-02 05:50:30',0x00,'2025-09-02 05:50:30'),('26d192b1-3cb3-4ea3-8f5b-d36621276b14','user-002','db1d52ef-8185-4cb9-8da7-2a7d4a670de2','2025-10-16 02:29:50',0x01,'2025-09-16 02:29:50'),('27abbe24-384c-452d-a5f9-f585adfab5c0','a63c03b7-43dd-41d8-8f20-269d14d0f5b5','b7f580b0-9f4a-4b16-b419-916eb425461f','2025-10-12 06:27:41',0x00,'2025-09-12 06:27:41'),('27ae2aa3-5c18-45e4-ad41-416fca2e0748','user-003','f00d35e0-eec0-4de9-8861-105cc7cb06b1','2025-09-21 05:38:52',0x00,'2025-08-22 05:38:52'),('28261c06-f87f-4ff3-b3d7-fe16df497bb0','user-002','56e704b7-040f-40e4-9560-155c9feb74be','2025-10-22 01:35:11',0x01,'2025-09-22 01:35:11'),('2866ce71-de3b-4b48-ae08-1bbd931ac84d','4b36f90c-ae3d-4458-8b04-045e77b8d9c1','043b02ed-bf9c-4f32-9c28-9ee8d8392a9f','2025-10-15 08:32:37',0x00,'2025-09-15 08:32:37'),('28737e55-d691-4a46-9359-3c1a2ea60323','ec592cdf-3410-4fdc-a79d-2ef048b15899','f3eddd6e-5bae-448c-aa89-a35917cbe2c5','2025-10-23 22:15:36',0x00,'2025-09-23 22:15:36'),('29a3cc70-5393-4202-b78f-60a76a2e7cef','5b0aa024-020f-433d-be04-ef490ed7e440','a247d851-6faa-4a6b-b5d9-647595680733','2025-09-26 03:43:51',0x00,'2025-08-27 03:43:51'),('2ae007c8-179f-4f36-8f44-3ce8feb2c9bf','user-002','56008dcb-4f70-4f23-81ce-54f49665f819','2025-10-05 04:21:54',0x00,'2025-09-05 04:21:54'),('2b69845b-94e0-47d9-8bb7-89caaca58f81','user-001','528aa962-b22c-4792-8ff1-0307ffb26c1a','2025-10-10 03:35:01',0x01,'2025-09-10 03:35:01'),('2c945d27-1a7b-4006-84e5-146ae4268b4b','user-001','6ed1429d-0e1b-4e1c-83cb-247e001e0baa','2025-10-09 14:09:26',0x01,'2025-09-09 14:09:26'),('2cddcb15-59c8-485b-88aa-97c69314fe0c','user-003','25b128a4-696e-4044-af24-ffd735847d47','2025-09-28 03:31:18',0x00,'2025-08-29 03:31:18'),('2d03969c-181c-4c96-82e6-949914c8ecab','user-002','5772eebc-185c-457a-8793-a108df31a4dd','2025-10-06 03:54:06',0x00,'2025-09-06 03:54:06'),('2e2e1889-328b-41f6-be34-3c079549ea07','316c28f6-2b46-46ab-9481-9ce170684fc1','7b95c827-e9e0-4863-91d7-f3a0d59271a4','2025-10-10 02:44:51',0x00,'2025-09-10 02:44:51'),('2f13d7ad-fd43-4410-9276-22d92544fe44','user-003','ef58d570-42e0-46a0-b75e-5ba4efdc9cc8','2025-10-04 04:51:16',0x00,'2025-09-04 04:51:16'),('31263e7a-8bdb-48a3-abf1-10f546704d9c','user-002','75a58bf1-9855-477a-9f0a-c89d0ecbab1c','2025-10-14 08:55:23',0x01,'2025-09-14 08:55:23'),('31b184a7-86f0-4f8b-8552-2287752b12f0','user-003','95b0a088-69aa-4107-9ed0-b6362f49d460','2025-09-22 05:29:30',0x00,'2025-08-23 05:29:30'),('31c72ed4-f912-4f64-83fa-882fdf7da081','user-003','a2bb2d48-204f-4ddf-9f15-12096bd68339','2025-09-27 06:24:59',0x00,'2025-08-28 06:24:59'),('3297166e-6f6e-40ea-a0dd-b91b41c32dcf','ae74ec1e-2ed4-4948-84a9-df50baae62d6','31e1a0d7-95fc-4c8a-b5c4-80d0ca1330d9','2025-10-15 04:35:24',0x00,'2025-09-15 04:35:24'),('32a999fe-6edc-4631-8c0f-1a449a4b5b50','user-003','729c0558-538b-47cf-9bca-36bdd766c442','2025-09-26 05:36:10',0x00,'2025-08-27 05:36:10'),('3311364b-46c6-4e34-9590-edfe46e0b13d','user-003','12a11656-6313-4e6e-a8ef-3b82196c0a42','2025-10-10 07:23:52',0x01,'2025-09-10 07:23:52'),('33d4ca54-ee58-4f99-a240-a6be6834f4d3','9e7cef07-1c10-46c8-b3dc-7886851df800','178e9442-18f8-44bf-9529-eaeb9e381076','2025-09-23 11:51:10',0x00,'2025-08-24 11:51:10'),('33f44d2a-0fc7-42c4-8b6e-a0d914c59f7b','316c28f6-2b46-46ab-9481-9ce170684fc1','ea72936e-83a2-4309-b9f2-740d26e5595f','2025-10-09 14:07:09',0x01,'2025-09-09 14:07:09'),('34b66e74-55e3-41be-8b20-e7a0dcfb8662','user-003','c703c312-91e4-4b27-97e0-387fddf80c33','2025-10-15 06:33:49',0x00,'2025-09-15 06:33:49'),('358919d5-471f-4af5-b34b-05543010f542','user-001','d34acffa-cd65-4f5c-90bd-b9ce8e7ed155','2025-10-11 12:26:18',0x00,'2025-09-11 12:26:18'),('359c034d-cc24-4791-b4ba-4663f403ea9e','user-001','547836bd-f250-4751-b863-18a5e2ad8ed3','2025-10-05 02:17:42',0x00,'2025-09-05 02:17:42'),('3799d0e1-ca6f-4e21-815b-32495366bb5a','user-003','2612c147-cd81-4381-b772-7c36e319f166','2025-09-25 08:45:35',0x01,'2025-08-26 08:45:35'),('380c09fe-a1d0-4cae-8d56-a354d5884fa8','user-003','a30797d8-1d3d-4b43-9509-a4a7b5fda96e','2025-09-25 03:36:33',0x00,'2025-08-26 03:36:33'),('38edcbf2-793e-489e-9f1b-5debec8432dd','user-002','1c3f4fd1-1a26-42d7-9a62-b1928c99af72','2025-10-07 08:30:57',0x00,'2025-09-07 08:30:57'),('3a35f4ac-b215-4f5b-8edd-d0568086e3ed','user-001','d40de517-5c07-4e43-8c50-c6121d8577f2','2025-10-05 03:52:32',0x00,'2025-09-05 03:52:32'),('3a51d542-7f46-4d8a-ae95-972ddf74f78f','user-003','5ba5b3cf-1543-4e4f-b944-756924322dad','2025-10-22 03:52:35',0x00,'2025-09-22 03:52:35'),('3a638126-ed7c-48ad-ae5a-cf2a1de447f2','user-002','e24a9310-94cc-4a34-b74e-999bb13f0c30','2025-10-12 06:31:35',0x01,'2025-09-12 06:31:35'),('3c04ab7b-ae06-4871-a3dc-e01d746e6893','user-003','73cb9f41-d847-4c03-94b3-14fadf9c6492','2025-10-06 04:10:47',0x00,'2025-09-06 04:10:47'),('3c13cd5a-49b9-4c95-aa2d-6fc85386af80','user-003','2324a142-f543-4971-848c-5b38fb330c7f','2025-10-04 02:31:19',0x00,'2025-09-04 02:31:19'),('3c1a9e0b-acad-4b35-9898-8acae319dd65','264b89f7-6c95-4d1c-8303-7832f601bc3c','36b461dd-61d2-4c1e-937a-d833a261352c','2025-10-15 08:38:59',0x00,'2025-09-15 08:38:59'),('3e7e3738-9973-4bab-abe6-d405aa23b8b0','d6578966-4035-41a9-b304-4fa85dbc3f2e','2ae8f9f3-d03f-48d5-b7cb-65ad68c9edc1','2025-10-22 03:30:25',0x01,'2025-09-22 03:30:26'),('3fd53547-fb50-44fe-bce6-9b8adb253c50','user-001','ede54075-595c-4d91-ab35-b9c29ddca74e','2025-10-15 04:38:45',0x00,'2025-09-15 04:38:45'),('3ff40724-71a9-4f63-9536-94cfe2dccaee','4b36f90c-ae3d-4458-8b04-045e77b8d9c1','9f096193-fda0-4a95-96ba-0f998d2985e4','2025-10-22 10:40:42',0x00,'2025-09-22 10:40:42'),('410b68e3-5ab2-4afe-a4bd-7beb9e87ede9','b4d02e45-4c19-409d-b8a9-83b4662ce1bf','4c9f8f55-3b1f-4d27-8a84-2142f83e3dec','2025-10-21 06:28:11',0x00,'2025-09-21 06:28:11'),('412f9c0a-e8c8-4397-a83d-1a4a43870c00','user-001','95ae6a3f-faf9-421c-b3fc-9306a2887bd4','2025-10-09 02:35:40',0x00,'2025-09-09 02:35:40'),('4142fcaa-b394-43fd-a447-61bb9824df90','user-003','6873c34f-4f68-47db-903a-e20997902a15','2025-10-08 02:57:04',0x00,'2025-09-08 02:57:04'),('41d376f9-89be-4460-9c8b-96f5b091d57b','user-001','045ee0cc-211e-4deb-a392-3944823d2e48','2025-10-11 07:49:07',0x00,'2025-09-11 07:49:07'),('42cf9902-203f-449d-a62f-f7c71b76e520','user-001','c0c06680-7014-4c4b-b685-e4085861fb97','2025-10-22 10:43:33',0x00,'2025-09-22 10:43:33'),('430ff5c1-c689-4d30-bb90-ddeae6098a8d','user-003','7861f735-1991-43c4-9344-1e788e6aaa1b','2025-10-09 13:16:01',0x00,'2025-09-09 13:16:01'),('437e78db-88d2-49d9-a959-00de3c83ce3b','user-001','0e1934b8-a362-4929-9462-9e86f99b06bc','2025-09-20 08:37:47',0x01,'2025-08-21 08:37:47'),('45e8b344-cb82-4d33-9504-125a42138168','b90728f2-8b58-41e5-bfb4-8d9baffc0ea2','ee7a27d7-dd2d-4177-869a-669b212f9842','2025-09-26 05:37:31',0x01,'2025-08-27 05:37:31'),('46008ce6-0800-4e1b-bb58-20ec91d47cb3','user-003','0c88f1fc-b621-46eb-ae4f-1701686fc56a','2025-09-30 09:20:34',0x00,'2025-08-31 09:20:34'),('46880088-b356-4293-b17c-8270cd4c34aa','user-002','0588e063-0fa4-4068-8b62-aa2d2be04dda','2025-10-16 02:35:59',0x01,'2025-09-16 02:35:59'),('46a7fede-11f8-4d1f-bfa0-39ad5268490a','user-002','7841f6ef-6f7f-4090-8187-ac85f54d05de','2025-10-02 05:53:12',0x00,'2025-09-02 05:53:12'),('47222d91-d99d-4931-a8d0-f30cdcb5c2d1','user-003','ac61d363-05e0-49e8-ac91-c5a54045888d','2025-10-14 07:50:52',0x00,'2025-09-14 07:50:52'),('48b45744-63e4-4908-98ae-a038381b7ed6','user-003','0565a43d-0d75-43a5-adc4-33095f2a814c','2025-10-11 07:04:00',0x00,'2025-09-11 07:04:00'),('49970f14-cf03-4459-8b3a-d0446b18a1ee','user-003','0664cd42-a518-4559-b815-3ca809285e95','2025-09-21 05:29:55',0x00,'2025-08-22 05:29:55'),('4a09fc8b-39a6-4e3c-9ccc-6a47830a05e3','user-003','313750a2-8d78-4d29-9a33-479bf6efd9d9','2025-10-11 06:13:41',0x00,'2025-09-11 06:13:41'),('4b951d0d-14a2-4a18-ac07-d66cb88ea5c6','b080d1b9-3ec3-4f31-b512-8ba5e2d95122','bdd8265f-d0f9-428b-8b4b-c484c73bf009','2025-10-22 03:33:28',0x01,'2025-09-22 03:33:28'),('4c2d7579-5a48-40c0-a239-5774b7167a39','user-002','24a6036f-420a-498e-8af9-ecc56ccb57ba','2025-10-20 00:36:00',0x01,'2025-09-20 00:36:00'),('4d06d288-beb4-43d7-9428-9a56cd5c9636','user-002','7d8a4b85-bd07-4ac0-908b-638fd8c8a8a5','2025-09-26 07:04:45',0x00,'2025-08-27 07:04:45'),('4d27e4cd-3148-439f-a92d-a4a1aad69e32','32f6c71a-97ff-48c4-a31b-b34ce0e75e46','b55fe1c1-ea76-4bda-9dbb-466b3c68324b','2025-09-25 07:31:06',0x00,'2025-08-26 07:31:06'),('4d5f8989-95e1-4c11-b43f-d3a9c8a9e1e2','user-001','dc6f68b5-8458-4c35-af26-250e17712b83','2025-10-10 05:24:16',0x00,'2025-09-10 05:24:16'),('4e79076f-3bb1-4dc7-9d3b-e738132268f7','user-003','7483452f-fd05-4ade-aa68-72047d3c66ce','2025-10-12 03:08:01',0x00,'2025-09-12 03:08:01'),('4ee02bce-2b79-4e23-9c55-0c28d24c6ed8','user-003','3da36107-eb82-4e5c-a60c-29314069c7ce','2025-10-05 02:34:07',0x00,'2025-09-05 02:34:07'),('4ee0bcab-31fc-467f-b373-dcb9d5aecf44','user-003','a5e11df4-e3bd-4dae-994d-02fdd1efb0ce','2025-10-08 02:42:28',0x01,'2025-09-08 02:42:28'),('50a04024-1db7-4766-8389-fdcabe200ec0','user-002','5edcfdd9-5258-4e75-91b8-e97cf7282044','2025-10-14 06:37:32',0x00,'2025-09-14 06:37:32'),('50fe86be-5001-485d-930a-90bc5e5cfcda','user-001','3506ddf1-b7e5-4978-b744-a665fce2a4dd','2025-09-26 06:55:05',0x01,'2025-08-27 06:55:06'),('52ce95f8-b3bb-4a6c-b0b7-7d0dc7c207de','b4d02e45-4c19-409d-b8a9-83b4662ce1bf','e191f45b-3f89-4a17-a466-90d877fb25bf','2025-10-21 06:21:41',0x01,'2025-09-21 06:21:41'),('544b5526-a76e-4f4c-9c29-910424dcc9db','user-001','0719c297-8861-4e3e-9b3d-750b9b1766e3','2025-10-10 06:57:29',0x00,'2025-09-10 06:57:29'),('54952f60-a34f-43cf-9748-5b3ef7ddae96','ec592cdf-3410-4fdc-a79d-2ef048b15899','10932a13-a796-4133-9edf-0d91b3b16a0c','2025-10-16 03:31:25',0x01,'2025-09-16 03:31:25'),('555a5880-57fe-4d6b-9796-eda7e49c3f08','user-001','c5250758-cec3-43a5-9165-75287069467a','2025-10-10 02:44:16',0x01,'2025-09-10 02:44:16'),('556b1717-d080-4618-a985-05b8843e214f','user-003','28913c11-2dc0-4cde-88b5-979a9b46a7ac','2025-10-05 03:00:55',0x00,'2025-09-05 03:00:55'),('5582084d-a4fc-4c84-af1c-cb77cf370561','user-002','71419db2-331e-486b-ae29-91bb1426d9d2','2025-10-16 02:27:16',0x01,'2025-09-16 02:27:16'),('56142c83-f92b-40c6-b185-857134029372','ae74ec1e-2ed4-4948-84a9-df50baae62d6','1a05a6cc-7898-4a09-8ff9-936c63a238a0','2025-10-14 10:33:13',0x00,'2025-09-14 10:33:13'),('578405e1-545f-4fe4-9c27-fbaae04ebcc2','user-002','99462dc3-4948-4a08-a0d9-3edc126adcef','2025-09-26 05:21:28',0x01,'2025-08-27 05:21:28'),('594e8271-b70b-431d-97e4-e39aa653c322','316c28f6-2b46-46ab-9481-9ce170684fc1','86a7b796-b2d1-485b-a63c-e91cbe1c332a','2025-10-12 06:26:44',0x01,'2025-09-12 06:26:44'),('5bf517a9-cba9-410c-9c87-75b4d56ac95a','user-003','8986e249-447b-4cc3-8eb6-155aa0d65ad2','2025-09-21 09:40:58',0x00,'2025-08-22 09:40:58'),('5c297aa4-2feb-4994-8a15-1c8cadb1ccd0','user-003','e0784489-a8af-4f06-a6f3-d9259b7ed6b9','2025-10-22 01:39:31',0x00,'2025-09-22 01:39:31'),('5c92aa67-975d-474c-971f-1bdf664670ac','user-003','fa908b4f-ba07-4630-ae30-874100107bf5','2025-09-30 10:19:02',0x00,'2025-08-31 10:19:02'),('5e44e876-cf6f-43b9-a7d5-9da27176d1ff','b4d02e45-4c19-409d-b8a9-83b4662ce1bf','ca9c52a3-55ac-4eef-90f1-8b8856da8c13','2025-09-24 03:38:17',0x00,'2025-08-25 03:38:18'),('5e9356b2-df82-4f54-b867-de089f790b99','user-002','42794923-3c65-4ebb-ab19-f5e1fa7ee847','2025-10-08 04:06:42',0x00,'2025-09-08 04:06:42'),('5ed189af-d993-4525-909e-253be39f2273','user-002','91a42dad-cec9-4bda-a5fa-bf6b076e41af','2025-10-02 08:38:02',0x00,'2025-09-02 08:38:02'),('5fc5d34e-e745-4c9b-9f57-c31b9edecf42','b90728f2-8b58-41e5-bfb4-8d9baffc0ea2','ee0cd92c-28db-4b5c-87bb-cb6f422e2637','2025-10-16 02:30:57',0x01,'2025-09-16 02:30:57'),('606e617b-6ef9-4672-aeed-2f7a0d9b5f0a','user-002','08c20768-0e2b-4787-a57d-54a22b7046cf','2025-10-11 10:40:58',0x00,'2025-09-11 10:40:58'),('6083a9b5-7630-4491-b4e1-863544340db2','user-002','9a39944e-97cf-4abe-a2d5-78d695af348b','2025-10-14 06:03:05',0x00,'2025-09-14 06:03:05'),('610c13cb-d22b-4dd5-a51e-510a9ef57bec','ec592cdf-3410-4fdc-a79d-2ef048b15899','c173f66c-7d98-472a-adfc-84b70756014e','2025-10-21 06:16:52',0x01,'2025-09-21 06:16:52'),('614b2407-db41-4c69-a62a-3d423cb2ef11','ae74ec1e-2ed4-4948-84a9-df50baae62d6','7f902aca-10fe-448f-b034-c7f1fffca818','2025-10-11 12:32:32',0x01,'2025-09-11 12:32:32'),('61bc754f-6cb7-4ba4-9795-927616893e88','user-003','ed5d3273-1b32-4562-b4a0-865236c8c5b7','2025-10-04 08:26:19',0x00,'2025-09-04 08:26:19'),('6257f128-16e9-4e8b-984b-3824109d6e85','user-002','05386797-40ff-4cd4-8313-07a23e73d422','2025-10-16 03:20:33',0x01,'2025-09-16 03:20:33'),('63f99923-6b93-4dea-8bd4-c6ad9c78d48c','user-003','9873fef0-cb98-4e30-a758-b5442fc13d07','2025-10-05 04:41:38',0x00,'2025-09-05 04:41:38'),('642199f2-d08e-4abe-b3e3-b14975708a8b','user-002','8dca2756-c14e-43f1-8c27-8d12974fa3c9','2025-10-16 02:33:39',0x00,'2025-09-16 02:33:39'),('64948327-7936-4372-b1d1-61d88ed8a158','user-002','66260f67-ebc2-43ab-9a27-37e435676334','2025-09-27 08:37:34',0x00,'2025-08-28 08:37:35'),('64ac2122-964c-48f4-a8ed-a6a2883994b4','user-001','ca46e68d-9468-4398-9a13-5a02f947381f','2025-10-08 03:18:02',0x00,'2025-09-08 03:18:02'),('653f0e3e-252e-4d4d-80be-191c695aee59','user-003','c9f7207d-ec60-4e20-87a4-a0e426d272ae','2025-10-07 03:42:33',0x00,'2025-09-07 03:42:33'),('6700a218-d317-4917-b813-bdb67d318c5e','user-002','d308e6c5-6c4c-4f3e-a719-6ebf4970c531','2025-10-09 04:53:22',0x00,'2025-09-09 04:53:22'),('679f33ae-1231-476b-9811-65f9cded353d','a63c03b7-43dd-41d8-8f20-269d14d0f5b5','fe1daabc-eea6-471b-92bf-9dcb36e5dcef','2025-10-10 05:59:44',0x01,'2025-09-10 05:59:44'),('6872ec4a-29ac-45b1-bf80-346b916b527d','user-001','e35ce214-905f-492a-84fa-bebed3252c6e','2025-10-11 05:35:35',0x01,'2025-09-11 05:35:35'),('69980618-90df-4e96-a9f3-7a13427f14dc','user-003','519fcb29-bd07-4c51-a62a-94a87e768017','2025-10-11 02:41:14',0x01,'2025-09-11 02:41:14'),('6aae5b2c-e153-454a-8e46-bd187f3ebb7d','user-002','bc5a3a85-60de-427f-91c9-fddc14b08597','2025-09-21 07:23:08',0x00,'2025-08-22 07:23:08'),('6bb8cd96-f315-4c35-a43c-3c2d6a2b7e26','5b0aa024-020f-433d-be04-ef490ed7e440','5a019721-70e6-4c4a-9c1f-39def48ed55f','2025-09-25 03:04:03',0x01,'2025-08-26 03:04:03'),('6bbd3da5-7a6d-45b0-86f7-0d61a081e8ec','user-002','79deb0f3-6cd4-4b5e-9860-e4072de648e3','2025-09-25 03:31:59',0x01,'2025-08-26 03:31:59'),('6c60e1bc-109a-4435-bff2-756057678748','user-003','38fb276e-620c-4dae-8ce8-fce34137d111','2025-10-05 03:58:26',0x00,'2025-09-05 03:58:26'),('6c76b3b8-baa3-4554-9ce7-2c3a6b021c0e','user-001','11ad7f2e-f977-49d8-936e-3ab22fba9c07','2025-09-20 08:38:50',0x01,'2025-08-21 08:38:50'),('6cc4202e-e38e-447b-8a0b-c8bef4917697','user-001','133c21ca-8a5c-4c8a-abd4-23dd7b24eeb4','2025-10-11 05:19:34',0x00,'2025-09-11 05:19:34'),('6d135f77-acf6-4010-b844-ee753ff9392d','user-002','4dafb682-e782-495e-b2bd-9fee48aac495','2025-10-16 03:38:46',0x00,'2025-09-16 03:38:46'),('6d238c50-f5dc-4179-9b7a-b856148b1d42','user-001','258a3335-10b5-43d7-802e-9c6e35481261','2025-10-21 06:00:05',0x00,'2025-09-21 06:00:05'),('6dd57cd3-c2d4-4a42-affb-14adde5a69e6','user-002','97eca10b-e778-4156-bf32-923badf34db1','2025-10-22 01:46:04',0x01,'2025-09-22 01:46:04'),('6e6f91c6-5fd8-4d4f-88d2-538837695a18','user-002','9b807499-91d0-4b85-a1fd-9e86601db115','2025-10-10 04:04:11',0x00,'2025-09-10 04:04:11'),('6ef040e8-071e-4526-b56d-1e1aece2695e','user-002','e341a011-691f-4290-bdf3-7e6cebb6f6c1','2025-10-08 02:34:33',0x00,'2025-09-08 02:34:33'),('6ef08769-feda-4502-8639-d9184de96f42','user-002','b3f3fabc-1d64-481d-9eb4-4344bd61271c','2025-10-21 05:34:42',0x01,'2025-09-21 05:34:42'),('6fa2dd0c-1c4f-4166-a3d1-fd39314c3224','user-003','8e0ea7f0-fab4-49b4-bc4c-2119e1f8e862','2025-10-16 04:03:17',0x01,'2025-09-16 04:03:17'),('6fc4b9c1-742e-44dd-8f22-87f26dc6d253','user-003','a0c7a591-891e-4fb3-aabd-28250f75b633','2025-09-29 02:37:04',0x00,'2025-08-30 02:37:04'),('7071e0f5-2355-49ac-b884-8a38ca8f7c9f','user-001','40f26980-2984-42f7-a4bd-45e8199a6c84','2025-10-05 07:01:20',0x00,'2025-09-05 07:01:20'),('71fd8a82-8fd0-4201-9b00-14aceb8a915a','user-001','c0ff4334-6e3f-4ee3-b9c0-b3633e986dbc','2025-09-26 06:09:28',0x01,'2025-08-27 06:09:28'),('72b1619b-7221-48cf-95c5-9253f9d55ba0','user-003','571535c7-c92f-4687-8fde-bdbf34070400','2025-10-12 03:09:50',0x00,'2025-09-12 03:09:50'),('72b30f6b-65d9-4d12-b5b0-a6003a70186d','user-001','e4ed8ca1-10fc-4bc6-8dd6-59c4f8dffacb','2025-10-09 10:57:34',0x00,'2025-09-09 10:57:34'),('73d40db7-bc6e-4b93-9138-ce8acad34ace','user-003','493c255b-4d8b-4cc2-b502-7b22bac6d0ee','2025-10-04 02:50:15',0x00,'2025-09-04 02:50:15'),('741a1c6c-088b-4e1f-a395-e84b1e536bfa','316c28f6-2b46-46ab-9481-9ce170684fc1','bbbe0120-05d5-4fbc-bfbf-63d20e2b1e66','2025-10-11 06:26:24',0x01,'2025-09-11 06:26:24'),('7577e22b-16cc-4e5e-a14a-ad357f670a00','user-001','6ecbabf9-22f5-47e3-9a9d-443b89bed685','2025-10-09 14:11:40',0x01,'2025-09-09 14:11:40'),('75c2e077-2435-4e25-b210-5720e17d83b3','4b36f90c-ae3d-4458-8b04-045e77b8d9c1','1f13b397-579c-420b-98be-31a266c114f0','2025-10-22 01:36:08',0x00,'2025-09-22 01:36:08'),('76573fdb-4d2e-4028-8a61-e994240dd5c9','316c28f6-2b46-46ab-9481-9ce170684fc1','52ac0164-5ab1-41bf-907c-0338b112c89f','2025-10-10 03:34:29',0x01,'2025-09-10 03:34:29'),('7684ddb6-72b6-4e90-8102-f2bcd4fe8364','user-002','a9cc5533-0602-4495-a7bc-a47c45a0acb6','2025-10-12 06:40:39',0x00,'2025-09-12 06:40:39'),('76a55a2a-0cbc-48a9-9396-81d675f75a29','user-001','dcf12e0c-d32d-4569-9026-049f79d81629','2025-09-23 08:28:39',0x00,'2025-08-24 08:28:39'),('7734ca12-eca3-4fb1-b7c4-876319935aa7','user-001','2ae2e3f6-6a90-4824-b9a1-b40e0471edd5','2025-10-10 03:02:28',0x01,'2025-09-10 03:02:28'),('775cab54-c42e-4091-b474-18ca497a4016','user-002','f6123432-adc9-49cc-be2e-9407e05046c8','2025-10-07 05:53:46',0x01,'2025-09-07 05:53:46'),('77d7cb33-a8c1-4de5-b8c7-093117ce25c5','user-001','801f9b02-06ef-4edd-ab31-dc0b40150b7d','2025-10-05 04:41:28',0x00,'2025-09-05 04:41:28'),('78d25b51-0caa-4b46-b837-b255177ba554','user-003','5627fcce-e0d8-4200-8f58-c7478f636d28','2025-10-22 01:48:14',0x01,'2025-09-22 01:48:14'),('7a698838-b705-45e4-a443-4ae8e3559f9f','1953adde-7b54-4865-b45f-611ed31773a9','1c61fc98-1c58-4d7e-98a4-9eefaecd7804','2025-10-09 14:15:04',0x00,'2025-09-09 14:15:04'),('7a7dcf41-280a-4c36-a337-6ac8de9b758b','user-002','8eb7e53a-7660-4475-8748-9e0b8ba68452','2025-09-26 07:08:01',0x00,'2025-08-27 07:08:01'),('7acc4f94-0767-4af6-9526-e32e25bb6286','user-002','57da9213-064b-4b09-aace-ebd7e1143d63','2025-10-08 02:51:06',0x01,'2025-09-08 02:51:06'),('7ba53d3f-fd48-4e9d-a5df-e378c957edc3','user-002','ef6a43e6-e59f-4f10-9606-8f8d91700f1a','2025-10-21 05:30:13',0x01,'2025-09-21 05:30:13'),('7c645c81-a502-445f-9e3c-41f3ed8b92da','user-002','af844921-03fb-4470-9454-3f8f06fe5d10','2025-09-25 01:59:31',0x01,'2025-08-26 01:59:31'),('7c726a8c-dd91-4af0-89c6-4b8715068e58','user-002','0b33e935-3911-482b-993b-de042e3002a4','2025-09-25 02:59:14',0x01,'2025-08-26 02:59:14'),('7cc4ea8b-63c0-4fb4-8273-b651fd5c4668','user-002','f3080424-16de-456a-a649-10a68d1734df','2025-10-16 04:30:48',0x00,'2025-09-16 04:30:48'),('7d6a68ed-f637-44b3-b1c1-cae1f5f62dfb','user-003','ba5a2b25-d7c8-4040-b236-5001fbd7e631','2025-10-15 02:17:22',0x00,'2025-09-15 02:17:22'),('7dbd9d69-cafd-4d9c-9250-6f0793296842','user-003','f4d512d2-0bdb-42b8-8bda-997d5f300e14','2025-09-26 06:52:09',0x01,'2025-08-27 06:52:09'),('7e4fc3d3-08fd-4e6b-8669-c7386873670f','user-002','11c481e6-2c0d-4c63-a609-e2469c88482f','2025-09-24 13:16:13',0x00,'2025-08-25 13:16:13'),('7e8cce89-e512-47ab-8e66-449bc726d61c','user-003','c6419169-f76c-46e8-9e4d-b5bbaff2fae8','2025-09-24 12:52:28',0x00,'2025-08-25 12:52:28'),('7e9e11d4-d778-4528-b21a-e99a104ecd9b','user-003','239ce672-acac-48c1-b613-3ae6641b44e3','2025-10-12 06:40:52',0x00,'2025-09-12 06:40:52'),('7f548445-297c-4621-b941-e86e13fead78','user-002','78ec031b-4c4a-4e6b-873c-8ddbbd08aa3e','2025-10-16 03:34:03',0x01,'2025-09-16 03:34:03'),('7f99af5a-ec7c-418e-9c77-632aa7a63cdd','user-003','81b7b914-812c-426e-8d2d-0621ae65370d','2025-10-09 13:11:07',0x00,'2025-09-09 13:11:07'),('804b495b-079d-454e-a443-5abc1a50c368','user-003','dbc378c6-a8b2-47bc-a01b-34392f15e49f','2025-09-27 12:39:49',0x00,'2025-08-28 12:39:49'),('81161983-506b-454a-a8a7-ebc592bcfb7f','user-002','a23e51a3-a419-4d24-bc38-a1c725b5b6d9','2025-10-21 05:42:43',0x01,'2025-09-21 05:42:43'),('817753f7-f8d8-49c0-96dc-068f428e0dc5','user-001','ee47d300-0027-45da-b82e-a342e6e33b1e','2025-09-26 04:07:28',0x00,'2025-08-27 04:07:28'),('82915442-0e6a-4568-9a1c-2874eabc53cd','user-002','e36b8d3a-1405-43cc-a16a-590e7c48cc3c','2025-09-21 11:12:08',0x00,'2025-08-22 11:12:08'),('82a574ed-ca13-45c2-92b8-bf606ceb4b06','user-003','03bab8a1-baa2-4de3-8c12-9e2306874e6b','2025-10-08 12:39:12',0x00,'2025-09-08 12:39:12'),('83f7ad52-e899-45ef-a59d-7753265a8335','user-002','0b6d370f-55ac-4069-b819-36f43f3cf448','2025-10-16 03:17:21',0x00,'2025-09-16 03:17:21'),('84a93ba1-dd30-415f-8086-668f7d951b2c','user-002','255b4044-733e-4e58-b030-0bf4abac5df0','2025-10-08 02:16:39',0x00,'2025-09-08 02:16:39'),('84bca7ff-b156-443f-873d-9ba8c284ee86','user-003','2df81a8c-b979-45b7-9f3d-d0cfc6463568','2025-09-30 09:03:47',0x00,'2025-08-31 09:03:47'),('86554082-92be-4c45-b374-9a27b6e01978','user-002','1d25290e-9c26-42d6-bafb-0f32af083b0f','2025-10-21 14:48:23',0x00,'2025-09-21 14:48:23'),('86aa5e3f-5d0d-4d4f-902e-783f2e6f2ffa','user-003','32b159c4-08eb-41be-889f-b1cb495e5d41','2025-09-26 05:34:45',0x00,'2025-08-27 05:34:45'),('86ec4a6c-2414-4a74-b7e6-6b238f18637e','user-003','a675df40-126d-4378-bed7-7d07c0aa7edc','2025-10-22 07:08:02',0x00,'2025-09-22 07:08:02'),('88ce5bd7-d5a2-4f21-91af-0e9c01428fae','b90728f2-8b58-41e5-bfb4-8d9baffc0ea2','edabc3c4-b48f-42fc-8597-2be1658d2688','2025-10-16 02:29:10',0x01,'2025-09-16 02:29:10'),('89136b84-437c-4ee9-9802-838be6948005','user-002','b41f2e7e-716a-4618-b9d2-af2d8253ce2b','2025-10-11 06:55:08',0x00,'2025-09-11 06:55:08'),('891747d2-8b2b-4fb4-87cf-6fedbf783941','a63c03b7-43dd-41d8-8f20-269d14d0f5b5','5f9bb3c8-3772-409f-a5fd-e6e4cbe8445a','2025-10-11 05:50:09',0x01,'2025-09-11 05:50:09'),('8b2a820d-3a8a-4541-8d16-1a7ad815193c','user-001','3468359b-9cb3-4c07-99c2-fc5cf48e10f4','2025-10-09 12:02:04',0x00,'2025-09-09 12:02:04'),('8b7afb1e-13cb-441b-9330-fc0bdafaad47','user-002','773fa54c-590f-4728-bc7d-89e2fa495cd0','2025-10-05 07:05:21',0x00,'2025-09-05 07:05:21'),('8c70045e-f43f-4ec2-8c8b-a7f903dc1d43','user-003','58df5513-4241-402e-9e77-5054c2586e1f','2025-09-26 12:10:33',0x00,'2025-08-27 12:10:33'),('8c8f06f5-ea39-4617-a609-0fb9da44ad61','user-002','efca3b69-dc70-422f-828a-d318579f156b','2025-09-27 08:55:40',0x00,'2025-08-28 08:55:40'),('8dfa5fe8-e27b-4b2c-b2ee-5890fdde82ee','user-002','f41c4fbc-41e4-441c-bb9d-9771779e8c62','2025-09-21 09:55:42',0x00,'2025-08-22 09:55:42'),('8f3260cc-b299-4b6c-8c9d-28ba18280331','ec592cdf-3410-4fdc-a79d-2ef048b15899','802c77b7-5ada-434a-97ac-f5dd0c089526','2025-10-21 06:22:06',0x01,'2025-09-21 06:22:06'),('8f4a520c-466c-450f-941a-c4b3fe715fb7','user-003','a61e71dd-9668-4e18-b55e-fd1c64d6f9ee','2025-10-10 03:40:53',0x00,'2025-09-10 03:40:54'),('8fe2b168-8aa4-4251-a92c-c98bcc4fb271','user-002','4956e0ea-da9a-4e7e-bd3e-9af0b439314c','2025-09-24 14:54:24',0x00,'2025-08-25 14:54:24'),('90d39608-a1be-49f4-849e-ce2d98ee8cb9','user-002','1d90d294-4b9a-47d2-8dd8-d1e51930c388','2025-10-07 03:04:35',0x00,'2025-09-07 03:04:35'),('90eca6f6-5f9e-4cf2-8b61-8af673b80128','316c28f6-2b46-46ab-9481-9ce170684fc1','5ec5cda8-5c99-4944-bb8e-e29eeb1cd63e','2025-10-09 14:07:58',0x01,'2025-09-09 14:07:58'),('9196a56e-ace4-497a-b32c-bfbaa35cb1d7','user-001','6e5d8857-47a1-486c-be3f-5e994ad9c923','2025-10-09 14:07:17',0x01,'2025-09-09 14:07:17'),('92007002-0481-48dd-bd8a-c7867101f2e2','user-001','80dcb387-1e0b-465b-b79f-a12f67f0cc6a','2025-09-29 09:29:17',0x00,'2025-08-30 09:29:17'),('938d76d6-c99a-4792-a1a3-34c9e872d73b','user-003','a31318b4-8a4a-479c-9519-33aedf6f60fb','2025-10-11 07:14:59',0x00,'2025-09-11 07:14:59'),('939a70ac-4cc9-432c-ae65-601ddebb0b3c','user-001','679a4263-2ac5-46f4-940f-377d7fbe1745','2025-10-11 12:11:42',0x00,'2025-09-11 12:11:42'),('93b5dc41-f49f-455f-aa68-ef5399f50265','user-003','f98b3fa5-ffd1-4cb6-9407-647e2da5557c','2025-10-10 01:44:45',0x00,'2025-09-10 01:44:45'),('93d3a222-e5d7-4ab4-8c1e-1b6b9e6faf3b','user-002','b9153ab8-648d-480b-b1a9-d64fd3cbcac3','2025-10-22 02:42:44',0x01,'2025-09-22 02:42:44'),('9507b051-aee1-46a7-9391-c527d9dbc8cf','user-001','85fe1bcf-c2ce-497f-bb23-b03817c736a9','2025-10-10 03:02:45',0x01,'2025-09-10 03:02:45'),('956fb7f6-979b-4839-81e5-e750520f9dd4','user-003','5e48936d-22ef-4424-ba58-0dfc94c5d708','2025-09-28 02:09:28',0x00,'2025-08-29 02:09:28'),('9592e442-feab-4ec3-a5d2-0b93a1ea430f','user-002','fb8e6011-471c-486f-b7dd-9415efc896ad','2025-10-21 06:13:44',0x01,'2025-09-21 06:13:44'),('95c7fbe5-8f3d-44d3-abc7-84875913d697','41af40ad-9423-42b6-a4ae-38a45b8ddf93','7c3a9af9-8582-4076-9766-e865220ba102','2025-09-25 02:30:11',0x01,'2025-08-26 02:30:11'),('96814656-faa2-4bda-a428-a94bf45fa7bc','user-003','e20ddc96-a595-4de0-a399-d7a8c3d5164b','2025-10-21 07:11:32',0x00,'2025-09-21 07:11:32'),('968f4cc9-0f18-493c-aed4-16e4447dd4d1','user-002','5b5f48a8-44fb-4cd3-84d9-af35cee41723','2025-09-26 05:49:42',0x01,'2025-08-27 05:49:42'),('970fd577-fed0-4748-821c-e6a64b24c30e','user-003','ff27250b-b2e4-4b0b-8358-afb018165814','2025-09-27 14:18:18',0x00,'2025-08-28 14:18:18'),('972d9d7a-e584-4a5b-ba33-bda1e713e8eb','user-003','63812ad4-d9cd-456c-88f8-faf76880720c','2025-09-27 08:37:58',0x00,'2025-08-28 08:37:58'),('996fa000-e5f7-4fb7-8486-abb878088ae2','user-002','3a5beb5d-1b7a-43c9-bac6-2b4caa34fe88','2025-10-07 04:11:09',0x00,'2025-09-07 04:11:09'),('9a010532-878f-4959-bcd6-e34c4dade6cb','user-003','96fb359f-083c-4ed0-b5f8-29565bc8c7e9','2025-09-26 11:54:58',0x00,'2025-08-27 11:54:58'),('9a6d79a0-ec27-4ec5-a3e4-49fac62bc575','user-001','fd98f645-ed4b-459d-8015-49805f019d18','2025-10-16 04:33:38',0x00,'2025-09-16 04:33:38'),('9ab9da9a-cf48-422b-a5ae-7489cd9d8f2b','user-001','48d6bdd8-4a24-4ff5-b05b-425183dbaeb0','2025-10-11 05:23:01',0x00,'2025-09-11 05:23:02'),('9d952196-87ac-4a04-936b-1af85a4a945f','user-003','4554fb51-2e10-4700-90b1-d81873b128cf','2025-09-22 03:08:58',0x00,'2025-08-23 03:08:58'),('9df8601e-9e55-4dda-a25f-34baf567641b','user-001','ed125322-5aed-4190-9b3d-a5ef0a50b619','2025-10-10 05:46:42',0x00,'2025-09-10 05:46:42'),('9f53bc79-ee9c-4e8c-99ac-e0b2bafffcac','user-002','b372c45e-94a7-4a48-b8b5-f8d2b2a62614','2025-10-11 07:10:43',0x00,'2025-09-11 07:10:43'),('a0871b46-58cd-42f5-a0a2-8329d0c8d997','user-003','7ad529c1-7f61-4e3e-90df-2ca5e177bf1a','2025-09-25 02:29:08',0x00,'2025-08-26 02:29:08'),('a09b9d3d-dcf6-4352-b04f-3ad0fa926e2c','user-002','e82f6573-de97-4829-8d67-30aabd35003f','2025-09-23 13:11:33',0x01,'2025-08-24 13:11:33'),('a2091fbe-a457-4435-90be-fe43fcbf5bb9','user-002','d3c63dfa-1968-47e5-854e-d5b2902b00ac','2025-10-12 02:39:55',0x01,'2025-09-12 02:39:55'),('a2d106b9-322e-49ad-ad61-f5960b3e8f6c','user-002','16622805-e29e-4c8f-b737-8f3fbb4b9732','2025-10-23 21:02:36',0x00,'2025-09-23 21:02:36'),('a3f806ae-4a6c-4b65-adb0-a0cd5a1550a6','user-001','b42525a0-4103-4e4a-8827-12076a8a7b73','2025-10-16 03:51:44',0x00,'2025-09-16 03:51:45'),('a3f82472-9ec5-40a3-a00a-d8a129f2e30a','user-001','e5d8bca3-64c6-457e-bde1-9736af2933b9','2025-10-07 02:59:37',0x00,'2025-09-07 02:59:37'),('a4164715-91f1-4185-93e1-4544a32361e0','ec592cdf-3410-4fdc-a79d-2ef048b15899','5a3a5a87-3871-4d4a-88a5-fa156000c51a','2025-10-22 02:46:58',0x01,'2025-09-22 02:46:58'),('a4a103e6-efa2-4b38-a575-bd979d5a0743','user-003','53d37deb-9f7e-43e0-a2c0-2ad8aee0fc74','2025-09-21 09:08:08',0x00,'2025-08-22 09:08:08'),('a4af1887-96ed-49b4-84d6-68a3a7a34298','user-003','12273419-3014-4927-ad5e-3c546999d5bc','2025-10-06 06:45:37',0x00,'2025-09-06 06:45:37'),('a6360a0f-2e47-4818-b684-91d4d893aa86','user-001','182dbb59-8f0c-4870-8c78-d5a4de07da51','2025-10-16 01:54:23',0x00,'2025-09-16 01:54:23'),('a73370d2-8ffc-49e2-be3f-36ffb96fd9f2','user-001','a2f6273d-cb0a-44c6-ab60-ef9d1c1adf27','2025-09-21 06:25:02',0x00,'2025-08-22 06:25:02'),('a7d819d0-1b34-407a-8b55-5e06af66d7aa','user-002','da6ce84a-07df-4a80-a7c1-61e474c79b6e','2025-10-05 03:22:15',0x00,'2025-09-05 03:22:15'),('a811d3af-600c-4f78-8ba4-99b1fac37a9b','41af40ad-9423-42b6-a4ae-38a45b8ddf93','45ff7989-b0d4-47d3-9150-e5dd15622280','2025-10-21 06:17:28',0x01,'2025-09-21 06:17:28'),('a845a3a4-57a8-46ac-98c4-084440a394ad','user-002','aa46d340-6d1a-4b47-abfc-52d796a3c28a','2025-10-16 03:42:16',0x00,'2025-09-16 03:42:16'),('a91228fa-1b38-4579-856d-e9acfd6f0fbd','user-003','a32c616e-be8a-420e-bd66-4f8ed14a2dd1','2025-09-27 06:22:18',0x00,'2025-08-28 06:22:18'),('a988f6bc-c5be-49f7-ae8e-bbc21645edf8','316c28f6-2b46-46ab-9481-9ce170684fc1','aeb2c5d5-4031-488e-8f0d-215cb05fe507','2025-10-12 06:39:22',0x01,'2025-09-12 06:39:22'),('a9a4572f-0530-4110-a3ba-38fbd91ce4e6','user-001','d5d611b5-bac1-40fa-a089-f567c6ef1b6d','2025-10-09 14:13:15',0x00,'2025-09-09 14:13:15'),('aa4e7f92-a1bb-46de-9d1c-2aab70b0ba3b','user-003','43d753ff-b286-4f61-a62f-32674b999cdc','2025-09-25 03:14:22',0x01,'2025-08-26 03:14:22'),('ab40c9d9-2f27-40c8-b3ca-6419da1be52a','user-001','80325d81-79d2-4b0f-ac01-57d56f37817d','2025-10-10 04:35:08',0x01,'2025-09-10 04:35:08'),('abc6d501-99ab-4b18-bb59-cf2fa128424b','user-003','028fec70-edf7-4e18-8ed6-6da4f7a24e7f','2025-10-04 02:23:12',0x00,'2025-09-04 02:23:12'),('ad3bfdd8-33cb-47ce-b109-be5cf228a1e7','user-002','77762466-a941-42a3-91ef-5c4e87f806e5','2025-10-11 10:53:12',0x00,'2025-09-11 10:53:12'),('ae3e731d-1456-4932-9a79-6747e6dd4a5d','user-001','104268ea-7a11-48ec-b9ac-b8c310457ca8','2025-10-07 04:12:31',0x00,'2025-09-07 04:12:31'),('ae7bbbe9-3c47-40b4-a226-b7c9ba212d49','user-003','27f9ded2-7204-4bdd-aca0-8397f370e46d','2025-10-09 13:23:45',0x00,'2025-09-09 13:23:45'),('afc47740-a8ec-4578-bf3c-af0afc146ab1','b90728f2-8b58-41e5-bfb4-8d9baffc0ea2','2f387746-1c8a-4b7a-b3c3-a8c1111f9fb5','2025-10-16 03:27:58',0x01,'2025-09-16 03:27:58'),('b1faa9d4-5d4d-4e10-978a-5067c86cc5f2','user-003','33211bd2-c1ab-486c-b293-03f2665178c3','2025-09-22 12:59:29',0x00,'2025-08-23 12:59:30'),('b64450df-3cb5-43bf-8a4b-c855ca44a712','user-003','090abc29-c167-4156-9727-fefa419d88d8','2025-10-23 01:53:10',0x00,'2025-09-23 01:53:10'),('b66456a7-fd67-4a89-9437-44ad8629313c','user-003','73764241-807f-4d91-bf89-12b44881a1c0','2025-10-10 03:11:03',0x00,'2025-09-10 03:11:04'),('b7111a12-d2e0-4454-9b35-0293ad044a6a','user-003','8f0360a2-ea87-4c95-96d6-e3a962d7a532','2025-10-06 08:58:39',0x00,'2025-09-06 08:58:39'),('b7cd8d8a-d0e4-4478-ba08-c88f8ec5ce06','user-003','61c0ed47-e1de-490b-9b85-79a445af7e1e','2025-09-24 13:07:33',0x00,'2025-08-25 13:07:33'),('b8e770e8-72a2-404f-8bc3-1a3d4bc3889b','user-003','2f9f7a33-dcd0-4c1d-ac4a-cbb78344b54c','2025-09-26 03:29:29',0x00,'2025-08-27 03:29:29'),('ba31cf8d-5b6b-4120-af71-27553df70aa7','user-003','27ecf59e-b97b-45db-9f93-565bf758f4d0','2025-09-22 15:14:48',0x01,'2025-08-23 15:14:48'),('baa7b581-6373-4297-9e5f-9598838b8441','user-002','f6c360de-e0b6-497b-8c41-b7c4f0ec75f9','2025-10-09 05:32:59',0x00,'2025-09-09 05:32:59'),('bb5af5b9-a38c-4cb5-a2cb-3f51dd36a23d','user-003','2fe3b5d9-f403-492b-b4f6-ec7cdef2474c','2025-10-07 07:23:28',0x00,'2025-09-07 07:23:28'),('bbe5381a-43f2-4631-b52d-86a93fc7ad88','user-003','a99cceab-964c-41c1-931c-76fd31dff81d','2025-10-04 02:52:08',0x00,'2025-09-04 02:52:08'),('bbf3dc0c-cda3-462d-a05c-ba9b16bda736','user-003','92a4bb6f-1f41-415b-8f15-44868554767b','2025-10-04 13:03:42',0x00,'2025-09-04 13:03:42'),('bdb63cdd-d138-4b86-8ed6-0516489d6c00','user-002','274db381-12ed-4d3a-9de5-0c797dc418cc','2025-10-21 05:33:44',0x01,'2025-09-21 05:33:44'),('bde3f7bc-28ec-4686-b8f9-54bfc26927e6','user-003','d5ed6608-a6aa-44c7-ad85-def8114156d4','2025-10-11 06:46:53',0x00,'2025-09-11 06:46:53'),('be3a7c55-0b76-4085-ab62-501e4531a125','user-002','683baf3a-f290-4f6c-b114-8bd69591f34a','2025-10-08 02:39:18',0x01,'2025-09-08 02:39:18'),('bee36669-2a65-4af8-ab6f-87dd3e999c36','user-001','833fa7c1-2f04-4cd1-b248-1ae49f44ee0b','2025-10-11 06:16:27',0x01,'2025-09-11 06:16:27'),('bf1da6c1-4ba2-42fb-b3b1-7c3417621dea','user-002','3680c07b-1230-4172-9d07-3fdf1d39f41d','2025-09-24 13:25:36',0x00,'2025-08-25 13:25:36'),('bf5a6ca7-ffb9-4ca3-a6a0-ec08c4e848fc','user-003','584fa598-647c-4e1d-8f6f-0a0aafc75a4a','2025-10-04 05:57:40',0x00,'2025-09-04 05:57:40'),('bf888215-38e4-4b59-abe2-b443df267f76','user-002','bfbb6bda-454b-4c23-9af3-db93d4a1a89e','2025-10-02 05:25:09',0x00,'2025-09-02 05:25:09'),('bf972993-d268-4fa3-bdd7-fe07b7e3e689','user-003','0a6fc5ed-36e9-4801-8b2a-2cd554da5ea4','2025-10-09 13:17:09',0x01,'2025-09-09 13:17:09'),('c03c9d38-92ef-4811-b58e-19ad2475eb11','user-003','71c8e2ee-5e74-4767-91e7-237bfffb1b6e','2025-09-27 08:31:43',0x00,'2025-08-28 08:31:43'),('c0f4cb16-58bd-4459-9e47-c76bb48d9824','user-003','8759155b-0e36-4941-b62a-f76bf8975ef6','2025-10-05 09:29:48',0x00,'2025-09-05 09:29:48'),('c16848f5-94c6-4776-ad0a-f41c36921d1a','user-001','61b47435-6901-4a6c-8d97-3d684c8b3fe8','2025-09-25 07:28:45',0x00,'2025-08-26 07:28:45'),('c1b6957d-3851-4ffb-8d3b-60c66fc96f09','316c28f6-2b46-46ab-9481-9ce170684fc1','b5e37ce1-de09-4777-9faf-3b27d13252bb','2025-10-11 06:23:36',0x01,'2025-09-11 06:23:36'),('c2049901-b40b-41ac-b7d7-6c258fbda8f6','user-003','2cf57f8e-7c0f-4a88-86ed-15f3b673a699','2025-10-05 01:40:34',0x00,'2025-09-05 01:40:34'),('c3027958-aaf6-4f4d-95a8-6ae1f9d0ebe3','user-003','8f172712-e1d1-43e5-b817-c9538c958a88','2025-10-04 14:21:24',0x00,'2025-09-04 14:21:24'),('c3ef002b-8b96-41f5-9cae-c6f1a9687eb4','user-002','a750d38c-603f-4b4b-8975-97a6657831ea','2025-10-08 02:28:59',0x01,'2025-09-08 02:28:59'),('c515b954-c7f7-43d7-8853-ae0cea02c537','ec592cdf-3410-4fdc-a79d-2ef048b15899','bbc9bfd3-a401-48df-85f6-56fc6acbca8f','2025-10-21 06:24:26',0x01,'2025-09-21 06:24:26'),('c6df41c3-738d-4f30-a142-e68cf36dd20d','user-001','2a3e11b5-8d80-4126-9962-e7e96dddfc61','2025-10-10 04:34:35',0x00,'2025-09-10 04:34:35'),('c71485f2-167a-42ef-842d-9805b8936919','ae74ec1e-2ed4-4948-84a9-df50baae62d6','c7f7d5cc-0d5b-467e-90f6-dfb0d62e8365','2025-10-11 03:53:03',0x00,'2025-09-11 03:53:03'),('c758da9d-fe85-4626-bac6-de6771380bc8','23e9766b-76bb-43c7-9392-15c689bf5956','66c75f1c-a3f7-488f-823c-10f80d9ddf56','2025-10-10 07:05:24',0x01,'2025-09-10 07:05:24'),('c85aa128-792d-46e3-b681-7207e8ad0de0','user-001','6a06a837-d3f3-4dda-b3f2-6bf88243c148','2025-10-16 04:33:43',0x00,'2025-09-16 04:33:43'),('c98bf12f-d2a3-47e6-b6cc-8190a959d4b6','user-002','6049c3b9-945d-4aee-8926-88a5ffccd066','2025-10-09 14:16:18',0x00,'2025-09-09 14:16:18'),('ca321dee-62fc-462b-b2c5-7e1f9f715a4a','user-001','6c983898-d0da-46ba-92cd-7c624d43436d','2025-09-21 10:45:47',0x00,'2025-08-22 10:45:47'),('ca8737fd-fc12-442c-b833-0d75134732a7','user-003','b27568f3-1ec9-4b90-8913-2ff8c503cd5b','2025-10-20 00:35:23',0x01,'2025-09-20 00:35:23'),('cb235f04-f7ce-4001-8c7b-7ef1c5de8d12','41af40ad-9423-42b6-a4ae-38a45b8ddf93','69e6bb50-dcd9-4469-8d16-cf1e33680b36','2025-10-21 05:36:07',0x01,'2025-09-21 05:36:07'),('cba2882e-40e5-4b2d-8111-7eae99315e45','user-001','72224113-3692-43b6-a7d6-d6b81c3488ee','2025-09-27 02:11:00',0x00,'2025-08-28 02:11:00'),('cc92b420-5a26-4043-a696-38a47b86a70d','user-003','9a961c00-50e1-497d-bc2d-a8166088682f','2025-10-11 06:21:02',0x01,'2025-09-11 06:21:02'),('cdb17b23-6e43-4638-a77c-42bf0328d3bc','41af40ad-9423-42b6-a4ae-38a45b8ddf93','cb79df2c-0234-4194-bf53-3f3335197bb5','2025-09-25 03:06:49',0x01,'2025-08-26 03:06:49'),('cdbcf234-d76d-4714-af5b-d64fb810d9f2','user-002','77b18b59-4511-445f-9276-263e14bc4549','2025-10-09 04:52:43',0x00,'2025-09-09 04:52:43'),('cde6e518-66ce-42f3-815a-2cf5bdeb57a3','ae74ec1e-2ed4-4948-84a9-df50baae62d6','ebdae203-7ecc-4e28-b472-e0ad113e9666','2025-10-09 13:10:25',0x01,'2025-09-09 13:10:25'),('ce33df51-61e0-4bc3-93b2-1baceb5c3acf','user-001','7747dd23-b2dc-4bf9-abe8-09fe9e3c2575','2025-10-14 10:33:48',0x00,'2025-09-14 10:33:48'),('d118bcbf-6c6d-4c3c-9dd9-7620f461f958','user-003','584f51b1-b824-422e-a36f-5b8704c1ed97','2025-09-26 13:40:51',0x00,'2025-08-27 13:40:51'),('d20f71e3-78ee-448e-b817-9eb7d7b5f218','user-002','7a824028-47ee-4e2e-8a9e-de8972a5ef20','2025-10-02 07:47:58',0x00,'2025-09-02 07:47:58'),('d245ff87-eb22-44c2-8b42-1a55e039a50d','user-003','c2aff13a-37e5-4277-ae29-44ed82e01e13','2025-10-05 07:20:54',0x00,'2025-09-05 07:20:54'),('d3aea52d-90be-4460-a1c7-6993e62504f7','831b9f6c-06cb-425e-aca8-5b834fb3dff6','98bdf9d5-b2a7-488c-9d59-57569eef1ee4','2025-10-22 02:50:39',0x00,'2025-09-22 02:50:39'),('d4a3f4a4-3420-4309-8155-98d92436ff25','316c28f6-2b46-46ab-9481-9ce170684fc1','add5d4bb-669d-4852-9ec0-e83654236877','2025-10-12 06:39:38',0x01,'2025-09-12 06:39:38'),('d5a0cba0-1060-4ad2-983e-934b0eff2a34','user-003','80df5eb6-86a3-4575-b3c2-51e63a614d97','2025-10-22 14:04:40',0x00,'2025-09-22 14:04:40'),('d5d168c8-9e49-451e-b7c6-3670c36d7cd2','user-002','1d4bf15b-8562-4085-88bc-9265be83ccee','2025-10-05 02:21:45',0x00,'2025-09-05 02:21:45'),('d6319437-cc6f-45b2-82b2-7c7506cf9710','user-003','17cc6f08-e740-4d85-b7bd-662fc168dfb1','2025-10-09 04:52:37',0x00,'2025-09-09 04:52:37'),('d72d5f8f-b007-4712-a991-dae0618c8a06','user-003','27e1571d-fe82-43d5-8093-f04c552219a9','2025-09-29 00:52:36',0x00,'2025-08-30 00:52:36'),('d83e4c64-26da-4bfe-8001-ac25a3679322','user-002','a5e6970d-c9fc-4314-a65a-72752bc41394','2025-10-09 02:19:45',0x01,'2025-09-09 02:19:45'),('d84cbb8d-dfdc-4004-93cd-3f7dbb159471','user-003','47b26cc8-397d-4bb5-b5f7-2410a14dfe49','2025-09-25 08:52:42',0x00,'2025-08-26 08:52:42'),('d88bbd71-80f3-4038-9c45-e1e0127f7760','316c28f6-2b46-46ab-9481-9ce170684fc1','872e5806-a764-43a9-8c9b-f1dc5b22a33d','2025-10-12 06:21:53',0x01,'2025-09-12 06:21:53'),('dbc52409-fce4-4fdc-b425-2ba139d0aeae','user-003','57b9c47f-d674-4322-a1f3-db79b7f1aee8','2025-10-04 02:25:10',0x00,'2025-09-04 02:25:10'),('dc32c20a-0116-4dc5-8904-8bdb17fd5b9b','316c28f6-2b46-46ab-9481-9ce170684fc1','2a07907e-8742-44fc-a589-a533a113e773','2025-10-09 14:10:05',0x01,'2025-09-09 14:10:05'),('dc480a43-c84d-4ce6-b32a-5b3f97709008','user-002','894fc20b-4dd5-4412-b3dc-70e36cbbb0fc','2025-10-12 06:21:33',0x01,'2025-09-12 06:21:33'),('de9b9a38-01cd-4bdb-87af-55a9158b8e3b','user-002','6bfbe777-62fe-4b92-a436-d6c761e055db','2025-10-15 06:31:43',0x00,'2025-09-15 06:31:44'),('e25b66d5-bb5f-4b2e-ad96-527e045edbf5','user-001','39fbaadd-e806-428a-bce4-4f8f9e92793d','2025-09-20 09:26:24',0x00,'2025-08-21 09:26:24'),('e26a0b1a-1371-4cf1-be4d-a9e40bddd38c','ec592cdf-3410-4fdc-a79d-2ef048b15899','3bab707f-9460-4272-97c0-7b971f045821','2025-10-23 21:40:42',0x01,'2025-09-23 21:40:42'),('e32c7724-90f7-4b1c-9be6-c013a27848e9','user-001','f219a1c5-f840-47db-8fe8-3b439c233e15','2025-09-26 06:57:46',0x00,'2025-08-27 06:57:46'),('e39c681f-0606-444a-b7ea-38070c885a2b','user-003','124fca9a-bb8d-4825-acd8-8f2fecff114e','2025-09-22 03:02:16',0x01,'2025-08-23 03:02:16'),('e4179bb5-7c93-4174-9b8c-44160a4583ea','user-002','aa6306d2-f671-4aee-807a-0a99b5e2280c','2025-10-04 06:20:59',0x00,'2025-09-04 06:20:59'),('e4243ecf-420d-45d9-b604-c962c805b26b','user-003','9eff0323-5f06-47d8-8470-b0eb2f85c986','2025-09-28 12:35:09',0x00,'2025-08-29 12:35:09'),('e46ca8b6-07e8-4f12-be59-7fdb661748a7','user-001','81c6950f-fbf1-4cbc-acf5-871e6f83e309','2025-10-09 10:55:35',0x00,'2025-09-09 10:55:35'),('e49350ce-32a5-4019-8b67-cb8e8f12a32a','user-002','8b5cae44-3350-436f-a339-a533480d3214','2025-09-23 11:50:52',0x01,'2025-08-24 11:50:52'),('e50b5386-3b07-4fbb-a3a6-efac79cd96d5','user-002','4f8ff8a1-2e98-4eba-b711-ada2d3f6bd3a','2025-10-22 01:24:00',0x00,'2025-09-22 01:24:01'),('e586cf61-b7a5-4fcc-817e-217641d78fc3','user-001','2459530d-4b93-455d-a3ff-2582b0498fa6','2025-09-21 15:46:49',0x00,'2025-08-22 15:46:49'),('e5ed5388-3708-413a-b020-d645967e0d78','user-001','40c9d6a7-f53d-4ef6-80fa-c855e1245abf','2025-10-10 03:24:24',0x00,'2025-09-10 03:24:24'),('e9fcf605-0874-4cb8-8781-d3f671088095','user-002','3b7ffcd6-1df7-4bd3-8b8a-b2f0b714cba3','2025-10-09 13:04:59',0x00,'2025-09-09 13:04:59'),('ea29cd6a-8f07-4610-923a-46202a060a01','user-002','8bf60fa4-7476-4485-ad12-38ebf9af6354','2025-09-25 03:08:27',0x01,'2025-08-26 03:08:28'),('ea474026-b6e1-4bb2-8784-c70f162aad95','user-003','d40be30d-b468-4e4f-b28e-80bff62b3b50','2025-10-04 03:35:31',0x00,'2025-09-04 03:35:31'),('eb7f4ae0-a084-462b-82e5-1dc79a4b18e3','user-003','ef9a39e8-99d9-43a8-9d16-ec0a476a8d57','2025-10-11 02:42:03',0x00,'2025-09-11 02:42:03'),('ec15ab1c-13df-4d29-a06f-242170fa66b9','user-001','fd8e44c7-57a6-4bd0-9756-b2dfdd7f63fc','2025-10-12 06:40:07',0x01,'2025-09-12 06:40:07'),('ef366d00-f243-4d95-85f8-10fa2ef5e448','user-003','924c69a3-2558-4501-95a3-a11ffeb0819c','2025-10-08 02:57:06',0x00,'2025-09-08 02:57:06'),('ef8fc055-7d55-4509-88c2-6a106972cf7c','user-003','95b55b0c-b613-44d4-800c-c18f13b39b1d','2025-10-14 10:00:37',0x01,'2025-09-14 10:00:37'),('ef9a2742-4e3a-43a9-92a9-dabfede85897','user-003','bc32f4e0-2d9b-410e-b471-7a738bf93434','2025-09-26 05:40:33',0x01,'2025-08-27 05:40:33'),('efeb773d-3074-4229-857b-268924c7c94f','user-001','7d7b63ea-6c9f-4d97-a9b5-ab2657d27492','2025-10-15 05:37:15',0x00,'2025-09-15 05:37:15'),('f0984618-c3f5-4452-8399-8ef3377b1a7b','user-003','345c0391-a909-490d-8803-1b7e6966dfef','2025-10-22 06:20:41',0x00,'2025-09-22 06:20:41'),('f12c56ff-b19b-4daa-9300-d2f25d063670','user-001','a5ae03f0-f36d-48ff-b6a4-a0e96663e229','2025-10-11 03:11:10',0x01,'2025-09-11 03:11:10'),('f2b24ba6-bbef-4b95-be58-dc049594a7c6','user-002','0af8e1a4-b722-49c7-8fa1-7f621618d11c','2025-09-21 06:06:07',0x00,'2025-08-22 06:06:07'),('f31a33ca-c618-47a3-992f-3e9b0ffb55f0','user-001','1687a855-f17f-4adb-8925-cc6c60ed68db','2025-09-23 06:29:47',0x00,'2025-08-24 06:29:47'),('f33d0c5d-a1a6-4f2a-8dbe-d560d9647768','user-002','d5879846-6a5d-4fb9-beed-b94b6441e341','2025-09-27 07:25:28',0x00,'2025-08-28 07:25:28'),('f36ead37-2818-40bb-9af5-04fc6a2cf358','user-003','0acad082-be0a-4192-8971-c54fbf1ba970','2025-09-23 13:14:17',0x00,'2025-08-24 13:14:17'),('f4194d37-a582-4b30-8409-aeda7ffb01b0','ec592cdf-3410-4fdc-a79d-2ef048b15899','d9a88624-b94b-46fe-8828-030753391d25','2025-10-16 03:33:33',0x00,'2025-09-16 03:33:33'),('f426f883-a5e9-44c1-b690-a8b4ed626909','user-003','0d8ab0cd-bd99-4c46-bad6-9c87b7d8333b','2025-09-22 14:37:33',0x01,'2025-08-23 14:37:33'),('f436e394-bb16-4fa2-883d-64059259feb5','user-002','1e0687c4-e21f-4901-b0cd-c9d6edfc4c7f','2025-10-11 06:22:46',0x00,'2025-09-11 06:22:46'),('f61ee56e-0852-4f65-addc-afd9b8d63ee5','user-003','0cd732ce-b5fc-4bed-8c88-2b2b9c6a773d','2025-10-16 04:03:26',0x01,'2025-09-16 04:03:27'),('f65c1669-99ad-4f53-95ee-6887c429861d','user-003','19a56f08-267b-4842-a7e7-60a6854434ae','2025-09-28 01:51:28',0x00,'2025-08-29 01:51:28'),('f902385c-af33-4d56-982b-f2f74d45cedb','user-003','6fc994a0-7da1-4e97-8549-3e1889dd3169','2025-09-30 10:14:17',0x00,'2025-08-31 10:14:17'),('f9f68c82-eb75-4927-92c1-33ef67975dbc','user-003','bb34a078-8f28-4392-ab5e-0b18c7517012','2025-10-08 01:55:15',0x00,'2025-09-08 01:55:15'),('fa244f21-62df-4066-a6c6-b136a4fe9247','user-001','69b811fe-8c7c-4ba3-8c79-750fb87d102b','2025-10-12 02:44:28',0x00,'2025-09-12 02:44:28'),('fa66c27e-d2ec-4424-97c4-9078c112bd92','user-001','754bff6a-62fa-4169-abea-b212acf7f948','2025-10-10 06:14:07',0x00,'2025-09-10 06:14:07'),('fabf0530-bbec-4a46-a437-6882d8f65139','user-002','59a68671-b57a-4072-8b83-c352f372a002','2025-10-04 02:24:42',0x00,'2025-09-04 02:24:42'),('fc37e3bc-2cf6-46d1-8eb1-fba4f0fa1718','user-002','c69f3c51-e81d-42d9-ae1d-9e72078ffdec','2025-10-14 09:07:29',0x00,'2025-09-14 09:07:29'),('fd258618-637c-4aee-b626-bc332ab134e4','user-001','bf463655-240e-4aaf-9174-480a91259488','2025-10-07 08:06:49',0x01,'2025-09-07 08:06:49'),('fd43d4b7-35c0-49a3-9e49-39d6f2527384','user-002','5daba4d0-8df5-4902-9d2f-bdb7d78511bf','2025-10-15 02:36:46',0x00,'2025-09-15 02:36:46'),('fd8841f8-0919-46f8-a7ec-13457a4a9fc4','user-003','634e26fe-c5f9-405a-9ff4-05129f6954a8','2025-09-30 10:16:12',0x00,'2025-08-31 10:16:12'),('fe942245-c7ca-4284-8e8d-8fc6142caf90','user-003','bc37f907-4aed-4eb1-8518-2a92f7ef01d9','2025-10-05 06:11:51',0x00,'2025-09-05 06:11:51'),('ff2cb794-baf5-4142-b2e2-dfcd57e12caa','user-003','317801ac-3bf9-49f9-a460-287d3d0e8120','2025-09-28 05:52:58',0x00,'2025-08-29 05:52:58'),('rt-alice-001','user-001','eyJhbGciOiJIUzI1NiJ9.eyJzdWIiOiJhbGljZUBleGFtcGxlLmNvbSIsInJvbGUiOiJBRE1JTiIsInRva2VuVHlwZSI6InJlZnJlc2gifQ.alice-refresh-token-hash-001','2025-03-17 03:00:00',0x00,'2025-02-15 03:00:00'),('rt-bob-001','user-002','eyJhbGciOiJIUzI1NiJ9.eyJzdWIiOiJib2JAZXhhbXBsZS5jb20iLCJyb2xlIjoiU1RVREVOVCIsInRva2VuVHlwZSI6InJlZnJlc2gifQ.bob-refresh-token-hash-001','2025-03-18 07:30:00',0x00,'2025-02-16 07:30:00'),('rt-charlie-001','user-003','eyJhbGciOiJIUzI1NiJ9.eyJzdWIiOiJjaGFybGllQGV4YW1wbGUuY29tIiwicm9sZSI6IklOU1RSVUNUT1IiLCJ0b2tlblR5cGUiOiJyZWZyZXNoIn0.charlie-refresh-token-hash-001','2025-03-19 02:15:00',0x00,'2025-02-17 02:15:00'),('rt-charlie-002','user-003','eyJhbGciOiJIUzI1NiJ9.eyJzdWIiOiJjaGFybGllQGV4YW1wbGUuY29tIiwicm9sZSI6IklOU1RSVUNUT1IiLCJ0b2tlblR5cGUiOiJyZWZyZXNoIn0.charlie-refresh-token-mobile','2025-03-23 02:50:00',0x00,'2025-02-21 02:50:00'),('rt-edward-001','user-005','eyJhbGciOiJIUzI1NiJ9.eyJzdWIiOiJlZHdhcmRAZXhhbXBsZS5jb20iLCJyb2xlIjoiU1RVREVOVCIsInRva2VuVHlwZSI6InJlZnJlc2gifQ.edward-refresh-token-hash-expired','2025-02-10 01:00:00',0x00,'2025-01-11 01:00:00'),('rt-fiona-001','user-006','eyJhbGciOiJIUzI1NiJ9.eyJzdWIiOiJmaW9uYUBleGFtcGxlLmNvbSIsInJvbGUiOiJJTlNUUlVDVE9SIiwidG9rZW5UeXBlIjoicmVmcmVzaCJ9.fiona-refresh-token-hash-revoked','2025-03-15 05:30:00',0x01,'2025-02-13 05:30:00'),('rt-george-001','user-007','eyJhbGciOiJIUzI1NiJ9.eyJzdWIiOiJnZW9yZ2VAZXhhbXBsZS5jb20iLCJyb2xlIjoiU1RVREVOVCIsInRva2VuVHlwZSI6InJlZnJlc2gifQ.george-refresh-token-hash-001','2025-03-20 04:20:00',0x00,'2025-02-18 04:20:00'),('rt-hannah-001','user-008','eyJhbGciOiJIUzI1NiJ9.eyJzdWIiOiJoYW5uYWhAZXhhbXBsZS5jb20iLCJyb2xlIjoiSU5TVFJVQ1RPUiIsInRva2VuVHlwZSI6InJlZnJlc2gifQ.hannah-refresh-token-desktop','2025-03-21 01:45:00',0x00,'2025-02-19 01:45:00'),('rt-hannah-002','user-008','eyJhbGciOiJIUzI1NiJ9.eyJzdWIiOiJoYW5uYWhAZXhhbXBsZS5jb20iLCJyb2xlIjoiSU5TVFJVQ1RPUiIsInRva2VuVHlwZSI6InJlZnJlc2gifQ.hannah-refresh-token-mobile','2025-03-19 08:30:00',0x00,'2025-02-17 08:30:00'),('rt-ian-001','user-009','eyJhbGciOiJIUzI1NiJ9.eyJzdWIiOiJpYW4udGhvbXBzb25AZXhhbXBsZS5jb20iLCJyb2xlIjoiU1RVREVOVCIsInRva2VuVHlwZSI6InJlZnJlc2gifQ.ian-refresh-token-hash-revoked','2025-03-12 03:15:00',0x01,'2025-02-10 03:15:00'),('rt-julia-001','user-010','eyJhbGciOiJIUzI1NiJ9.eyJzdWIiOiJqdWxpYUBleGFtcGxlLmNvbSIsInJvbGUiOiJJTlNUUlVDVE9SIiwidG9rZW5UeXBlIjoicmVmcmVzaCJ9.julia-refresh-token-hash-001','2025-03-22 06:40:00',0x00,'2025-02-20 06:40:00'),('rt-kevin-001','user-011','eyJhbGciOiJIUzI1NiJ9.eyJzdWIiOiJrZXZpbkBleGFtcGxlLmNvbSIsInJvbGUiOiJTVFVERU5UIiwidG9rZW5UeXBlIjoicmVmcmVzaCJ9.kevin-refresh-token-hash-001','2025-03-14 10:25:00',0x00,'2025-02-12 10:25:00'),('rt-linda-001','user-004','eyJhbGciOiJIUzI1NiJ9.eyJzdWIiOiJsaW5kYUBleGFtcGxlLmNvbSIsInJvbGUiOiJTVFVERU5UIiwidG9rZW5UeXBlIjoicmVmcmVzaCJ9.linda-refresh-token-hash-001','2025-03-16 09:45:00',0x00,'2025-02-14 09:45:00'),('rt-lisa-001','user-012','eyJhbGciOiJIUzI1NiJ9.eyJzdWIiOiJsaXNhQGV4YW1wbGUuY29tIiwicm9sZSI6IlNUVURFTlQiLCJ0b2tlblR5cGUiOiJyZWZyZXNoIn0.lisa-refresh-token-hash-expired','2025-02-01 07:20:00',0x00,'2025-01-02 07:20:00'),('rt-old-001','user-002','eyJhbGciOiJIUzI1NiJ9.eyJzdWIiOiJib2JAZXhhbXBsZS5jb20iLCJyb2xlIjoiU1RVREVOVCIsInRva2VuVHlwZSI6InJlZnJlc2gifQ.bob-old-expired-token','2024-12-15 03:00:00',0x00,'2024-11-15 03:00:00'),('rt-old-002','user-003','eyJhbGciOiJIUzI1NiJ9.eyJzdWIiOiJjaGFybGllQGV4YW1wbGUuY29tIiwicm9sZSI6IklOU1RSVUNUT1IiLCJ0b2tlblR5cGUiOiJyZWZyZXNoIn0.charlie-old-revoked-token','2025-01-20 08:30:00',0x01,'2024-12-21 08:30:00');
/*!40000 ALTER TABLE `refresh_tokens` ENABLE KEYS */;

--
-- Table structure for table `refunds`
--

DROP TABLE IF EXISTS `refunds`;
/*!40101 SET @saved_cs_client     = @@character_set_client */;
/*!50503 SET character_set_client = utf8mb4 */;
CREATE TABLE `refunds` (
  `id` varchar(36) NOT NULL,
  `payment_id` varchar(36) NOT NULL,
  `amount` decimal(10,2) NOT NULL,
  `status` varchar(20) DEFAULT 'PENDING',
  `reason` text,
  `requested_at` timestamp NULL DEFAULT CURRENT_TIMESTAMP,
  `processed_at` timestamp NULL DEFAULT NULL,
  `rejected_reason` varchar(255) DEFAULT NULL,
  PRIMARY KEY (`id`),
  UNIQUE KEY `unique_refund_payment` (`payment_id`),
  KEY `idx_refund_status` (`status`),
  CONSTRAINT `fk_refund_payment` FOREIGN KEY (`payment_id`) REFERENCES `payments` (`id`) ON DELETE CASCADE
) ENGINE=InnoDB DEFAULT CHARSET=utf8mb4 COLLATE=utf8mb4_0900_ai_ci;
/*!40101 SET character_set_client = @saved_cs_client */;

--
-- Dumping data for table `refunds`
--

/*!40000 ALTER TABLE `refunds` DISABLE KEYS */;
INSERT INTO `refunds` VALUES ('03f3f13c-8a14-44fc-a96f-d3605c83b0d3','7bf6cab1-0a03-4022-b174-8b405d0c8718',199.99,'COMPLETED','aaaaaaaaaaaaaaaaaaaaaa','2025-08-25 03:40:35','2025-08-25 03:48:57',NULL),('1598368f-a1a4-42d3-b653-34d55dc69e41','c000a439-175d-489b-b8ad-c17e5de681aa',189.99,'PENDING','like shiiiiiiiiiiiiit','2025-08-27 03:47:01',NULL,NULL),('1a6b514a-eb5d-447e-9bd2-4fff1bf16b6d','5456a9ac-3f38-44a7-a099-a6a2ddae9cc3',199.99,'FAILED','ágggggggggggggggg','2025-08-24 11:53:59','2025-08-24 11:54:46','nuh uh'),('21aa4750-d16e-474b-b166-f595f67fb3d4','69adc687-7e69-4ce5-8f1e-9838ae6815ba',219.99,'PENDING','like shiiiiiiiiiiiiit','2025-08-27 03:47:08',NULL,NULL),('2b71e77a-2007-498b-9104-6982f1c7d128','cf0057b5-be76-4009-b666-9e9f68f19842',179.99,'PENDING','baby dont hurt me','2025-08-26 02:32:59',NULL,NULL),('304b3ef5-a1ab-4ef0-a261-615c5db7b361','1c93fbc7-9986-4ffb-ab4d-642bb680d820',129.99,'PENDING','like shiiiiiiiiiiiiit','2025-08-27 03:47:15',NULL,NULL),('37b2d55e-10a7-4547-8dd3-08f5b595e32b','aaddcfa8-9963-4177-b69c-47b4ddfbd565',139.99,'PENDING','aaaaaaaaaaaaaaaaaaaaaaa','2025-08-25 03:40:44',NULL,NULL),('3c72228e-dc2c-44e4-8609-17fefd87658b','f6dcd34e-354b-406e-bd49-dab7268bf9ff',199.99,'FAILED','Like shiiiiiiiiit!fs','2025-08-22 11:12:24','2025-08-22 11:14:39','like shitttttttttttttttttttttttttttttttttttttttttttttttttttttttttttttttt'),('57ce906b-bee4-48bb-8a72-d39ebfc180bf','55c85ad7-ed1e-4c0f-8f51-1074f3508078',129.99,'FAILED','gggggggggggggggggg','2025-08-24 11:54:17','2025-08-24 13:53:18','nuh uh'),('58477095-bcf6-459a-8232-2f4dd1da2630','3f9e143a-de3a-4efc-a87c-a3d8e48024c7',129.99,'COMPLETED','gggggggggggggggggggggg','2025-08-25 03:40:53','2025-08-25 03:47:33',NULL),('857d2966-3d1d-4592-be10-d652bf172375','5a633e00-fdc5-4410-9140-68042852640f',129.99,'PENDING','like shiiiiiiiiiiiiiiiiiiiiiiit','2025-08-27 03:46:44',NULL,NULL),('92e6178d-baa3-4727-9310-ff063c60733a','7d3e4251-cf0a-4cd5-9703-06d507c166d8',169.99,'COMPLETED','like shiiiiiiiiiiiiit','2025-08-27 03:47:26','2025-08-27 03:47:54',NULL),('93e60854-2928-4f07-8010-9276968672eb','e371a189-1af0-4b7a-915d-9749ba9eb9cd',212.49,'COMPLETED','I want to refund','2025-09-22 10:43:46','2025-09-22 10:44:16',NULL),('9fc8ed1b-4fb6-4688-afcb-59f05ab2abc9','91f3b21a-48c8-4e56-8c14-cc2deb9e82e6',129.99,'PENDING','u gotta move','2025-08-26 02:33:32',NULL,NULL),('a60915e7-2893-43ef-9217-193c97e89283','7e11d31c-992b-43d8-bee0-088b58227b47',169.99,'COMPLETED','aaaaaaaaaaaaaaaaaaaaaaa','2025-08-24 11:54:09','2025-08-24 11:54:39',NULL),('bfe03efb-2ddf-4aa1-89f8-e9202c485498','cbbff243-c830-44d7-82c8-511636658cbd',249.99,'COMPLETED','aaaaaaaaaaaaaaaaaaaaaa','2025-08-25 03:40:28','2025-08-25 03:41:21',NULL),('c8f67c57-ebce-4f86-a4f0-ed8a6f767e22','714c9928-c23b-403e-b03a-5a03cce6dac9',189.99,'PENDING','Get back to work','2025-08-26 02:33:52',NULL,NULL),('d1b8a622-a2aa-4641-a07d-80da6c5ed0e9','1650c6f6-8729-430a-a539-31e3ec049d39',199.99,'FAILED','like shiiiiiiiiiiiiit','2025-08-27 03:47:20','2025-08-27 03:48:35','nuh uh'),('e1963202-2b0d-45e7-a03f-1ad2f23e2f1c','9e3adbb0-3a37-41aa-8474-5bed9175d00e',199.99,'PENDING','like shiiiiiiiiiiiiit','2025-08-27 03:46:55',NULL,NULL),('fb57f2f6-5b4e-42cb-8730-9e3d32ff4c09','9ba12676-6f50-4100-a047-b3f4879f50e8',189.99,'COMPLETED','ssssssssssssss','2025-08-24 11:54:24','2025-08-24 12:02:19',NULL),('refund-001','payment-016',129.99,'COMPLETED','Payment processing error - automatic refund','2025-02-14 03:30:00','2025-02-14 04:15:00',NULL),('refund-002','payment-001',99.99,'PENDING','Customer requested refund within 30-day policy due to course content not meeting expectations','2025-02-10 07:20:00',NULL,NULL),('refund-003','payment-008',50.00,'COMPLETED','Partial refund due to technical issues with course videos during week 2','2025-02-12 02:30:00','2025-02-13 09:45:00',NULL),('refund-004','payment-015',119.99,'COMPLETED','Duplicate payment - customer was charged twice by error','2025-02-01 01:00:00','2025-02-01 03:30:00',NULL),('refund-005','payment-011',159.99,'FAILED','Customer requested refund due to incompatible software requirements - refund failed due to payment processor limitations','2025-02-08 04:15:00',NULL,NULL),('refund-006','payment-013',79.99,'PENDING','Course completion certificate not issued - customer requested refund','2025-02-14 09:30:00',NULL,NULL),('refund-007','payment-004',30.00,'COMPLETED','Goodwill refund - compensation for course downtime during maintenance','2025-01-20 03:00:00','2025-01-21 07:20:00',NULL),('refund-008','payment-007',5.99,'COMPLETED','Processing fee overcharge refund','2025-01-25 06:45:00','2025-01-25 08:30:00',NULL),('refund-009','payment-009',99.99,'PENDING','Customer changed mind and requested refund within 7-day window','2025-02-15 02:00:00',NULL,NULL),('refund-010','payment-010',129.99,'COMPLETED','System error caused course access issues - full refund processed','2025-02-11 01:30:00','2025-02-11 05:00:00',NULL);
/*!40000 ALTER TABLE `refunds` ENABLE KEYS */;

--
-- Table structure for table `resources`
--

DROP TABLE IF EXISTS `resources`;
/*!40101 SET @saved_cs_client     = @@character_set_client */;
/*!50503 SET character_set_client = utf8mb4 */;
CREATE TABLE `resources` (
  `id` varchar(36) NOT NULL,
  `name` varchar(100) NOT NULL,
  `description` varchar(255) DEFAULT NULL,
  `resource_path` varchar(255) DEFAULT NULL,
  `parent_resource_id` varchar(36) DEFAULT NULL,
  `is_active` bit(1) NOT NULL,
  `created_at` timestamp NOT NULL DEFAULT CURRENT_TIMESTAMP,
  `updated_at` timestamp NOT NULL DEFAULT CURRENT_TIMESTAMP ON UPDATE CURRENT_TIMESTAMP,
  PRIMARY KEY (`id`),
  KEY `fk_resources_parent` (`parent_resource_id`),
  KEY `idx_resources_path` (`resource_path`),
  CONSTRAINT `fk_resources_parent` FOREIGN KEY (`parent_resource_id`) REFERENCES `resources` (`id`)
) ENGINE=InnoDB DEFAULT CHARSET=utf8mb4 COLLATE=utf8mb4_0900_ai_ci;
/*!40101 SET character_set_client = @saved_cs_client */;

--
-- Dumping data for table `resources`
--

/*!40000 ALTER TABLE `resources` DISABLE KEYS */;
INSERT INTO `resources` VALUES ('res-action-001','action','Permission system actions management','/actions',NULL,0x01,'2025-08-21 08:37:28','2025-08-21 08:37:28'),('res-category-001','category','Course category management','/categories',NULL,0x01,'2025-08-21 08:37:28','2025-08-21 08:37:28'),('res-comment-001','comment','Lesson comments and discussions','/comments','res-lesson-001',0x01,'2025-08-21 08:37:28','2025-08-21 08:37:28'),('res-course-001','course','Course management and access','/courses',NULL,0x01,'2025-08-21 08:37:27','2025-08-21 08:37:27'),('res-course-review-status-001','course_review_status','Course review status management','/course-review-statuses','res-course-001',0x01,'2025-08-21 08:37:28','2025-08-21 08:37:28'),('res-course-review-status-history-001','course_review_status_history','Course review status change history','/course-review-status-history','res-course-review-status-001',0x01,'2025-08-21 08:37:28','2025-08-21 08:37:28'),('res-earning-001','instructor_earning','Instructor earnings management','/earnings',NULL,0x01,'2025-08-21 08:37:28','2025-08-21 08:37:28'),('res-enrollment-001','enrollment','Course enrollment management','/enrollments',NULL,0x01,'2025-08-21 08:37:28','2025-08-21 08:37:28'),('res-instructor-application-001','instructor_application','Instructor application management','/instructor-applications',NULL,0x01,'2025-08-21 08:37:28','2025-08-21 08:37:28'),('res-lesson-001','lesson','Lesson content and management','/lessons','res-section-001',0x01,'2025-08-21 08:37:28','2025-08-21 08:37:28'),('res-lesson-completion-001','lesson_completion','Student lesson completion tracking','/lesson-completions','res-lesson-001',0x01,'2025-08-21 08:37:28','2025-08-21 08:37:28'),('res-lesson-type-001','lesson_type','Lesson type management','/lesson-types',NULL,0x01,'2025-08-21 08:37:28','2025-08-21 08:37:28'),('res-password-reset-token-001','password_reset_token','Password reset token management','/auth/password-reset-tokens','res-user-001',0x01,'2025-08-21 08:37:28','2025-08-21 08:37:28'),('res-payment-001','payment','Payment processing and management','/payments',NULL,0x01,'2025-08-21 08:37:27','2025-08-21 08:37:27'),('res-permission-001','permission','Permission system permissions management','/permissions',NULL,0x01,'2025-08-21 08:37:28','2025-08-21 08:37:28'),('res-quiz-question-001','quiz_question','Quiz questions management','/quiz-questions','res-lesson-001',0x01,'2025-08-21 08:37:28','2025-08-21 08:37:28'),('res-quiz-result-001','quiz_result','Student quiz results','/quiz-results','res-quiz-question-001',0x01,'2025-08-21 08:37:28','2025-08-21 08:37:28'),('res-refresh-token-001','refresh_token','Authentication refresh token management','/auth/refresh-tokens','res-user-001',0x01,'2025-08-21 08:37:28','2025-08-21 08:37:28'),('res-refund-001','refund','Payment refund management','/refunds','res-payment-001',0x01,'2025-08-21 08:37:28','2025-08-21 08:37:28'),('res-resource-001','resource','Permission system resources management','/resources',NULL,0x01,'2025-08-21 08:37:28','2025-08-21 08:37:28'),('res-review-001','review','Course reviews and ratings','/reviews',NULL,0x01,'2025-08-21 08:37:27','2025-08-21 08:37:27'),('res-role-permission-001','role_permission','Role-permission mappings management','/role-permissions',NULL,0x01,'2025-08-21 08:37:28','2025-08-21 08:37:28'),('res-section-001','section','Course section management','/sections','res-course-001',0x01,'2025-08-21 08:37:28','2025-08-21 08:37:28'),('res-system-log-001','system_log','System logging and monitoring','/system-logs',NULL,0x01,'2025-08-21 08:37:28','2025-08-21 08:37:28'),('res-user-001','user','User account management','/users',NULL,0x01,'2025-08-21 08:37:28','2025-08-21 08:37:28'),('res-user-role-001','user_role','User role management','/user-roles','res-user-001',0x01,'2025-08-21 08:37:28','2025-08-21 08:37:28'),('res-video-content-001','video_content','Video content management','/video-contents','res-lesson-001',0x01,'2025-08-21 08:37:28','2025-08-21 08:37:28');
/*!40000 ALTER TABLE `resources` ENABLE KEYS */;

--
-- Table structure for table `reviews`
--

DROP TABLE IF EXISTS `reviews`;
/*!40101 SET @saved_cs_client     = @@character_set_client */;
/*!50503 SET character_set_client = utf8mb4 */;
CREATE TABLE `reviews` (
  `id` varchar(36) NOT NULL,
  `user_id` varchar(36) NOT NULL,
  `course_id` varchar(36) NOT NULL,
  `rating` int DEFAULT '5',
  `review_text` text,
  `reviewed_at` timestamp NULL DEFAULT CURRENT_TIMESTAMP,
  `created_at` timestamp NULL DEFAULT CURRENT_TIMESTAMP,
  `updated_at` timestamp NULL DEFAULT CURRENT_TIMESTAMP,
  PRIMARY KEY (`id`),
  UNIQUE KEY `unique_review` (`user_id`,`course_id`),
  KEY `idx_review_course` (`course_id`),
  CONSTRAINT `fk_rev_course` FOREIGN KEY (`course_id`) REFERENCES `courses` (`id`) ON DELETE CASCADE,
  CONSTRAINT `fk_rev_user` FOREIGN KEY (`user_id`) REFERENCES `users` (`id`) ON DELETE CASCADE
) ENGINE=InnoDB DEFAULT CHARSET=utf8mb4 COLLATE=utf8mb4_0900_ai_ci;
/*!40101 SET character_set_client = @saved_cs_client */;

--
-- Dumping data for table `reviews`
--

/*!40000 ALTER TABLE `reviews` DISABLE KEYS */;
INSERT INTO `reviews` VALUES ('review-001','user-002','course-001',5,'Excellent course! Charlie explains React concepts very clearly and the hands-on examples are really helpful. I\'m learning so much about modern web development.','2025-01-17 07:30:00','2025-08-21 08:37:15','2025-08-21 08:37:15'),('review-002','user-011','course-001',4,'Great content and well structured. The instructor covers all the important React concepts. Would recommend to anyone starting with React.','2025-02-01 09:45:00','2025-08-21 08:37:15','2025-08-21 08:37:15'),('review-003','user-007','course-001',5,'Outstanding course! The progression from basics to advanced topics is perfect. Charlie\'s teaching style is engaging and easy to follow.','2025-02-14 04:20:00','2025-08-21 08:37:15','2025-08-21 08:37:15'),('review-004','user-005','course-002',4,'Julia does a great job explaining complex ML concepts in simple terms. The practical examples really help understand the theory.','2025-01-14 06:15:00','2025-08-21 08:37:15','2025-08-21 08:37:15'),('review-005','user-012','course-002',5,'Fantastic introduction to machine learning! Julia\'s explanations are clear and the course structure is logical. Perfect for beginners.','2025-01-18 02:45:00','2025-08-21 08:37:15','2025-08-21 08:37:15'),('review-006','user-009','course-003',4,'Solid course on React Native. Fiona covers both iOS and Android development well. The project-based approach is very effective.','2025-01-26 08:30:00','2025-08-21 08:37:15','2025-08-21 08:37:15'),('review-007','user-007','course-004',5,'Comprehensive cybersecurity course! Hannah covers all the essential topics and provides practical insights from real-world scenarios.','2025-01-22 05:00:00','2025-08-21 08:37:15','2025-08-21 08:37:15'),('review-008','user-005','course-004',4,'Very informative course on cybersecurity fundamentals. Hannah explains complex security concepts in an accessible way.','2025-02-12 07:20:00','2025-08-21 08:37:15','2025-08-21 08:37:15'),('review-009','user-002','course-005',5,'Perfect course for learning frontend design! Diana\'s teaching style is excellent and the practical exercises really help reinforce the concepts.','2025-01-24 03:15:00','2025-08-21 08:37:15','2025-08-21 08:37:15'),('review-010','user-011','course-005',4,'Great introduction to frontend design. Diana covers HTML, CSS, and responsive design thoroughly. Highly recommended for beginners.','2025-02-10 09:45:00','2025-08-21 08:37:15','2025-08-21 08:37:15'),('review-011','user-007','course-006',5,'Excellent DevOps course! Charlie explains containerization and cloud deployment concepts very well. The hands-on labs are particularly valuable.','2025-02-08 06:30:00','2025-08-21 08:37:15','2025-08-21 08:37:15'),('review-012','user-005','course-007',5,'Outstanding Python course! Julia makes data science approachable and the practical exercises with real datasets are fantastic.','2025-02-02 04:00:00','2025-08-21 08:37:15','2025-08-21 08:37:15'),('review-013','user-012','course-007',4,'Great course for learning Python in the context of data science. Julia\'s explanations are clear and the progression is well-paced.','2025-02-05 08:20:00','2025-08-21 08:37:15','2025-08-21 08:37:15'),('review-014','user-009','course-009',4,'Fun and engaging Unity course! Fiona makes game development accessible and the step-by-step approach works well for beginners.','2025-02-06 07:45:00','2025-08-21 08:37:15','2025-08-21 08:37:15'),('review-015','user-002','course-010',2,'Incredible advanced safgasggsagassss','2025-02-04 10:30:00','2025-08-21 08:37:15','2025-09-22 02:05:02');
/*!40000 ALTER TABLE `reviews` ENABLE KEYS */;

--
-- Table structure for table `role_permissions`
--

DROP TABLE IF EXISTS `role_permissions`;
/*!40101 SET @saved_cs_client     = @@character_set_client */;
/*!50503 SET character_set_client = utf8mb4 */;
CREATE TABLE `role_permissions` (
  `id` varchar(36) NOT NULL,
  `role_id` varchar(36) NOT NULL,
  `permission_id` varchar(36) NOT NULL,
  `filter_type_id` varchar(36) NOT NULL,
  `granted_by` varchar(36) DEFAULT NULL,
  `is_active` bit(1) NOT NULL,
  `created_at` timestamp NOT NULL DEFAULT CURRENT_TIMESTAMP,
  `updated_at` timestamp NOT NULL DEFAULT CURRENT_TIMESTAMP ON UPDATE CURRENT_TIMESTAMP,
  PRIMARY KEY (`id`),
  UNIQUE KEY `unique_role_permission` (`role_id`,`permission_id`),
  KEY `fk_role_permissions_granter` (`granted_by`),
  KEY `fk_role_permissions_filter_type` (`filter_type_id`),
  KEY `idx_role_permissions_role` (`role_id`),
  KEY `idx_role_permissions_permission` (`permission_id`),
  CONSTRAINT `fk_role_permissions_filter_type` FOREIGN KEY (`filter_type_id`) REFERENCES `filter_types` (`id`),
  CONSTRAINT `fk_role_permissions_granter` FOREIGN KEY (`granted_by`) REFERENCES `users` (`id`),
  CONSTRAINT `fk_role_permissions_permission` FOREIGN KEY (`permission_id`) REFERENCES `permissions` (`id`),
  CONSTRAINT `fk_role_permissions_role` FOREIGN KEY (`role_id`) REFERENCES `user_roles` (`id`)
) ENGINE=InnoDB DEFAULT CHARSET=utf8mb4 COLLATE=utf8mb4_0900_ai_ci;
/*!40101 SET character_set_client = @saved_cs_client */;

--
-- Dumping data for table `role_permissions`
--

/*!40000 ALTER TABLE `role_permissions` DISABLE KEYS */;
INSERT INTO `role_permissions` VALUES ('01bbae52-8261-47ae-a06d-98b5db83c44d','f0a6315f-9e67-498e-9b36-2fc668d8faa6','perm-lesson-type-update-001','filter-type-001',NULL,0x01,'2025-09-11 05:48:00','2025-09-11 05:48:00'),('01cf1234-3949-45df-8831-cc92ebb3dff1','f0a6315f-9e67-498e-9b36-2fc668d8faa6','perm-payment-read-001','filter-type-001',NULL,0x01,'2025-09-11 05:48:00','2025-09-11 05:48:00'),('0260efbe-ca40-4316-b5f2-8c06c3d72705','d3cd5bf4-cedf-4fd1-ba1d-7ff340934518','perm-review-read-001','filter-type-001',NULL,0x00,'2025-09-10 03:01:43','2025-09-11 06:28:24'),('026b1712-aa79-4048-8d1f-3531c3deb02f','ceb2e856-9c0a-45ec-84b1-22b16ef6024e','perm-payment-delete-001','filter-type-001',NULL,0x01,'2025-09-10 03:43:19','2025-09-10 03:43:19'),('035911a0-18d8-4106-aa5f-e034f6f59b30','f0a6315f-9e67-498e-9b36-2fc668d8faa6','perm-user-read-001','filter-type-001',NULL,0x01,'2025-09-11 05:48:00','2025-09-11 05:48:00'),('04f78de6-98ed-4e76-8dc3-a4dd05d5a629','f0a6315f-9e67-498e-9b36-2fc668d8faa6','perm-refund-read-001','filter-type-001',NULL,0x01,'2025-09-11 05:48:01','2025-09-11 05:48:01'),('0515ee1f-fb9f-42ea-adf3-6b887c260287','f4bb6937-1f4d-47f3-9097-76430dabfb77','perm-category-create-001','filter-type-001',NULL,0x01,'2025-08-26 07:34:22','2025-08-26 07:34:22'),('06c9ac9a-35c7-4cff-92b1-5f24c7ef050a','ceb2e856-9c0a-45ec-84b1-22b16ef6024e','perm-lesson-type-delete-001','filter-type-001',NULL,0x00,'2025-09-05 07:02:01','2025-09-10 03:37:23'),('0b75b7f4-8529-40dd-84e9-0d0a46c70d07','f0a6315f-9e67-498e-9b36-2fc668d8faa6','perm-earn-create-001','filter-type-001',NULL,0x01,'2025-09-11 05:48:00','2025-09-11 05:48:00'),('0ea50d1f-c723-4821-88a7-0bb5bb1ee126','f0a6315f-9e67-498e-9b36-2fc668d8faa6','perm-lesson-type-delete-001','filter-type-001',NULL,0x01,'2025-09-11 05:48:00','2025-09-11 05:48:00'),('0eebf33e-a9b1-41bb-a2cc-95962a6bd9ae','ceb2e856-9c0a-45ec-84b1-22b16ef6024e','perm-instructor-app-update-001','filter-type-001',NULL,0x00,'2025-09-05 07:02:01','2025-09-10 03:37:23'),('0f748d74-e98f-4711-9d05-62a0f527a8ff','d3cd5bf4-cedf-4fd1-ba1d-7ff340934518','perm-review-update-001','filter-type-001',NULL,0x00,'2025-09-10 03:01:43','2025-09-11 06:28:24'),('119fca04-612d-41af-bb96-79849e10354e','f0a6315f-9e67-498e-9b36-2fc668d8faa6','perm-instructor-app-approve-001','filter-type-001',NULL,0x01,'2025-09-11 05:47:59','2025-09-11 05:47:59'),('11bb071b-2227-4a57-963b-d5c696d40479','f0a6315f-9e67-498e-9b36-2fc668d8faa6','perm-quiz-question-read-001','filter-type-001',NULL,0x01,'2025-09-11 05:47:59','2025-09-11 05:47:59'),('13ff530b-78e0-447e-b461-9b23ddfc6240','ceb2e856-9c0a-45ec-84b1-22b16ef6024e','perm-course-delete-001','filter-type-001',NULL,0x01,'2025-09-10 03:43:19','2025-09-10 03:43:19'),('14398d24-da49-48ae-ba84-13a20475467a','d3cd5bf4-cedf-4fd1-ba1d-7ff340934518','perm-category-delete-001','filter-type-001',NULL,0x01,'2025-09-09 13:58:24','2025-09-10 02:45:22'),('1554f8d0-1127-403a-b111-e1ea877a6822','f0a6315f-9e67-498e-9b36-2fc668d8faa6','perm-category-create-001','filter-type-001',NULL,0x01,'2025-09-11 05:48:00','2025-09-11 05:48:00'),('1733d61d-2651-4255-ad99-3c06a12dbf44','f0a6315f-9e67-498e-9b36-2fc668d8faa6','perm-earn-read-001','filter-type-001',NULL,0x01,'2025-09-11 05:48:00','2025-09-11 05:48:00'),('19c076a8-f539-4638-b0e6-8bafe7751483','ceb2e856-9c0a-45ec-84b1-22b16ef6024e','perm-payment-read-001','filter-type-001',NULL,0x01,'2025-09-10 03:43:19','2025-09-10 03:43:19'),('1c8c186c-5b85-4a2e-af01-7a458e158cbb','ceb2e856-9c0a-45ec-84b1-22b16ef6024e','perm-review-create-001','filter-type-001',NULL,0x01,'2025-09-05 07:02:01','2025-09-10 03:43:19'),('1fb003f9-6102-497f-b925-614ac37facf0','ceb2e856-9c0a-45ec-84b1-22b16ef6024e','perm-review-delete-001','filter-type-001',NULL,0x01,'2025-09-10 03:43:19','2025-09-10 03:43:19'),('2508b017-f7a5-44b9-a54e-083b38b3265a','f0a6315f-9e67-498e-9b36-2fc668d8faa6','perm-course-approve-001','filter-type-001',NULL,0x01,'2025-09-11 05:48:00','2025-09-11 05:48:00'),('25a29fed-922f-4657-8641-dc4b1971ee09','f0a6315f-9e67-498e-9b36-2fc668d8faa6','perm-earn-delete-001','filter-type-001',NULL,0x01,'2025-09-11 05:48:00','2025-09-11 05:48:00'),('28e82497-338f-49be-b341-f77e3eb75777','3c306425-fe1b-40c0-9357-35746862fcba','perm-refund-update-001','filter-type-001',NULL,0x00,'2025-09-21 08:44:26','2025-09-21 09:06:25'),('2bc5aa92-bb51-45b8-985b-4063cf338910','d3cd5bf4-cedf-4fd1-ba1d-7ff340934518','perm-course-delete-001','filter-type-001',NULL,0x01,'2025-09-09 14:07:39','2025-09-10 03:01:43'),('34fb38d8-9b40-4370-8697-7a54bf36bd3f','f0a6315f-9e67-498e-9b36-2fc668d8faa6','perm-review-create-001','filter-type-001',NULL,0x01,'2025-09-11 05:48:00','2025-09-11 05:48:00'),('3c2d1104-8c35-4577-a41a-f12a3a90d0ad','f0a6315f-9e67-498e-9b36-2fc668d8faa6','perm-earn-update-001','filter-type-001',NULL,0x01,'2025-09-11 05:48:00','2025-09-11 05:48:00'),('3de05134-1e9a-414b-97bc-075d9de1b109','d3cd5bf4-cedf-4fd1-ba1d-7ff340934518','perm-payment-update-001','filter-type-001',NULL,0x00,'2025-09-09 14:07:39','2025-09-10 02:45:22'),('3f3e3a63-7ad7-4b9d-aa04-4686abc0bf25','f0a6315f-9e67-498e-9b36-2fc668d8faa6','perm-payment-paid_out-001','filter-type-001',NULL,0x01,'2025-09-11 05:48:00','2025-09-11 05:48:00'),('40d22d17-7432-4380-a0e2-43347e61a577','d3cd5bf4-cedf-4fd1-ba1d-7ff340934518','perm-course-update-001','filter-type-001',NULL,0x01,'2025-09-09 14:07:39','2025-09-10 03:01:43'),('415e456c-7f42-4235-bbbb-0d22ff24dd0e','f0a6315f-9e67-498e-9b36-2fc668d8faa6','perm-category-update-001','filter-type-001',NULL,0x01,'2025-09-11 05:48:00','2025-09-11 05:48:00'),('427dcebc-56ee-4bb8-9464-5ded1895b25d','f0a6315f-9e67-498e-9b36-2fc668d8faa6','perm-category-read-001','filter-type-001',NULL,0x01,'2025-09-11 05:48:00','2025-09-11 05:48:00'),('496e7199-4ef9-436d-aa6d-f2cb5ba605bc','ceb2e856-9c0a-45ec-84b1-22b16ef6024e','perm-instructor-app-create-001','filter-type-001',NULL,0x00,'2025-09-05 07:02:01','2025-09-10 03:37:23'),('49743b44-3091-4723-9cf3-3fb2a3ca9512','f0a6315f-9e67-498e-9b36-2fc668d8faa6','perm-refund-update-001','filter-type-001',NULL,0x01,'2025-09-11 05:48:01','2025-09-11 05:48:01'),('4e7f0475-e6f4-417c-a2d1-70a8570d8e87','f0a6315f-9e67-498e-9b36-2fc668d8faa6','perm-instructor-app-delete-001','filter-type-001',NULL,0x01,'2025-09-11 05:48:00','2025-09-11 05:48:00'),('4f31efda-9320-4263-9622-1678b212e0fc','f0a6315f-9e67-498e-9b36-2fc668d8faa6','perm-comment-delete-001','filter-type-001',NULL,0x01,'2025-09-11 05:48:00','2025-09-11 05:48:00'),('544eb819-2a5c-49fe-8434-0cb5a5761a9b','f0a6315f-9e67-498e-9b36-2fc668d8faa6','perm-instructor-app-read-001','filter-type-001',NULL,0x01,'2025-09-11 05:48:00','2025-09-11 05:48:00'),('560c085d-379d-4fa7-b8fb-1c3929af07ca','ceb2e856-9c0a-45ec-84b1-22b16ef6024e','perm-quiz-question-read-001','filter-type-001',NULL,0x00,'2025-09-05 07:02:01','2025-09-10 03:37:23'),('560c7ed4-4d58-4c97-ad46-f5524ecb5592','ceb2e856-9c0a-45ec-84b1-22b16ef6024e','perm-lesson-type-read-001','filter-type-001',NULL,0x00,'2025-09-05 07:02:01','2025-09-10 03:37:23'),('5686d5a8-73a7-4fe6-b12a-5714400a2cfc','f0a6315f-9e67-498e-9b36-2fc668d8faa6','perm-instructor-app-update-001','filter-type-001',NULL,0x01,'2025-09-11 05:48:00','2025-09-11 05:48:00'),('5b26ffab-4494-4c4b-a89d-5687b9a9195c','ceb2e856-9c0a-45ec-84b1-22b16ef6024e','perm-payment-paid_out-001','filter-type-001',NULL,0x01,'2025-09-10 03:43:19','2025-09-10 03:43:19'),('5d40ed41-9c42-4150-af58-19799b7aeba0','f0a6315f-9e67-498e-9b36-2fc668d8faa6','perm-instructor-app-create-001','filter-type-001',NULL,0x01,'2025-09-11 05:48:00','2025-09-11 05:48:00'),('5d8c8e63-e37a-4253-aa7b-09e87211c4ae','f0a6315f-9e67-498e-9b36-2fc668d8faa6','perm-payment-delete-001','filter-type-001',NULL,0x01,'2025-09-11 05:48:00','2025-09-11 05:48:00'),('60dd500b-46ea-4a79-a2f9-ccce3133b150','3c306425-fe1b-40c0-9357-35746862fcba','perm-instructor-app-delete-001','filter-type-001',NULL,0x00,'2025-09-21 05:56:36','2025-09-21 09:06:50'),('61888387-537a-4aaf-ad33-bf503158b525','3c306425-fe1b-40c0-9357-35746862fcba','perm-quiz-question-read-001','filter-type-001',NULL,0x01,'2025-09-21 09:06:50','2025-09-21 09:06:50'),('6191ba65-a0c5-42e1-8bde-18405a259adb','3c306425-fe1b-40c0-9357-35746862fcba','perm-refund-delete-001','filter-type-001',NULL,0x00,'2025-09-21 08:44:26','2025-09-21 09:06:25'),('67ebbf1a-344b-4c65-88d4-e5b68afedcf7','f0a6315f-9e67-498e-9b36-2fc668d8faa6','perm-category-delete-001','filter-type-001',NULL,0x01,'2025-09-11 05:48:00','2025-09-11 05:48:00'),('692ef34e-bb46-4561-a754-eb3bd72a31aa','3c306425-fe1b-40c0-9357-35746862fcba','perm-refund-read-001','filter-type-001',NULL,0x00,'2025-09-21 08:44:26','2025-09-21 09:06:25'),('6f0d1783-70c9-4687-8220-ade7b01632b1','f0a6315f-9e67-498e-9b36-2fc668d8faa6','perm-payment-update-001','filter-type-001',NULL,0x01,'2025-09-11 05:48:00','2025-09-11 05:48:00'),('70511546-f325-4414-9aa7-a59456074fd0','d3cd5bf4-cedf-4fd1-ba1d-7ff340934518','perm-payment-delete-001','filter-type-001',NULL,0x00,'2025-09-09 14:07:39','2025-09-10 02:45:22'),('71e13441-7453-42c3-a60e-6f5cbd56f3c9','f0a6315f-9e67-498e-9b36-2fc668d8faa6','perm-user-create-001','filter-type-001',NULL,0x01,'2025-09-11 05:48:00','2025-09-11 05:48:00'),('74d23014-0d64-4cdf-a3a8-32998282ce96','d3cd5bf4-cedf-4fd1-ba1d-7ff340934518','perm-category-read-001','filter-type-001',NULL,0x01,'2025-09-09 13:58:24','2025-09-09 13:58:24'),('7c706902-9319-495f-bba3-27ff6a4c9968','d3cd5bf4-cedf-4fd1-ba1d-7ff340934518','perm-payment-paid_out-001','filter-type-001',NULL,0x00,'2025-09-09 14:07:39','2025-09-10 02:45:22'),('88516369-ff97-4cdc-99d7-0ffb12fb9fd8','d3cd5bf4-cedf-4fd1-ba1d-7ff340934518','perm-course-read-001','filter-type-001',NULL,0x01,'2025-09-09 14:07:39','2025-09-10 03:01:43'),('8a679c5c-c439-45cd-a894-eb982c1f533c','f0a6315f-9e67-498e-9b36-2fc668d8faa6','perm-course-update-001','filter-type-001',NULL,0x01,'2025-09-11 05:48:00','2025-09-11 05:48:00'),('8ee29949-d52c-4c67-b926-254267eda037','ceb2e856-9c0a-45ec-84b1-22b16ef6024e','perm-refund-read-001','filter-type-001',NULL,0x01,'2025-09-10 03:41:18','2025-09-10 03:41:18'),('8fbd9773-0545-463b-8f6f-93a956850292','3c306425-fe1b-40c0-9357-35746862fcba','perm-quiz-result-delete-001','filter-type-001',NULL,0x00,'2025-09-21 05:56:36','2025-09-21 09:06:25'),('9001f1a7-2766-4a33-a471-f4603ebab572','d3cd5bf4-cedf-4fd1-ba1d-7ff340934518','perm-payment-read-001','filter-type-001',NULL,0x00,'2025-09-09 14:07:39','2025-09-10 02:45:22'),('91003dbd-64d6-4f8a-b746-8add772bfb4a','f0a6315f-9e67-498e-9b36-2fc668d8faa6','perm-lesson-type-create-001','filter-type-001',NULL,0x01,'2025-09-11 05:48:00','2025-09-11 05:48:00'),('9230ac2f-e96d-4f12-937b-6f315d33393b','f0a6315f-9e67-498e-9b36-2fc668d8faa6','perm-review-delete-001','filter-type-001',NULL,0x01,'2025-09-11 05:48:00','2025-09-11 05:48:00'),('9a6e0ae8-26ab-452c-82b9-bd843f220ccb','ceb2e856-9c0a-45ec-84b1-22b16ef6024e','perm-instructor-app-approve-001','filter-type-001',NULL,0x00,'2025-09-05 07:02:01','2025-09-10 03:37:23'),('a14315fa-2c5a-446c-bb7d-f9665848314b','ceb2e856-9c0a-45ec-84b1-22b16ef6024e','perm-refund-update-001','filter-type-001',NULL,0x00,'2025-09-10 03:37:23','2025-09-10 03:41:18'),('ad74f9a3-4740-4456-8d92-51ba3913eba8','f0a6315f-9e67-498e-9b36-2fc668d8faa6','perm-lesson-type-read-001','filter-type-001',NULL,0x01,'2025-09-11 05:48:00','2025-09-11 05:48:00'),('admin-category-create-001','role-003','perm-category-create-001','filter-type-001',NULL,0x01,'2025-08-21 08:37:32','2025-08-21 08:37:32'),('admin-category-delete-001','role-003','perm-category-delete-001','filter-type-001',NULL,0x01,'2025-08-21 08:37:32','2025-08-21 08:37:32'),('admin-category-read-001','role-003','perm-category-read-001','filter-type-001',NULL,0x01,'2025-08-21 08:37:32','2025-08-21 08:37:32'),('admin-category-update-001','role-003','perm-category-update-001','filter-type-001',NULL,0x01,'2025-08-21 08:37:32','2025-08-21 08:37:32'),('admin-course-create-001','role-003','perm-course-create-001','filter-type-001',NULL,0x01,'2025-08-21 08:37:32','2025-08-21 08:37:32'),('admin-course-delete-001','role-003','perm-course-delete-001','filter-type-001',NULL,0x01,'2025-08-21 08:37:32','2025-08-21 08:37:32'),('admin-course-publish-001','role-003','perm-course-publish-001','filter-type-001',NULL,0x01,'2025-08-21 08:37:32','2025-08-21 08:37:32'),('admin-course-read-001','role-003','perm-course-read-001','filter-type-001',NULL,0x01,'2025-08-21 08:37:32','2025-08-21 08:37:32'),('admin-course-update-001','role-003','perm-course-update-001','filter-type-001',NULL,0x01,'2025-08-21 08:37:32','2025-08-21 08:37:32'),('admin-earn-create-001','role-003','perm-earn-create-001','filter-type-001',NULL,0x01,'2025-08-21 08:37:32','2025-08-21 08:37:32'),('admin-earn-delete-001','role-003','perm-earn-delete-001','filter-type-001',NULL,0x01,'2025-08-21 08:37:32','2025-08-21 08:37:32'),('admin-earn-read-001','role-003','perm-earn-read-001','filter-type-001',NULL,0x01,'2025-08-21 08:37:32','2025-08-21 08:37:32'),('admin-earn-update-001','role-003','perm-earn-update-001','filter-type-001',NULL,0x01,'2025-08-21 08:37:32','2025-08-21 08:37:32'),('admin-enrollment-create-001','role-003','perm-enrollment-create-001','filter-type-001',NULL,0x01,'2025-08-21 08:37:32','2025-08-21 08:37:32'),('admin-enrollment-delete-001','role-003','perm-enrollment-delete-001','filter-type-001',NULL,0x01,'2025-08-21 08:37:32','2025-08-21 08:37:32'),('admin-enrollment-enroll-001','role-003','perm-enrollment-enroll-001','filter-type-001',NULL,0x01,'2025-08-21 08:37:32','2025-08-21 08:37:32'),('admin-enrollment-read-001','role-003','perm-enrollment-read-001','filter-type-001',NULL,0x01,'2025-08-21 08:37:32','2025-08-21 08:37:32'),('admin-enrollment-update-001','role-003','perm-enrollment-update-001','filter-type-001',NULL,0x01,'2025-08-21 08:37:32','2025-08-21 08:37:32'),('admin-instructor-app-approve-001','role-003','perm-instructor-app-approve-001','filter-type-001',NULL,0x01,'2025-08-21 08:37:32','2025-08-21 08:37:32'),('admin-instructor-app-create-001','role-003','perm-instructor-app-create-001','filter-type-001',NULL,0x01,'2025-08-21 08:37:32','2025-08-21 08:37:32'),('admin-instructor-app-delete-001','role-003','perm-instructor-app-delete-001','filter-type-001',NULL,0x01,'2025-08-21 08:37:32','2025-08-21 08:37:32'),('admin-instructor-app-read-001','role-003','perm-instructor-app-read-001','filter-type-001',NULL,0x01,'2025-08-21 08:37:32','2025-08-21 08:37:32'),('admin-instructor-app-update-001','role-003','perm-instructor-app-update-001','filter-type-001',NULL,0x01,'2025-08-21 08:37:32','2025-08-21 08:37:32'),('admin-lesson-completion-create-001','role-003','perm-lesson-completion-create-001','filter-type-001',NULL,0x01,'2025-08-21 08:37:32','2025-08-21 08:37:32'),('admin-lesson-completion-delete-001','role-003','perm-lesson-completion-delete-001','filter-type-001',NULL,0x01,'2025-08-21 08:37:32','2025-08-21 08:37:32'),('admin-lesson-completion-read-001','role-003','perm-lesson-completion-read-001','filter-type-001',NULL,0x01,'2025-08-21 08:37:32','2025-08-21 08:37:32'),('admin-lesson-completion-update-001','role-003','perm-lesson-completion-update-001','filter-type-001',NULL,0x01,'2025-08-21 08:37:32','2025-08-21 08:37:32'),('admin-lesson-type-create-001','role-003','perm-lesson-type-create-001','filter-type-001',NULL,0x01,'2025-08-21 08:37:32','2025-08-21 08:37:32'),('admin-lesson-type-delete-001','role-003','perm-lesson-type-delete-001','filter-type-001',NULL,0x01,'2025-08-21 08:37:32','2025-08-21 08:37:32'),('admin-lesson-type-read-001','role-003','perm-lesson-type-read-001','filter-type-001',NULL,0x01,'2025-08-21 08:37:32','2025-08-21 08:37:32'),('admin-lesson-type-update-001','role-003','perm-lesson-type-update-001','filter-type-001',NULL,0x01,'2025-08-21 08:37:32','2025-08-21 08:37:32'),('admin-payment-delete-001','role-003','perm-payment-delete-001','filter-type-001',NULL,0x01,'2025-08-21 08:37:32','2025-08-21 08:37:32'),('admin-payment-paid_out-001','role-003','perm-payment-paid_out-001','filter-type-001',NULL,0x01,'2025-08-26 06:15:10','2025-08-26 06:15:10'),('admin-payment-read-001','role-003','perm-payment-read-001','filter-type-001',NULL,0x01,'2025-08-21 08:37:32','2025-08-21 08:37:32'),('admin-payment-update-001','role-003','perm-payment-update-001','filter-type-001',NULL,0x01,'2025-08-21 08:37:32','2025-08-21 08:37:32'),('admin-permission-approve-001','role-003','perm-course-approve-001','filter-type-001',NULL,0x01,'2025-08-21 08:37:31','2025-08-21 08:37:31'),('admin-permission-create-001','role-003','perm-permission-create-001','filter-type-001',NULL,0x01,'2025-08-21 08:37:33','2025-08-21 08:37:33'),('admin-permission-delete-001','role-003','perm-permission-delete-001','filter-type-001',NULL,0x01,'2025-08-21 08:37:33','2025-08-21 08:37:33'),('admin-permission-read-001','role-003','perm-permission-read-001','filter-type-001',NULL,0x01,'2025-08-21 08:37:33','2025-08-21 08:37:33'),('admin-permission-update-001','role-003','perm-permission-update-001','filter-type-001',NULL,0x01,'2025-08-21 08:37:33','2025-08-21 08:37:33'),('admin-quiz-question-create-001','role-003','perm-quiz-question-create-001','filter-type-001',NULL,0x01,'2025-08-21 08:37:32','2025-08-21 08:37:32'),('admin-quiz-question-delete-001','role-003','perm-quiz-question-delete-001','filter-type-001',NULL,0x01,'2025-08-21 08:37:32','2025-08-21 08:37:32'),('admin-quiz-question-read-001','role-003','perm-quiz-question-read-001','filter-type-001',NULL,0x01,'2025-08-21 08:37:32','2025-08-21 08:37:32'),('admin-quiz-question-update-001','role-003','perm-quiz-question-update-001','filter-type-001',NULL,0x01,'2025-08-21 08:37:32','2025-08-21 08:37:32'),('admin-quiz-result-create-001','role-003','perm-quiz-result-create-001','filter-type-001',NULL,0x01,'2025-08-21 08:37:32','2025-08-21 08:37:32'),('admin-quiz-result-delete-001','role-003','perm-quiz-result-delete-001','filter-type-001',NULL,0x01,'2025-08-21 08:37:32','2025-08-21 08:37:32'),('admin-quiz-result-read-001','role-003','perm-quiz-result-read-001','filter-type-001',NULL,0x01,'2025-08-21 08:37:32','2025-08-21 08:37:32'),('admin-quiz-result-update-001','role-003','perm-quiz-result-update-001','filter-type-001',NULL,0x01,'2025-08-21 08:37:32','2025-08-21 08:37:32'),('admin-refresh-token-create-001','role-003','perm-refresh-token-create-001','filter-type-001',NULL,0x01,'2025-08-21 08:37:33','2025-08-21 08:37:33'),('admin-refresh-token-delete-001','role-003','perm-refresh-token-delete-001','filter-type-001',NULL,0x01,'2025-08-21 08:37:33','2025-08-21 08:37:33'),('admin-refresh-token-read-001','role-003','perm-refresh-token-read-001','filter-type-001',NULL,0x01,'2025-08-21 08:37:33','2025-08-21 08:37:33'),('admin-refresh-token-update-001','role-003','perm-refresh-token-update-001','filter-type-001',NULL,0x01,'2025-08-21 08:37:33','2025-08-21 08:37:33'),('admin-refund-create-001','role-003','perm-refund-create-001','filter-type-001',NULL,0x01,'2025-08-21 08:37:32','2025-08-21 08:37:32'),('admin-refund-delete-001','role-003','perm-refund-delete-001','filter-type-001',NULL,0x01,'2025-08-21 08:37:32','2025-08-21 08:37:32'),('admin-refund-read-001','role-003','perm-refund-read-001','filter-type-001',NULL,0x01,'2025-08-21 08:37:32','2025-08-21 08:37:32'),('admin-refund-update-001','role-003','perm-refund-update-001','filter-type-001',NULL,0x01,'2025-08-21 08:37:32','2025-08-21 08:37:32'),('admin-review-create-001','role-003','perm-review-create-001','filter-type-001',NULL,0x01,'2025-08-21 08:37:32','2025-08-21 08:37:32'),('admin-review-delete-001','role-003','perm-review-delete-001','filter-type-001',NULL,0x01,'2025-08-21 08:37:32','2025-08-21 08:37:32'),('admin-review-read-001','role-003','perm-review-read-001','filter-type-001',NULL,0x01,'2025-08-21 08:37:32','2025-08-21 08:37:32'),('admin-review-update-001','role-003','perm-review-update-001','filter-type-001',NULL,0x01,'2025-08-21 08:37:32','2025-08-21 08:37:32'),('admin-system-log-create-001','role-003','perm-system-log-create-001','filter-type-001',NULL,0x01,'2025-08-21 08:37:32','2025-08-21 08:37:32'),('admin-system-log-read-001','role-003','perm-system-log-read-001','filter-type-001',NULL,0x01,'2025-08-21 08:37:32','2025-08-21 08:37:32'),('admin-user-create-001','role-003','perm-user-create-001','filter-type-001',NULL,0x01,'2025-08-21 08:37:32','2025-08-21 08:37:32'),('admin-user-read-001','role-003','perm-user-read-001','filter-type-001',NULL,0x01,'2025-08-21 08:37:32','2025-08-21 08:37:32'),('admin-user-update-001','role-003','perm-user-update-001','filter-type-001',NULL,0x01,'2025-08-21 08:37:32','2025-08-21 08:37:32'),('admin-video-content-create-001','role-003','perm-video-content-create-001','filter-type-001',NULL,0x01,'2025-08-21 08:37:32','2025-08-21 08:37:32'),('admin-video-content-delete-001','role-003','perm-video-content-delete-001','filter-type-001',NULL,0x01,'2025-08-21 08:37:32','2025-08-21 08:37:32'),('admin-video-content-read-001','role-003','perm-video-content-read-001','filter-type-001',NULL,0x01,'2025-08-21 08:37:32','2025-08-21 08:37:32'),('admin-video-content-update-001','role-003','perm-video-content-update-001','filter-type-001',NULL,0x01,'2025-08-21 08:37:32','2025-08-21 08:37:32'),('af24db91-4789-47b5-8a5d-68e5b79d06ed','ceb2e856-9c0a-45ec-84b1-22b16ef6024e','perm-instructor-app-read-001','filter-type-001',NULL,0x00,'2025-09-05 07:02:01','2025-09-10 03:37:23'),('b8285bf1-5547-4806-80e3-679a7f2aed60','d3cd5bf4-cedf-4fd1-ba1d-7ff340934518','perm-category-update-001','filter-type-001',NULL,0x01,'2025-09-09 13:58:24','2025-09-09 13:58:24'),('b8b62755-1540-4f68-b744-296540831b80','ceb2e856-9c0a-45ec-84b1-22b16ef6024e','perm-course-read-001','filter-type-001',NULL,0x01,'2025-09-10 03:43:19','2025-09-10 03:43:19'),('ba92f950-97ea-44f0-ab0b-ec1acb3a54ae','f0a6315f-9e67-498e-9b36-2fc668d8faa6','perm-course-delete-001','filter-type-001',NULL,0x01,'2025-09-11 05:48:00','2025-09-11 05:48:00'),('be80a87b-a8b1-48aa-b875-8499c75e343a','ceb2e856-9c0a-45ec-84b1-22b16ef6024e','perm-review-update-001','filter-type-001',NULL,0x01,'2025-09-10 03:43:19','2025-09-10 03:43:19'),('c068174e-821b-4c61-90ae-92788bc71c23','f0a6315f-9e67-498e-9b36-2fc668d8faa6','perm-quiz-result-delete-001','filter-type-001',NULL,0x01,'2025-09-11 05:47:59','2025-09-11 05:47:59'),('c4ca649e-45c9-4a62-aa94-f0e819e7df74','f0a6315f-9e67-498e-9b36-2fc668d8faa6','perm-review-read-001','filter-type-001',NULL,0x01,'2025-09-11 05:48:00','2025-09-11 05:48:00'),('cb46793c-6f6a-4014-a03f-b38e2a31da24','f0a6315f-9e67-498e-9b36-2fc668d8faa6','perm-review-update-001','filter-type-001',NULL,0x01,'2025-09-11 05:48:00','2025-09-11 05:48:00'),('cd70a4ab-7f07-4ea9-9d68-c8b4e0d4f4a4','f0a6315f-9e67-498e-9b36-2fc668d8faa6','perm-quiz-result-read-001','filter-type-001',NULL,0x01,'2025-09-11 05:47:59','2025-09-11 05:47:59'),('d18a610e-40bc-43ac-b63d-6ed6f24101a5','ceb2e856-9c0a-45ec-84b1-22b16ef6024e','perm-payment-update-001','filter-type-001',NULL,0x01,'2025-09-10 03:43:19','2025-09-10 03:43:19'),('d311bbc2-2bc7-47d9-9cdd-4082851403f6','f0a6315f-9e67-498e-9b36-2fc668d8faa6','perm-refund-delete-001','filter-type-001',NULL,0x01,'2025-09-11 05:48:00','2025-09-11 05:48:00'),('d74fb6a5-4b5c-46f0-8aa7-1b8b4186a691','d3cd5bf4-cedf-4fd1-ba1d-7ff340934518','perm-category-create-001','filter-type-001',NULL,0x01,'2025-09-09 13:58:24','2025-09-09 13:58:24'),('e57c47f1-7ff0-435f-99f4-c8c4c8d7fb51','d3cd5bf4-cedf-4fd1-ba1d-7ff340934518','perm-review-delete-001','filter-type-001',NULL,0x00,'2025-09-10 03:01:43','2025-09-11 06:28:24'),('e72d74d8-2dc3-4da6-b501-8967a894d4e4','ceb2e856-9c0a-45ec-84b1-22b16ef6024e','perm-course-update-001','filter-type-001',NULL,0x01,'2025-09-10 03:43:19','2025-09-10 03:43:19'),('earn-read-001','role-002','perm-earn-read-001','filter-type-002',NULL,0x01,'2025-08-21 08:37:32','2025-08-21 08:37:32'),('earn-update-001','role-002','perm-earn-update-001','filter-type-002',NULL,0x01,'2025-08-21 08:37:32','2025-08-21 08:37:32'),('ecb946a5-8f80-4c36-9026-9200f4edbbea','f0a6315f-9e67-498e-9b36-2fc668d8faa6','perm-course-read-001','filter-type-001',NULL,0x01,'2025-09-11 05:48:00','2025-09-11 05:48:00'),('ed4b5bf3-67f7-4aac-b95f-8638dd9f2bc7','ceb2e856-9c0a-45ec-84b1-22b16ef6024e','perm-review-read-001','filter-type-001',NULL,0x01,'2025-09-10 03:43:19','2025-09-10 03:43:19'),('ed7afb5d-ed61-4cd3-ba37-7e13efa176ec','d3cd5bf4-cedf-4fd1-ba1d-7ff340934518','perm-review-create-001','filter-type-001',NULL,0x00,'2025-09-10 03:01:43','2025-09-11 06:28:24'),('ee0631db-6cbe-4548-b930-2de2ddad6f8d','f0a6315f-9e67-498e-9b36-2fc668d8faa6','perm-comment-update-001','filter-type-001',NULL,0x01,'2025-09-11 05:48:00','2025-09-11 05:48:00'),('f027cb51-46b0-4048-84d5-a5f07c034ece','f0a6315f-9e67-498e-9b36-2fc668d8faa6','perm-user-update-001','filter-type-001',NULL,0x01,'2025-09-11 05:48:00','2025-09-11 05:48:00'),('f6dd602e-0b3a-48f5-87eb-5e09fcc033cf','f0a6315f-9e67-498e-9b36-2fc668d8faa6','perm-comment-read-001','filter-type-001',NULL,0x01,'2025-09-11 05:48:00','2025-09-11 05:48:00'),('instructor-category-read-001','role-002','perm-category-read-001','filter-type-001',NULL,0x01,'2025-08-21 08:37:32','2025-08-21 08:37:32'),('instructor-course-create-001','role-002','perm-course-create-001','filter-type-002',NULL,0x01,'2025-08-21 08:37:31','2025-08-21 08:37:31'),('instructor-course-delete-001','role-002','perm-course-delete-001','filter-type-002',NULL,0x01,'2025-08-21 08:37:32','2025-08-21 08:37:32'),('instructor-course-publish-001','role-002','perm-course-publish-001','filter-type-002',NULL,0x01,'2025-08-21 08:37:32','2025-08-21 08:37:32'),('instructor-course-read-001','role-002','perm-course-read-001','filter-type-002',NULL,0x01,'2025-08-21 08:37:31','2025-08-21 08:37:31'),('instructor-course-update-001','role-002','perm-course-update-001','filter-type-002',NULL,0x01,'2025-08-21 08:37:31','2025-08-21 08:37:31'),('instructor-enrollment-read-001','role-002','perm-enrollment-read-001','filter-type-002',NULL,0x01,'2025-08-21 08:37:32','2025-08-21 08:37:32'),('instructor-payment-read-001','role-002','perm-payment-read-001','filter-type-002',NULL,0x01,'2025-08-21 08:37:32','2025-08-21 08:37:32'),('instructor-quiz-question-create-001','role-002','perm-quiz-question-create-001','filter-type-002',NULL,0x01,'2025-08-21 08:37:32','2025-08-21 08:37:32'),('instructor-quiz-question-delete-001','role-002','perm-quiz-question-delete-001','filter-type-002',NULL,0x01,'2025-08-21 08:37:32','2025-08-21 08:37:32'),('instructor-quiz-question-read-001','role-002','perm-quiz-question-read-001','filter-type-002',NULL,0x01,'2025-08-21 08:37:32','2025-08-21 08:37:32'),('instructor-quiz-question-update-001','role-002','perm-quiz-question-update-001','filter-type-002',NULL,0x01,'2025-08-21 08:37:32','2025-08-21 08:37:32'),('instructor-quiz-result-read-001','role-002','perm-quiz-result-read-001','filter-type-002',NULL,0x01,'2025-08-21 08:37:32','2025-08-21 08:37:32'),('instructor-review-read-001','role-002','perm-review-read-001','filter-type-002',NULL,0x01,'2025-08-21 08:37:32','2025-08-21 08:37:32'),('instructor-section-create-001','role-002','perm-section-create-001','filter-type-002',NULL,0x01,'2025-08-21 08:37:32','2025-08-21 08:37:32'),('instructor-section-delete-001','role-002','perm-section-delete-001','filter-type-002',NULL,0x01,'2025-08-21 08:37:32','2025-08-21 08:37:32'),('instructor-section-read-001','role-002','perm-section-read-001','filter-type-002',NULL,0x01,'2025-08-21 08:37:32','2025-08-21 08:37:32'),('instructor-section-update-001','role-002','perm-section-update-001','filter-type-002',NULL,0x01,'2025-08-21 08:37:32','2025-08-21 08:37:32'),('instructor-user-read-001','role-002','perm-user-read-001','filter-type-002',NULL,0x01,'2025-08-21 08:37:32','2025-08-21 08:37:32'),('instructor-user-update-001','role-002','perm-user-update-001','filter-type-002',NULL,0x01,'2025-08-21 08:37:32','2025-08-21 08:37:32'),('instructor-video-content-create-001','role-002','perm-video-content-create-001','filter-type-002',NULL,0x01,'2025-08-21 08:37:32','2025-08-21 08:37:32'),('instructor-video-content-delete-001','role-002','perm-video-content-delete-001','filter-type-002',NULL,0x01,'2025-08-21 08:37:32','2025-08-21 08:37:32'),('instructor-video-content-read-001','role-002','perm-video-content-read-001','filter-type-002',NULL,0x01,'2025-08-21 08:37:32','2025-08-21 08:37:32'),('instructor-video-content-update-001','role-002','perm-video-content-update-001','filter-type-002',NULL,0x01,'2025-08-21 08:37:32','2025-08-21 08:37:32'),('lesson-completion-create-001','role-002','perm-lesson-completion-create-001','filter-type-002',NULL,0x01,'2025-08-21 08:37:32','2025-08-21 08:37:32'),('lesson-completion-read-001','role-002','perm-lesson-completion-read-001','filter-type-002',NULL,0x01,'2025-08-21 08:37:32','2025-08-21 08:37:32'),('lesson-create-001','role-002','perm-lesson-create-001','filter-type-002',NULL,0x01,'2025-08-21 08:37:32','2025-08-21 08:37:32'),('lesson-delete-001','role-002','perm-lesson-delete-001','filter-type-002',NULL,0x01,'2025-08-21 08:37:32','2025-08-21 08:37:32'),('lesson-read-001','role-002','perm-lesson-read-001','filter-type-002',NULL,0x01,'2025-08-21 08:37:32','2025-08-21 08:37:32'),('lesson-update-001','role-002','perm-lesson-update-001','filter-type-002',NULL,0x01,'2025-08-21 08:37:32','2025-08-21 08:37:32'),('student-category-read-001','role-001','perm-category-read-001','filter-type-001',NULL,0x01,'2025-08-21 08:37:31','2025-08-21 08:37:31'),('student-course-read-001','role-001','perm-course-read-001','filter-type-002',NULL,0x01,'2025-08-21 08:37:31','2025-08-23 12:52:20'),('student-enrollment-create-001','role-001','perm-enrollment-create-001','filter-type-002',NULL,0x01,'2025-08-21 08:37:31','2025-08-21 08:37:31'),('student-enrollment-enroll-001','role-001','perm-enrollment-enroll-001','filter-type-002',NULL,0x01,'2025-08-21 08:37:31','2025-08-21 08:37:31'),('student-enrollment-read-001','role-001','perm-enrollment-read-001','filter-type-002',NULL,0x01,'2025-08-21 08:37:31','2025-08-21 08:37:31'),('student-instructor-app-create-001','role-001','perm-instructor-app-create-001','filter-type-002',NULL,0x01,'2025-08-21 08:37:31','2025-08-21 08:37:31'),('student-instructor-app-read-001','role-001','perm-instructor-app-read-001','filter-type-002',NULL,0x01,'2025-08-21 08:37:31','2025-08-21 08:37:31'),('student-instructor-app-update-001','role-001','perm-instructor-app-update-001','filter-type-002',NULL,0x01,'2025-08-21 08:37:31','2025-08-21 08:37:31'),('student-lesson-completion-create-001','role-001','perm-lesson-completion-create-001','filter-type-002',NULL,0x01,'2025-08-21 08:37:31','2025-08-21 08:37:31'),('student-lesson-completion-read-001','role-001','perm-lesson-completion-read-001','filter-type-002',NULL,0x01,'2025-08-21 08:37:31','2025-08-21 08:37:31'),('student-lesson-completion-update-001','role-001','perm-lesson-completion-update-001','filter-type-002',NULL,0x01,'2025-08-21 08:37:31','2025-08-21 08:37:31'),('student-lesson-read-001','role-001','perm-lesson-read-001','filter-type-002',NULL,0x01,'2025-08-21 08:37:31','2025-08-23 12:52:20'),('student-payment-create-001','role-001','perm-payment-create-001','filter-type-002',NULL,0x01,'2025-08-21 08:37:31','2025-08-21 08:37:31'),('student-payment-read-001','role-001','perm-payment-read-001','filter-type-002',NULL,0x01,'2025-08-21 08:37:31','2025-08-21 08:37:31'),('student-quiz-question-read-001','role-001','perm-quiz-question-read-001','filter-type-002',NULL,0x01,'2025-08-21 08:37:31','2025-08-23 12:52:20'),('student-quiz-result-create-001','role-001','perm-quiz-result-create-001','filter-type-002',NULL,0x01,'2025-08-21 08:37:31','2025-08-21 08:37:31'),('student-quiz-result-read-001','role-001','perm-quiz-result-read-001','filter-type-002',NULL,0x01,'2025-08-21 08:37:31','2025-08-21 08:37:31'),('student-quiz-result-update-001','role-001','perm-quiz-result-update-001','filter-type-002',NULL,0x01,'2025-08-21 08:37:31','2025-08-21 08:37:31'),('student-refund-create-001','role-001','perm-refund-create-001','filter-type-002',NULL,0x01,'2025-08-21 08:37:31','2025-08-21 08:37:31'),('student-refund-read-001','role-001','perm-refund-read-001','filter-type-002',NULL,0x01,'2025-08-21 08:37:31','2025-08-21 08:37:31'),('student-review-create-001','role-001','perm-review-create-001','filter-type-002',NULL,0x01,'2025-08-21 08:37:31','2025-08-21 08:37:31'),('student-review-delete-001','role-001','perm-review-delete-001','filter-type-002',NULL,0x01,'2025-08-21 08:37:31','2025-08-21 08:37:31'),('student-review-read-001','role-001','perm-review-read-001','filter-type-001',NULL,0x01,'2025-08-21 08:37:31','2025-08-21 08:37:31'),('student-review-update-001','role-001','perm-review-update-001','filter-type-002',NULL,0x01,'2025-08-21 08:37:31','2025-08-21 08:37:31'),('student-section-read-001','role-001','perm-section-read-001','filter-type-002',NULL,0x01,'2025-08-21 08:37:31','2025-08-23 12:52:20'),('student-user-read-001','role-001','perm-user-read-001','filter-type-002',NULL,0x01,'2025-08-21 08:37:31','2025-08-21 08:37:31'),('student-user-update-001','role-001','perm-user-update-001','filter-type-002',NULL,0x01,'2025-08-21 08:37:31','2025-08-21 08:37:31'),('student-video-content-read-001','role-001','perm-video-content-read-001','filter-type-002',NULL,0x01,'2025-08-21 08:37:31','2025-08-23 12:52:20');
/*!40000 ALTER TABLE `role_permissions` ENABLE KEYS */;

--
-- Table structure for table `sections`
--

DROP TABLE IF EXISTS `sections`;
/*!40101 SET @saved_cs_client     = @@character_set_client */;
/*!50503 SET character_set_client = utf8mb4 */;
CREATE TABLE `sections` (
  `id` varchar(36) NOT NULL,
  `course_id` varchar(36) NOT NULL,
  `title` varchar(255) NOT NULL,
  `order_index` int DEFAULT '0',
  `description` text,
  `created_at` timestamp NULL DEFAULT CURRENT_TIMESTAMP,
  `updated_at` timestamp NULL DEFAULT CURRENT_TIMESTAMP,
  PRIMARY KEY (`id`),
  UNIQUE KEY `unique_section_order` (`course_id`,`order_index`),
  CONSTRAINT `fk_section_course` FOREIGN KEY (`course_id`) REFERENCES `courses` (`id`) ON DELETE CASCADE
) ENGINE=InnoDB DEFAULT CHARSET=utf8mb4 COLLATE=utf8mb4_0900_ai_ci;
/*!40101 SET character_set_client = @saved_cs_client */;

--
-- Dumping data for table `sections`
--

/*!40000 ALTER TABLE `sections` DISABLE KEYS */;
INSERT INTO `sections` VALUES ('01c7310f-4a09-457b-88d0-96da84d9e5a9','7d91b7de-0908-4bf7-a3f5-bfdfe94dfd24','Section 1',0,'asdfasd asdf asdf','2025-09-22 11:37:15','2025-09-22 11:40:34'),('246c4d99-1e7c-41f1-94f6-af1ef703beaf','9f1881cf-e4ad-4901-9e47-e28e4b553886','section1',3,'testttttttttttttt','2025-08-27 06:55:05','2025-08-27 06:55:05'),('29b37326-70b6-4676-a9d0-d72c9b59cb8b','72eb8613-3192-4dc4-8917-d4baefe98582','video test',0,'aaaaaaaaaaaaaaa','2025-08-27 06:59:33','2025-08-27 06:59:33'),('50ff94d0-ad79-4e7a-840b-97713442814b','2c4fccd5-49b6-44cc-bdec-d0e951db3619','sagasgasg',0,'http://localhost:3000/instructor/courses/create-course','2025-08-26 03:19:00','2025-08-26 03:19:00'),('517a0077-3067-4245-a4a4-e8096aacf47d','4a3e4d30-4b9b-4740-8ac6-2ec4fdec27a1','Section 1',0,'asdf asdf','2025-09-22 15:24:28','2025-09-22 15:24:28'),('5830c41d-4706-4468-b4a1-53b304f92881','72eb8613-3192-4dc4-8917-d4baefe98582','video test',3,'aaaaaaaaaaaaaaa','2025-08-27 07:00:54','2025-08-27 07:00:54'),('58b45cb0-3fbb-4080-a57e-6947d9cf6b18','9f1881cf-e4ad-4901-9e47-e28e4b553886','section1',4,'testttttttttttttt','2025-08-27 06:57:23','2025-08-27 06:57:23'),('5d661887-dcb8-4dd7-a1e6-963a9218434b','63459fb6-0eb1-42f8-802e-f51ca751f296','Mang mè về cho tiện',0,'Mang mè về cho tiện','2025-09-23 21:54:56','2025-09-23 21:54:56'),('6e13bd64-d4f2-4f4e-a940-c5fa3f97c5ac','934bc3f4-3ba3-4bd0-acfe-c4e2f0e4db04','test create course',0,'test create course','2025-09-07 12:38:31','2025-09-07 12:38:31'),('7eb83f59-9f24-4717-98ba-dc511f5a2c49','35aaf1ad-eb77-42d9-93bb-cc2ea54482d9','Section 1',0,'asdfasdfsadf','2025-09-22 10:05:24','2025-09-22 10:05:24'),('8324ea51-e8d6-4698-9a6d-5a401ef944b9','2ac197b4-cb91-40e7-99d6-e69e425f6ea9','Section 2',1,'Description of section 2','2025-09-06 06:33:38','2025-09-06 13:59:37'),('b7e2062b-17c1-43c6-bade-9962f0089d4f','cbb16c51-0be1-4ead-a83b-aae200715ebc','AI Fundamentals',0,'Course description Course description Course description Course description','2025-09-05 09:33:54','2025-09-05 09:33:54'),('b9e471da-f559-4580-a0fe-a5bdfd910ed2','9f1881cf-e4ad-4901-9e47-e28e4b553886','section1',0,'testttttttttttttt','2025-08-27 05:47:50','2025-08-27 05:47:50'),('c289f748-bf96-4c05-a0b9-8c8fc850c2d6','9f1881cf-e4ad-4901-9e47-e28e4b553886','section2',1,'testtttttttttttttttttt','2025-08-27 05:47:59','2025-08-27 05:47:59'),('d5f18631-3cae-4d5e-a710-4d46970042e9','16884fb5-65b6-47ee-9c87-4d7c97dcbec9','test create course',0,'test create course','2025-09-06 12:44:54','2025-09-06 12:44:54'),('e0346bb9-33ef-47ea-ab88-97afe24fa01c','7d91b7de-0908-4bf7-a3f5-bfdfe94dfd24','Section 1',1,'asdfasd asdf','2025-09-22 11:37:16','2025-09-22 11:37:16'),('e14b30f0-5d9a-43f7-9585-2741df8186de','f7c8da66-bc3e-4088-8c1c-b20387bfd3bc','Thanh Hoa',0,'rau ma duong tau','2025-08-23 14:53:37','2025-08-23 14:53:37'),('e27de6f3-dab7-4f6f-86c8-fa1c50da2c50','2ac197b4-cb91-40e7-99d6-e69e425f6ea9','section 3',2,'Section 3','2025-09-06 13:59:10','2025-09-06 13:59:37'),('e9b13676-9f48-40ce-93c8-49cf133edd8c','9f1881cf-e4ad-4901-9e47-e28e4b553886','section 3',2,'ataaaaaaaaaaaaaaatt','2025-08-27 05:48:00','2025-08-27 05:48:00'),('ec3995c8-d154-49fa-b4da-188e098bcaaf','2ac197b4-cb91-40e7-99d6-e69e425f6ea9','ssssssssssssssss',0,'sssssssssssssssssssss','2025-08-27 07:02:29','2025-09-06 13:59:37'),('f3a71785-e837-4835-af09-6e264584e214','72eb8613-3192-4dc4-8917-d4baefe98582','video test',2,'aaaaaaaaaaaaaaa','2025-08-27 07:00:24','2025-08-27 07:00:24'),('f3a95c03-c5f6-4378-83ca-a04b81cfc5ce','c3e42fc0-bd33-4af4-ab10-52d79a5876a4','Section 1',0,'asdf asdfasd asdf asdf asd','2025-09-22 15:32:37','2025-09-22 15:33:39'),('f6ab837e-6f11-4754-9d10-04cac4df1a80','72eb8613-3192-4dc4-8917-d4baefe98582','video test',1,'aaaaaaaaaaaaaaa','2025-08-27 06:59:54','2025-08-27 06:59:54'),('f9f2db68-ed75-40e6-ba61-b48101ce90da','fe33fc8c-d4ef-45cf-bbdd-182823f81f7b','Section 1',0,'adf adsf asdf','2025-09-23 03:53:12','2025-09-23 03:53:12'),('section-001','course-001','Getting Started with React',0,'Introduction to React fundamentals and setting up your development environment','2025-08-21 08:37:12','2025-08-21 08:37:12'),('section-002','course-001','React Components and JSX',1,'Learn about React components, JSX syntax, and component composition','2025-08-21 08:37:12','2025-08-21 08:37:12'),('section-003','course-001','Hooks and State Management',2,'Master React hooks including useState, useEffect, and custom hooks','2025-08-21 08:37:12','2025-08-21 08:37:12'),('section-004','course-002','Introduction to Machine Learning',0,'Basic concepts and types of machine learning algorithms','2025-08-21 08:37:12','2025-08-21 08:37:12'),('section-005','course-002','Data Preprocessing',1,'Cleaning and preparing data for machine learning models','2025-08-21 08:37:12','2025-08-21 08:37:12'),('section-006','course-003','React Native Setup',0,'Setting up development environment for React Native','2025-08-21 08:37:12','2025-08-21 08:37:12'),('section-007','course-003','Building Mobile UI',1,'Creating responsive mobile user interfaces','2025-08-21 08:37:12','2025-08-21 08:37:12'),('section-008','course-004','Introduction to Cybersecurity',0,'Understanding cybersecurity threats and defense strategies','2025-08-21 08:37:12','2025-08-21 08:37:12'),('section-009','course-004','Network Security',1,'Securing network infrastructure and communications','2025-08-21 08:37:12','2025-08-21 08:37:12'),('section-010','course-005','HTML and CSS Fundamentals',0,'Building the foundation of web development','2025-08-21 08:37:12','2025-08-21 08:37:12'),('section-011','course-005','Responsive Design',1,'Creating designs that work across all devices','2025-08-21 08:37:12','2025-08-21 08:37:12'),('section-011-01','course-011','AI Fundamentals',0,'Introduction to artificial intelligence concepts and history','2025-01-03 02:30:00','2025-01-03 02:30:00'),('section-011-02','course-011','Machine Learning Basics',1,'Understanding machine learning algorithms and applications','2025-01-03 02:31:00','2025-01-03 02:31:00'),('section-011-03','course-011','Neural Networks',2,'Deep dive into neural networks and deep learning','2025-01-03 02:32:00','2025-01-03 02:32:00'),('section-012','course-006','Introduction to DevOps',0,'Understanding DevOps culture and practices','2025-08-21 08:37:12','2025-08-21 08:37:12'),('section-012-01','course-012','Advanced Python Concepts',0,'Decorators, metaclasses, and advanced OOP','2025-01-05 03:30:00','2025-01-05 03:30:00'),('section-012-02','course-012','Asynchronous Programming',1,'Async/await, coroutines, and concurrent programming','2025-01-05 03:31:00','2025-01-05 03:31:00'),('section-013','course-006','Containerization with Docker',1,'Packaging applications with Docker containers','2025-08-21 08:37:12','2025-08-21 08:37:12'),('section-013-01','course-013','Vue.js 3 Fundamentals',0,'Getting started with Vue.js 3 and Composition API','2025-01-07 04:30:00','2025-01-07 04:30:00'),('section-013-02','course-013','State Management with Vuex',1,'Managing application state effectively','2025-01-07 04:31:00','2025-01-07 04:31:00'),('section-014','course-007','Python Programming Basics',0,'Python syntax and fundamental programming concepts','2025-08-21 08:37:12','2025-08-21 08:37:12'),('section-014-01','course-014','Docker Fundamentals',0,'Introduction to containerization with Docker','2025-01-09 01:15:00','2025-01-09 01:15:00'),('section-014-02','course-014','Kubernetes Orchestration',1,'Container orchestration and scaling','2025-01-09 01:16:00','2025-01-09 01:16:00'),('section-015','course-007','Data Analysis with Pandas',1,'Manipulating and analyzing data using Pandas library','2025-08-21 08:37:12','2025-08-21 08:37:12'),('section-015-01','course-015','Flutter Basics',0,'Getting started with Flutter and Dart','2025-01-11 07:45:00','2025-01-11 07:45:00'),('section-015-02','course-015','UI Development',1,'Building beautiful user interfaces','2025-01-11 07:46:00','2025-01-11 07:46:00'),('section-016','course-008','Database Design Principles',0,'Fundamentals of database design and normalization','2025-08-21 08:37:12','2025-08-21 08:37:12'),('section-017','course-009','Unity Basics',0,'Getting started with Unity game engine','2025-08-21 08:37:12','2025-08-21 08:37:12'),('section-018','course-009','2D Game Development',1,'Creating 2D games in Unity','2025-08-21 08:37:12','2025-08-21 08:37:12'),('section-019','course-010','Advanced JavaScript Concepts',0,'ES6+ features and advanced JavaScript patterns','2025-08-21 08:37:12','2025-08-21 08:37:12'),('section-020','course-010','Backend Development with Node.js',1,'Building server-side applications with Node.js','2025-08-21 08:37:12','2025-08-21 08:37:12');
/*!40000 ALTER TABLE `sections` ENABLE KEYS */;

--
-- Table structure for table `system_logs`
--

DROP TABLE IF EXISTS `system_logs`;
/*!40101 SET @saved_cs_client     = @@character_set_client */;
/*!50503 SET character_set_client = utf8mb4 */;
CREATE TABLE `system_logs` (
  `id` bigint NOT NULL AUTO_INCREMENT,
  `user_id` varchar(36) DEFAULT NULL,
  `action` enum('CREATE','UPDATE','DELETE') DEFAULT NULL,
  `entity_type` varchar(50) NOT NULL,
  `entity_id` varchar(36) DEFAULT NULL,
  `old_values` json DEFAULT NULL,
  `new_values` json DEFAULT NULL,
  `created_at` timestamp NULL DEFAULT CURRENT_TIMESTAMP,
  PRIMARY KEY (`id`),
  KEY `idx_logs_user` (`user_id`),
  KEY `idx_logs_action` (`action`),
  KEY `idx_logs_created` (`created_at`),
  KEY `idx_logs_entity` (`entity_type`,`entity_id`),
  CONSTRAINT `fk_logs_user` FOREIGN KEY (`user_id`) REFERENCES `users` (`id`) ON DELETE SET NULL
) ENGINE=InnoDB AUTO_INCREMENT=283 DEFAULT CHARSET=utf8mb4 COLLATE=utf8mb4_0900_ai_ci;
/*!40101 SET character_set_client = @saved_cs_client */;

--
-- Dumping data for table `system_logs`
--

/*!40000 ALTER TABLE `system_logs` DISABLE KEYS */;
INSERT INTO `system_logs` VALUES (1,'user-001','CREATE','categories','cat-001',NULL,'{\"name\": \"Web Development\", \"description\": \"Learn to build modern web applications\"}','2025-02-15 02:00:00'),(2,'user-003','CREATE','courses','course-001',NULL,'{\"level\": \"INTERMEDIATE\", \"price\": 99.99, \"title\": \"Complete React Development Course\"}','2025-01-15 09:45:00'),(3,'user-003','UPDATE','courses','course-001','{\"description\": \"Learn React basics\"}','{\"description\": \"Master React.js from fundamentals to advanced concepts\"}','2025-01-20 03:30:00'),(4,'user-003','CREATE','sections','section-001',NULL,'{\"title\": \"Introduction to React\", \"course_id\": \"course-001\"}','2025-02-17 01:30:00'),(5,'user-003','CREATE','lessons','lesson-001',NULL,'{\"type\": \"VIDEO\", \"title\": \"What is React?\", \"section_id\": \"section-001\"}','2025-01-10 07:20:00'),(6,'user-002','CREATE','reviews','review-001',NULL,'{\"rating\": 5, \"course_id\": \"course-001\", \"review_text\": \"Excellent course!\"}','2025-01-11 02:15:00'),(7,'user-006','UPDATE','lessons','lesson-003','{\"title\": \"React Native Basics\"}','{\"title\": \"React Native Components and Navigation\"}','2025-02-16 07:30:00'),(8,'user-001','CREATE','user_roles','role-003',NULL,'{\"role\": \"INSTRUCTOR\", \"user_id\": \"user-011\"}','2025-01-15 03:00:00'),(9,'user-002','UPDATE','users','user-002','{\"name\": \"Bob Smith\"}','{\"bio\": \"Passionate learner\", \"name\": \"Robert Smith\"}','2025-01-15 02:55:00'),(10,'user-005','DELETE','lessons','lesson-999','{\"type\": \"VIDEO\", \"title\": \"Draft Lesson\", \"section_id\": \"section-005\"}',NULL,'2025-02-14 09:45:00'),(11,'user-010','CREATE','video_contents','video-015',NULL,'{\"url\": \"https://res.cloudinary.com/ktc/video/ml-advanced.mp4\", \"duration\": 2400}','2025-01-18 09:30:00'),(12,'user-001','UPDATE','categories','cat-002','{\"description\": \"Basic mobile development\"}','{\"description\": \"Create native and cross-platform mobile applications for iOS and Android\"}','2025-02-01 02:15:00'),(13,'user-008','CREATE','quiz_questions','quiz-q-010',NULL,'{\"lesson_id\": \"lesson-004\", \"question_text\": \"What is a firewall?\"}','2025-02-05 06:40:00'),(14,'user-012','DELETE','reviews','review-008','{\"rating\": 3, \"course_id\": \"course-005\", \"review_text\": \"Average course\"}',NULL,'2025-01-22 02:00:00'),(15,'user-004','UPDATE','sections','section-008','{\"order_index\": 2}','{\"order_index\": 1}','2025-02-01 09:20:00'),(16,'user-001','CREATE','users','user-025',NULL,'{\"name\": \"New User\", \"role\": \"STUDENT\", \"email\": \"newuser@example.com\"}','2025-02-08 05:15:00'),(17,'user-003','CREATE','enrollments','enrollment-050',NULL,'{\"user_id\": \"user-014\", \"course_id\": \"course-001\", \"completion_status\": \"IN_PROGRESS\"}','2025-02-12 08:30:00'),(18,'user-005','DELETE','video_contents','video-old-001','{\"url\": \"https://old-cdn.com/outdated-video.mp4\", \"duration\": 1800}',NULL,'2025-02-01 01:00:00'),(19,'user-001','UPDATE','users','user-020','{\"is_active\": true}','{\"is_active\": false}','2025-02-15 04:30:00'),(20,'user-001','DELETE','refresh_tokens','token-expired-batch','{\"count\": 25, \"reason\": \"expired_cleanup\"}',NULL,'2025-02-09 19:00:00'),(21,'user-007','UPDATE','courses','course-008','{\"thumbnail_url\": \"https://old-images.com/thumb1.jpg\"}','{\"thumbnail_url\": \"https://images.unsplash.com/photo-1544383835-bda2bc66a55d?w=800\"}','2025-02-09 21:30:00'),(22,'user-002','CREATE','PAYMENT','f6dcd34e-354b-406e-bd49-dab7268bf9ff',NULL,'{\"id\": \"f6dcd34e-354b-406e-bd49-dab7268bf9ff\", \"user\": {\"id\": \"user-002\", \"name\": \"Bob\", \"email\": \"bob@example.com\"}, \"amount\": 199.99, \"course\": {\"id\": \"course-014\", \"price\": 199.99, \"title\": \"DevOps and Docker Containerization\", \"instructorId\": \"user-006\", \"instructorName\": \"Fiona Davis\"}, \"paidAt\": null, \"status\": \"PENDING\", \"userId\": \"user-002\", \"courseId\": \"course-014\", \"createdAt\": null, \"sessionId\": null, \"updatedAt\": null, \"paymentMethod\": \"stripe\"}','2025-08-21 08:42:06'),(23,'user-002','UPDATE','PAYMENT','f6dcd34e-354b-406e-bd49-dab7268bf9ff','{\"id\": \"f6dcd34e-354b-406e-bd49-dab7268bf9ff\", \"user\": {\"id\": \"user-002\", \"name\": \"Bob\", \"email\": \"bob@example.com\"}, \"amount\": 199.99, \"course\": {\"id\": \"course-014\", \"price\": 199.99, \"title\": \"DevOps and Docker Containerization\", \"instructorId\": \"user-006\", \"instructorName\": \"Fiona Davis\"}, \"paidAt\": null, \"status\": \"PENDING\", \"userId\": \"user-002\", \"courseId\": \"course-014\", \"createdAt\": \"2025-08-21T15:42:06.385589\", \"sessionId\": null, \"updatedAt\": \"2025-08-21T15:42:06.385589\", \"paymentMethod\": \"stripe\"}','{\"id\": \"f6dcd34e-354b-406e-bd49-dab7268bf9ff\", \"user\": {\"id\": \"user-002\", \"name\": \"Bob\", \"email\": \"bob@example.com\"}, \"amount\": 199.99, \"course\": {\"id\": \"course-014\", \"price\": 199.99, \"title\": \"DevOps and Docker Containerization\", \"instructorId\": \"user-006\", \"instructorName\": \"Fiona Davis\"}, \"paidAt\": null, \"status\": \"PENDING\", \"userId\": \"user-002\", \"courseId\": \"course-014\", \"createdAt\": \"2025-08-21T15:42:06.385589\", \"sessionId\": \"cs_test_a1AyZmnHpdge2r9AiLSTEPLeVqd8ph1m5ZsQA99zijkyNpe39O5fXfUK4o\", \"updatedAt\": \"2025-08-21T15:42:06.385589\", \"paymentMethod\": \"stripe\"}','2025-08-21 08:42:07'),(24,'SYSTEM','UPDATE','PAYMENT','f6dcd34e-354b-406e-bd49-dab7268bf9ff','{\"id\": \"f6dcd34e-354b-406e-bd49-dab7268bf9ff\", \"user\": {\"id\": \"user-002\", \"name\": \"Bob\", \"email\": \"bob@example.com\"}, \"amount\": 199.99, \"course\": {\"id\": \"course-014\", \"price\": 199.99, \"title\": \"DevOps and Docker Containerization\", \"instructorId\": \"user-006\", \"instructorName\": \"Fiona Davis\"}, \"paidAt\": null, \"status\": \"PENDING\", \"userId\": \"user-002\", \"courseId\": \"course-014\", \"createdAt\": \"2025-08-21T15:42:06\", \"sessionId\": \"cs_test_a1AyZmnHpdge2r9AiLSTEPLeVqd8ph1m5ZsQA99zijkyNpe39O5fXfUK4o\", \"updatedAt\": \"2025-08-21T15:42:07\", \"paymentMethod\": \"stripe\"}','{\"id\": \"f6dcd34e-354b-406e-bd49-dab7268bf9ff\", \"user\": {\"id\": \"user-002\", \"name\": \"Bob\", \"email\": \"bob@example.com\"}, \"amount\": 199.99, \"course\": {\"id\": \"course-014\", \"price\": 199.99, \"title\": \"DevOps and Docker Containerization\", \"instructorId\": \"user-006\", \"instructorName\": \"Fiona Davis\"}, \"paidAt\": \"2025-08-21T15:42:14.1336236\", \"status\": \"COMPLETED\", \"userId\": \"user-002\", \"courseId\": \"course-014\", \"createdAt\": \"2025-08-21T15:42:06\", \"sessionId\": \"cs_test_a1AyZmnHpdge2r9AiLSTEPLeVqd8ph1m5ZsQA99zijkyNpe39O5fXfUK4o\", \"updatedAt\": \"2025-08-21T15:42:07\", \"paymentMethod\": \"stripe\"}','2025-08-21 08:42:14'),(25,'user-001','UPDATE','PAYMENT','payment-017','{\"id\": \"payment-017\", \"user\": {\"id\": \"user-011\", \"name\": \"Kevin Lee\", \"email\": \"kevin@example.com\"}, \"amount\": 179.99, \"course\": {\"id\": \"course-006\", \"price\": 249.99, \"title\": \"Full Stack Web Development\", \"instructorId\": \"user-003\", \"instructorName\": \"Charlie\"}, \"paidAt\": \"2025-08-22T16:50:21.6658644\", \"status\": \"COMPLETED\", \"userId\": \"user-011\", \"courseId\": \"course-006\", \"createdAt\": \"2025-02-15T14:30:00\", \"sessionId\": \"cs_test_pending_001\", \"updatedAt\": \"2025-08-21T15:37:17\", \"paymentMethod\": \"stripe\"}','{\"id\": \"payment-017\", \"user\": {\"id\": \"user-011\", \"name\": \"Kevin Lee\", \"email\": \"kevin@example.com\"}, \"amount\": 179.99, \"course\": {\"id\": \"course-006\", \"price\": 249.99, \"title\": \"Full Stack Web Development\", \"instructorId\": \"user-003\", \"instructorName\": \"Charlie\"}, \"paidAt\": \"2025-08-22T16:50:21.6658644\", \"status\": \"COMPLETED\", \"userId\": \"user-011\", \"courseId\": \"course-006\", \"createdAt\": \"2025-02-15T14:30:00\", \"sessionId\": \"cs_test_pending_001\", \"updatedAt\": \"2025-08-21T15:37:17\", \"paymentMethod\": \"stripe\"}','2025-08-22 09:50:23'),(26,'user-002','CREATE','PAYMENT','e8f53dba-fb0e-4b3c-b683-c0cdc4f2eff5',NULL,'{\"id\": \"e8f53dba-fb0e-4b3c-b683-c0cdc4f2eff5\", \"user\": {\"id\": \"user-002\", \"name\": \"Bob\", \"email\": \"bob@example.com\"}, \"amount\": 169.99, \"course\": {\"id\": \"course-015\", \"price\": 169.99, \"title\": \"Flutter Mobile App Development\", \"instructorId\": \"user-007\", \"instructorName\": \"George Wilson\"}, \"paidAt\": null, \"status\": \"PENDING\", \"userId\": \"user-002\", \"courseId\": \"course-015\", \"createdAt\": null, \"sessionId\": null, \"updatedAt\": null, \"paymentMethod\": \"stripe\"}','2025-08-22 09:56:02'),(27,'user-002','UPDATE','PAYMENT','e8f53dba-fb0e-4b3c-b683-c0cdc4f2eff5','{\"id\": \"e8f53dba-fb0e-4b3c-b683-c0cdc4f2eff5\", \"user\": {\"id\": \"user-002\", \"name\": \"Bob\", \"email\": \"bob@example.com\"}, \"amount\": 169.99, \"course\": {\"id\": \"course-015\", \"price\": 169.99, \"title\": \"Flutter Mobile App Development\", \"instructorId\": \"user-007\", \"instructorName\": \"George Wilson\"}, \"paidAt\": null, \"status\": \"PENDING\", \"userId\": \"user-002\", \"courseId\": \"course-015\", \"createdAt\": \"2025-08-22T16:56:02.359589\", \"sessionId\": null, \"updatedAt\": \"2025-08-22T16:56:02.359589\", \"paymentMethod\": \"stripe\"}','{\"id\": \"e8f53dba-fb0e-4b3c-b683-c0cdc4f2eff5\", \"user\": {\"id\": \"user-002\", \"name\": \"Bob\", \"email\": \"bob@example.com\"}, \"amount\": 169.99, \"course\": {\"id\": \"course-015\", \"price\": 169.99, \"title\": \"Flutter Mobile App Development\", \"instructorId\": \"user-007\", \"instructorName\": \"George Wilson\"}, \"paidAt\": null, \"status\": \"PENDING\", \"userId\": \"user-002\", \"courseId\": \"course-015\", \"createdAt\": \"2025-08-22T16:56:02.359589\", \"sessionId\": \"cs_test_a1chRdggpWKyuvnkxejuhPwrIVOFEEnwOVBp5lLiMmSrJES62fxGPUls9m\", \"updatedAt\": \"2025-08-22T16:56:02.359589\", \"paymentMethod\": \"stripe\"}','2025-08-22 09:56:03'),(28,'SYSTEM','UPDATE','PAYMENT','e8f53dba-fb0e-4b3c-b683-c0cdc4f2eff5','{\"id\": \"e8f53dba-fb0e-4b3c-b683-c0cdc4f2eff5\", \"user\": {\"id\": \"user-002\", \"name\": \"Bob\", \"email\": \"bob@example.com\"}, \"amount\": 169.99, \"course\": {\"id\": \"course-015\", \"price\": 169.99, \"title\": \"Flutter Mobile App Development\", \"instructorId\": \"user-007\", \"instructorName\": \"George Wilson\"}, \"paidAt\": null, \"status\": \"PENDING\", \"userId\": \"user-002\", \"courseId\": \"course-015\", \"createdAt\": \"2025-08-22T16:56:02\", \"sessionId\": \"cs_test_a1chRdggpWKyuvnkxejuhPwrIVOFEEnwOVBp5lLiMmSrJES62fxGPUls9m\", \"updatedAt\": \"2025-08-22T16:56:03\", \"paymentMethod\": \"stripe\"}','{\"id\": \"e8f53dba-fb0e-4b3c-b683-c0cdc4f2eff5\", \"user\": {\"id\": \"user-002\", \"name\": \"Bob\", \"email\": \"bob@example.com\"}, \"amount\": 169.99, \"course\": {\"id\": \"course-015\", \"price\": 169.99, \"title\": \"Flutter Mobile App Development\", \"instructorId\": \"user-007\", \"instructorName\": \"George Wilson\"}, \"paidAt\": \"2025-08-22T16:56:11.4946534\", \"status\": \"COMPLETED\", \"userId\": \"user-002\", \"courseId\": \"course-015\", \"createdAt\": \"2025-08-22T16:56:02\", \"sessionId\": \"cs_test_a1chRdggpWKyuvnkxejuhPwrIVOFEEnwOVBp5lLiMmSrJES62fxGPUls9m\", \"updatedAt\": \"2025-08-22T16:56:03\", \"paymentMethod\": \"stripe\"}','2025-08-22 09:56:12'),(29,'user-002','CREATE','PAYMENT','1bc9f889-5d4d-4a0d-8795-2b06638de028',NULL,'{\"id\": \"1bc9f889-5d4d-4a0d-8795-2b06638de028\", \"user\": {\"id\": \"user-002\", \"name\": \"Bob\", \"email\": \"bob@example.com\"}, \"amount\": 129.99, \"course\": {\"id\": \"course-013\", \"price\": 129.99, \"title\": \"Complete Vue.js Web Development\", \"instructorId\": \"user-005\", \"instructorName\": \"Edward Chen\"}, \"paidAt\": null, \"status\": \"PENDING\", \"userId\": \"user-002\", \"courseId\": \"course-013\", \"createdAt\": null, \"sessionId\": null, \"updatedAt\": null, \"paymentMethod\": \"stripe\"}','2025-08-22 09:56:29'),(30,'user-002','UPDATE','PAYMENT','1bc9f889-5d4d-4a0d-8795-2b06638de028','{\"id\": \"1bc9f889-5d4d-4a0d-8795-2b06638de028\", \"user\": {\"id\": \"user-002\", \"name\": \"Bob\", \"email\": \"bob@example.com\"}, \"amount\": 129.99, \"course\": {\"id\": \"course-013\", \"price\": 129.99, \"title\": \"Complete Vue.js Web Development\", \"instructorId\": \"user-005\", \"instructorName\": \"Edward Chen\"}, \"paidAt\": null, \"status\": \"PENDING\", \"userId\": \"user-002\", \"courseId\": \"course-013\", \"createdAt\": \"2025-08-22T16:56:28.496511\", \"sessionId\": null, \"updatedAt\": \"2025-08-22T16:56:28.496511\", \"paymentMethod\": \"stripe\"}','{\"id\": \"1bc9f889-5d4d-4a0d-8795-2b06638de028\", \"user\": {\"id\": \"user-002\", \"name\": \"Bob\", \"email\": \"bob@example.com\"}, \"amount\": 129.99, \"course\": {\"id\": \"course-013\", \"price\": 129.99, \"title\": \"Complete Vue.js Web Development\", \"instructorId\": \"user-005\", \"instructorName\": \"Edward Chen\"}, \"paidAt\": null, \"status\": \"PENDING\", \"userId\": \"user-002\", \"courseId\": \"course-013\", \"createdAt\": \"2025-08-22T16:56:28.496511\", \"sessionId\": \"cs_test_a13htSfUzoJZQ7Aui2fYHfRJBFphK3id5v1urYE2EtTEhBhXswnkYd2BEX\", \"updatedAt\": \"2025-08-22T16:56:28.496511\", \"paymentMethod\": \"stripe\"}','2025-08-22 09:56:29'),(31,'SYSTEM','UPDATE','PAYMENT','1bc9f889-5d4d-4a0d-8795-2b06638de028','{\"id\": \"1bc9f889-5d4d-4a0d-8795-2b06638de028\", \"user\": {\"id\": \"user-002\", \"name\": \"Bob\", \"email\": \"bob@example.com\"}, \"amount\": 129.99, \"course\": {\"id\": \"course-013\", \"price\": 129.99, \"title\": \"Complete Vue.js Web Development\", \"instructorId\": \"user-005\", \"instructorName\": \"Edward Chen\"}, \"paidAt\": null, \"status\": \"PENDING\", \"userId\": \"user-002\", \"courseId\": \"course-013\", \"createdAt\": \"2025-08-22T16:56:28\", \"sessionId\": \"cs_test_a13htSfUzoJZQ7Aui2fYHfRJBFphK3id5v1urYE2EtTEhBhXswnkYd2BEX\", \"updatedAt\": \"2025-08-22T16:56:29\", \"paymentMethod\": \"stripe\"}','{\"id\": \"1bc9f889-5d4d-4a0d-8795-2b06638de028\", \"user\": {\"id\": \"user-002\", \"name\": \"Bob\", \"email\": \"bob@example.com\"}, \"amount\": 129.99, \"course\": {\"id\": \"course-013\", \"price\": 129.99, \"title\": \"Complete Vue.js Web Development\", \"instructorId\": \"user-005\", \"instructorName\": \"Edward Chen\"}, \"paidAt\": \"2025-08-22T16:56:36.2709499\", \"status\": \"COMPLETED\", \"userId\": \"user-002\", \"courseId\": \"course-013\", \"createdAt\": \"2025-08-22T16:56:28\", \"sessionId\": \"cs_test_a13htSfUzoJZQ7Aui2fYHfRJBFphK3id5v1urYE2EtTEhBhXswnkYd2BEX\", \"updatedAt\": \"2025-08-22T16:56:29\", \"paymentMethod\": \"stripe\"}','2025-08-22 09:56:36'),(32,'user-002','CREATE','PAYMENT','c8c9d4f5-7af0-4d67-aaea-68af8065c414',NULL,'{\"id\": \"c8c9d4f5-7af0-4d67-aaea-68af8065c414\", \"user\": {\"id\": \"user-002\", \"name\": \"Bob\", \"email\": \"bob@example.com\"}, \"amount\": 189.99, \"course\": {\"id\": \"course-009\", \"price\": 189.99, \"title\": \"DevOps and CI/CD Pipeline\", \"instructorId\": \"user-004\", \"instructorName\": \"Diana Roberts\"}, \"paidAt\": null, \"status\": \"PENDING\", \"userId\": \"user-002\", \"courseId\": \"course-009\", \"createdAt\": null, \"sessionId\": null, \"updatedAt\": null, \"paymentMethod\": \"stripe\"}','2025-08-22 09:56:46'),(33,'user-002','UPDATE','PAYMENT','c8c9d4f5-7af0-4d67-aaea-68af8065c414','{\"id\": \"c8c9d4f5-7af0-4d67-aaea-68af8065c414\", \"user\": {\"id\": \"user-002\", \"name\": \"Bob\", \"email\": \"bob@example.com\"}, \"amount\": 189.99, \"course\": {\"id\": \"course-009\", \"price\": 189.99, \"title\": \"DevOps and CI/CD Pipeline\", \"instructorId\": \"user-004\", \"instructorName\": \"Diana Roberts\"}, \"paidAt\": null, \"status\": \"PENDING\", \"userId\": \"user-002\", \"courseId\": \"course-009\", \"createdAt\": \"2025-08-22T16:56:46.47844\", \"sessionId\": null, \"updatedAt\": \"2025-08-22T16:56:46.47844\", \"paymentMethod\": \"stripe\"}','{\"id\": \"c8c9d4f5-7af0-4d67-aaea-68af8065c414\", \"user\": {\"id\": \"user-002\", \"name\": \"Bob\", \"email\": \"bob@example.com\"}, \"amount\": 189.99, \"course\": {\"id\": \"course-009\", \"price\": 189.99, \"title\": \"DevOps and CI/CD Pipeline\", \"instructorId\": \"user-004\", \"instructorName\": \"Diana Roberts\"}, \"paidAt\": null, \"status\": \"PENDING\", \"userId\": \"user-002\", \"courseId\": \"course-009\", \"createdAt\": \"2025-08-22T16:56:46.47844\", \"sessionId\": \"cs_test_a148ZQZaxg47p0CUK6YjIb7xXpvDC4FKNA5E87KdtzmqJfmoGLjnT7TCZv\", \"updatedAt\": \"2025-08-22T16:56:46.47844\", \"paymentMethod\": \"stripe\"}','2025-08-22 09:56:47'),(34,'SYSTEM','UPDATE','PAYMENT','c8c9d4f5-7af0-4d67-aaea-68af8065c414','{\"id\": \"c8c9d4f5-7af0-4d67-aaea-68af8065c414\", \"user\": {\"id\": \"user-002\", \"name\": \"Bob\", \"email\": \"bob@example.com\"}, \"amount\": 189.99, \"course\": {\"id\": \"course-009\", \"price\": 189.99, \"title\": \"DevOps and CI/CD Pipeline\", \"instructorId\": \"user-004\", \"instructorName\": \"Diana Roberts\"}, \"paidAt\": null, \"status\": \"PENDING\", \"userId\": \"user-002\", \"courseId\": \"course-009\", \"createdAt\": \"2025-08-22T16:56:46\", \"sessionId\": \"cs_test_a148ZQZaxg47p0CUK6YjIb7xXpvDC4FKNA5E87KdtzmqJfmoGLjnT7TCZv\", \"updatedAt\": \"2025-08-22T16:56:47\", \"paymentMethod\": \"stripe\"}','{\"id\": \"c8c9d4f5-7af0-4d67-aaea-68af8065c414\", \"user\": {\"id\": \"user-002\", \"name\": \"Bob\", \"email\": \"bob@example.com\"}, \"amount\": 189.99, \"course\": {\"id\": \"course-009\", \"price\": 189.99, \"title\": \"DevOps and CI/CD Pipeline\", \"instructorId\": \"user-004\", \"instructorName\": \"Diana Roberts\"}, \"paidAt\": \"2025-08-22T16:56:54.1925708\", \"status\": \"COMPLETED\", \"userId\": \"user-002\", \"courseId\": \"course-009\", \"createdAt\": \"2025-08-22T16:56:46\", \"sessionId\": \"cs_test_a148ZQZaxg47p0CUK6YjIb7xXpvDC4FKNA5E87KdtzmqJfmoGLjnT7TCZv\", \"updatedAt\": \"2025-08-22T16:56:47\", \"paymentMethod\": \"stripe\"}','2025-08-22 09:56:54'),(35,'user-002','CREATE','PAYMENT','c2674a5e-df48-42a0-adb4-2cd322ef87c9',NULL,'{\"id\": \"c2674a5e-df48-42a0-adb4-2cd322ef87c9\", \"user\": {\"id\": \"user-002\", \"name\": \"Bob\", \"email\": \"bob@example.com\"}, \"amount\": 139.99, \"course\": {\"id\": \"course-008\", \"price\": 139.99, \"title\": \"Database Design and Optimization\", \"instructorId\": \"user-007\", \"instructorName\": \"George Wilson\"}, \"paidAt\": null, \"status\": \"PENDING\", \"userId\": \"user-002\", \"courseId\": \"course-008\", \"createdAt\": null, \"sessionId\": null, \"updatedAt\": null, \"paymentMethod\": \"stripe\"}','2025-08-22 09:57:08'),(36,'user-002','UPDATE','PAYMENT','c2674a5e-df48-42a0-adb4-2cd322ef87c9','{\"id\": \"c2674a5e-df48-42a0-adb4-2cd322ef87c9\", \"user\": {\"id\": \"user-002\", \"name\": \"Bob\", \"email\": \"bob@example.com\"}, \"amount\": 139.99, \"course\": {\"id\": \"course-008\", \"price\": 139.99, \"title\": \"Database Design and Optimization\", \"instructorId\": \"user-007\", \"instructorName\": \"George Wilson\"}, \"paidAt\": null, \"status\": \"PENDING\", \"userId\": \"user-002\", \"courseId\": \"course-008\", \"createdAt\": \"2025-08-22T16:57:08.325769\", \"sessionId\": null, \"updatedAt\": \"2025-08-22T16:57:08.325769\", \"paymentMethod\": \"stripe\"}','{\"id\": \"c2674a5e-df48-42a0-adb4-2cd322ef87c9\", \"user\": {\"id\": \"user-002\", \"name\": \"Bob\", \"email\": \"bob@example.com\"}, \"amount\": 139.99, \"course\": {\"id\": \"course-008\", \"price\": 139.99, \"title\": \"Database Design and Optimization\", \"instructorId\": \"user-007\", \"instructorName\": \"George Wilson\"}, \"paidAt\": null, \"status\": \"PENDING\", \"userId\": \"user-002\", \"courseId\": \"course-008\", \"createdAt\": \"2025-08-22T16:57:08.325769\", \"sessionId\": \"cs_test_a1ZufbieIhGQxDPg7xPTRstnz4ZfMDkMQeRBSwrzu7BV84vRyIyhC3UjXq\", \"updatedAt\": \"2025-08-22T16:57:08.325769\", \"paymentMethod\": \"stripe\"}','2025-08-22 09:57:09'),(37,'SYSTEM','UPDATE','PAYMENT','c2674a5e-df48-42a0-adb4-2cd322ef87c9','{\"id\": \"c2674a5e-df48-42a0-adb4-2cd322ef87c9\", \"user\": {\"id\": \"user-002\", \"name\": \"Bob\", \"email\": \"bob@example.com\"}, \"amount\": 139.99, \"course\": {\"id\": \"course-008\", \"price\": 139.99, \"title\": \"Database Design and Optimization\", \"instructorId\": \"user-007\", \"instructorName\": \"George Wilson\"}, \"paidAt\": null, \"status\": \"PENDING\", \"userId\": \"user-002\", \"courseId\": \"course-008\", \"createdAt\": \"2025-08-22T16:57:08\", \"sessionId\": \"cs_test_a1ZufbieIhGQxDPg7xPTRstnz4ZfMDkMQeRBSwrzu7BV84vRyIyhC3UjXq\", \"updatedAt\": \"2025-08-22T16:57:09\", \"paymentMethod\": \"stripe\"}','{\"id\": \"c2674a5e-df48-42a0-adb4-2cd322ef87c9\", \"user\": {\"id\": \"user-002\", \"name\": \"Bob\", \"email\": \"bob@example.com\"}, \"amount\": 139.99, \"course\": {\"id\": \"course-008\", \"price\": 139.99, \"title\": \"Database Design and Optimization\", \"instructorId\": \"user-007\", \"instructorName\": \"George Wilson\"}, \"paidAt\": \"2025-08-22T16:57:15.65525\", \"status\": \"COMPLETED\", \"userId\": \"user-002\", \"courseId\": \"course-008\", \"createdAt\": \"2025-08-22T16:57:08\", \"sessionId\": \"cs_test_a1ZufbieIhGQxDPg7xPTRstnz4ZfMDkMQeRBSwrzu7BV84vRyIyhC3UjXq\", \"updatedAt\": \"2025-08-22T16:57:09\", \"paymentMethod\": \"stripe\"}','2025-08-22 09:57:16'),(38,'user-003','CREATE','Course','f7c8da66-bc3e-4088-8c1c-b20387bfd3bc',NULL,'{\"id\": \"f7c8da66-bc3e-4088-8c1c-b20387bfd3bc\", \"level\": \"ADVANCED\", \"price\": 36, \"title\": \"Ma may ten la Ngoc\", \"createdAt\": \"2025-08-23T20:06:00.592491\", \"isDeleted\": false, \"updatedAt\": \"2025-08-23T20:06:00.627491\", \"isApproved\": false, \"categoryIds\": [\"cat-007\", \"cat-005\", \"cat-003\"], \"description\": \"ong gia may ten la Tuan Anh\", \"isPublished\": false, \"thumbnailId\": \"course-management/wall_1755954356655_68978329.png\", \"instructorId\": \"user-003\", \"thumbnailUrl\": \"https://res.cloudinary.com/dd4znnno1/image/upload/v1755954359/course-management/wall_1755954356655_68978329.png.png\", \"categoryNames\": [\"Cloud Computing\", \"Cybersecurity\", \"Data Science\"], \"instructorName\": \"Charlie\"}','2025-08-23 13:06:01'),(39,'user-003','CREATE','Section','e14b30f0-5d9a-43f7-9585-2741df8186de',NULL,'{\"id\": \"e14b30f0-5d9a-43f7-9585-2741df8186de\", \"title\": \"Thanh Hoa\", \"courseId\": \"f7c8da66-bc3e-4088-8c1c-b20387bfd3bc\", \"createdAt\": \"2025-08-23T21:53:37.309503\", \"updatedAt\": \"2025-08-23T21:53:37.309503\", \"orderIndex\": 0, \"courseTitle\": \"Ma may ten la Ngoc\", \"description\": \"rau ma duong tau\", \"lessonCount\": 0}','2025-08-23 14:53:38'),(40,'user-003','CREATE','Lesson','e32f4055-8ec1-432d-b760-8d3f6c1bdce3',NULL,'{\"id\": \"e32f4055-8ec1-432d-b760-8d3f6c1bdce3\", \"type\": \"VIDEO\", \"title\": \"Set up React Environment 3636\", \"courseId\": \"f7c8da66-bc3e-4088-8c1c-b20387bfd3bc\", \"createdAt\": null, \"sectionId\": \"e14b30f0-5d9a-43f7-9585-2741df8186de\", \"updatedAt\": null, \"orderIndex\": 0, \"courseTitle\": \"Ma may ten la Ngoc\", \"sectionTitle\": \"Thanh Hoa\", \"videoContent\": {\"id\": \"c2d9d101-c96e-4894-a21e-9f9e558cfcac\", \"url\": \"https://res.cloudinary.com/dd4znnno1/video/upload/v1755960822/course-videos/Daily_korean_-_Tomorrow_is_Monday___dailykorean__korean__kpop__fyp__viral_1755960818895_2eeb9589.mp4.mp4\", \"duration\": 8, \"createdAt\": \"2025-08-23T21:53:50.1226957\", \"uploadedBy\": \"user-003\"}}','2025-08-23 14:53:50'),(41,'9e7cef07-1c10-46c8-b3dc-7886851df800','CREATE','PAYMENT','7e11d31c-992b-43d8-bee0-088b58227b47',NULL,'{\"id\": \"7e11d31c-992b-43d8-bee0-088b58227b47\", \"user\": {\"id\": \"9e7cef07-1c10-46c8-b3dc-7886851df800\", \"name\": \"Huy Lê Thừa Quốc\", \"email\": \"quochuy.9052@gmail.com\"}, \"amount\": 169.99, \"course\": {\"id\": \"course-015\", \"price\": 169.99, \"title\": \"Flutter Mobile App Development\", \"instructorId\": \"user-007\", \"instructorName\": \"George Wilson\"}, \"paidAt\": null, \"status\": \"PENDING\", \"userId\": \"9e7cef07-1c10-46c8-b3dc-7886851df800\", \"courseId\": \"course-015\", \"createdAt\": null, \"sessionId\": null, \"updatedAt\": null, \"paymentMethod\": \"stripe\"}','2025-08-24 11:51:25'),(42,'9e7cef07-1c10-46c8-b3dc-7886851df800','UPDATE','PAYMENT','7e11d31c-992b-43d8-bee0-088b58227b47','{\"id\": \"7e11d31c-992b-43d8-bee0-088b58227b47\", \"user\": {\"id\": \"9e7cef07-1c10-46c8-b3dc-7886851df800\", \"name\": \"Huy Lê Thừa Quốc\", \"email\": \"quochuy.9052@gmail.com\"}, \"amount\": 169.99, \"course\": {\"id\": \"course-015\", \"price\": 169.99, \"title\": \"Flutter Mobile App Development\", \"instructorId\": \"user-007\", \"instructorName\": \"George Wilson\"}, \"paidAt\": null, \"status\": \"PENDING\", \"userId\": \"9e7cef07-1c10-46c8-b3dc-7886851df800\", \"courseId\": \"course-015\", \"createdAt\": \"2025-08-24T18:51:25.238287\", \"sessionId\": null, \"updatedAt\": \"2025-08-24T18:51:25.238287\", \"paymentMethod\": \"stripe\"}','{\"id\": \"7e11d31c-992b-43d8-bee0-088b58227b47\", \"user\": {\"id\": \"9e7cef07-1c10-46c8-b3dc-7886851df800\", \"name\": \"Huy Lê Thừa Quốc\", \"email\": \"quochuy.9052@gmail.com\"}, \"amount\": 169.99, \"course\": {\"id\": \"course-015\", \"price\": 169.99, \"title\": \"Flutter Mobile App Development\", \"instructorId\": \"user-007\", \"instructorName\": \"George Wilson\"}, \"paidAt\": null, \"status\": \"PENDING\", \"userId\": \"9e7cef07-1c10-46c8-b3dc-7886851df800\", \"courseId\": \"course-015\", \"createdAt\": \"2025-08-24T18:51:25.238287\", \"sessionId\": \"cs_test_a1g837Dyv2DkLVB1id3yrz5BoLOLYukRmWuAdfuUG7iiGL0vHFIvyLBrFV\", \"updatedAt\": \"2025-08-24T18:51:25.238287\", \"paymentMethod\": \"stripe\"}','2025-08-24 11:51:26'),(43,'SYSTEM','UPDATE','PAYMENT','7e11d31c-992b-43d8-bee0-088b58227b47','{\"id\": \"7e11d31c-992b-43d8-bee0-088b58227b47\", \"user\": {\"id\": \"9e7cef07-1c10-46c8-b3dc-7886851df800\", \"name\": \"Huy Lê Thừa Quốc\", \"email\": \"quochuy.9052@gmail.com\"}, \"amount\": 169.99, \"course\": {\"id\": \"course-015\", \"price\": 169.99, \"title\": \"Flutter Mobile App Development\", \"instructorId\": \"user-007\", \"instructorName\": \"George Wilson\"}, \"paidAt\": null, \"status\": \"PENDING\", \"userId\": \"9e7cef07-1c10-46c8-b3dc-7886851df800\", \"courseId\": \"course-015\", \"createdAt\": \"2025-08-24T18:51:25\", \"sessionId\": \"cs_test_a1g837Dyv2DkLVB1id3yrz5BoLOLYukRmWuAdfuUG7iiGL0vHFIvyLBrFV\", \"updatedAt\": \"2025-08-24T18:51:26\", \"paymentMethod\": \"stripe\"}','{\"id\": \"7e11d31c-992b-43d8-bee0-088b58227b47\", \"user\": {\"id\": \"9e7cef07-1c10-46c8-b3dc-7886851df800\", \"name\": \"Huy Lê Thừa Quốc\", \"email\": \"quochuy.9052@gmail.com\"}, \"amount\": 169.99, \"course\": {\"id\": \"course-015\", \"price\": 169.99, \"title\": \"Flutter Mobile App Development\", \"instructorId\": \"user-007\", \"instructorName\": \"George Wilson\"}, \"paidAt\": \"2025-08-24T18:51:43.1719452\", \"status\": \"COMPLETED\", \"userId\": \"9e7cef07-1c10-46c8-b3dc-7886851df800\", \"courseId\": \"course-015\", \"createdAt\": \"2025-08-24T18:51:25\", \"sessionId\": \"cs_test_a1g837Dyv2DkLVB1id3yrz5BoLOLYukRmWuAdfuUG7iiGL0vHFIvyLBrFV\", \"updatedAt\": \"2025-08-24T18:51:26\", \"paymentMethod\": \"stripe\"}','2025-08-24 11:51:43'),(44,'9e7cef07-1c10-46c8-b3dc-7886851df800','CREATE','PAYMENT','5456a9ac-3f38-44a7-a099-a6a2ddae9cc3',NULL,'{\"id\": \"5456a9ac-3f38-44a7-a099-a6a2ddae9cc3\", \"user\": {\"id\": \"9e7cef07-1c10-46c8-b3dc-7886851df800\", \"name\": \"Huy Lê Thừa Quốc\", \"email\": \"quochuy.9052@gmail.com\"}, \"amount\": 199.99, \"course\": {\"id\": \"course-014\", \"price\": 199.99, \"title\": \"DevOps and Docker Containerization\", \"instructorId\": \"user-006\", \"instructorName\": \"Fiona Davis\"}, \"paidAt\": null, \"status\": \"PENDING\", \"userId\": \"9e7cef07-1c10-46c8-b3dc-7886851df800\", \"courseId\": \"course-014\", \"createdAt\": null, \"sessionId\": null, \"updatedAt\": null, \"paymentMethod\": \"stripe\"}','2025-08-24 11:51:54'),(45,'9e7cef07-1c10-46c8-b3dc-7886851df800','UPDATE','PAYMENT','5456a9ac-3f38-44a7-a099-a6a2ddae9cc3','{\"id\": \"5456a9ac-3f38-44a7-a099-a6a2ddae9cc3\", \"user\": {\"id\": \"9e7cef07-1c10-46c8-b3dc-7886851df800\", \"name\": \"Huy Lê Thừa Quốc\", \"email\": \"quochuy.9052@gmail.com\"}, \"amount\": 199.99, \"course\": {\"id\": \"course-014\", \"price\": 199.99, \"title\": \"DevOps and Docker Containerization\", \"instructorId\": \"user-006\", \"instructorName\": \"Fiona Davis\"}, \"paidAt\": null, \"status\": \"PENDING\", \"userId\": \"9e7cef07-1c10-46c8-b3dc-7886851df800\", \"courseId\": \"course-014\", \"createdAt\": \"2025-08-24T18:51:53.847726\", \"sessionId\": null, \"updatedAt\": \"2025-08-24T18:51:53.847726\", \"paymentMethod\": \"stripe\"}','{\"id\": \"5456a9ac-3f38-44a7-a099-a6a2ddae9cc3\", \"user\": {\"id\": \"9e7cef07-1c10-46c8-b3dc-7886851df800\", \"name\": \"Huy Lê Thừa Quốc\", \"email\": \"quochuy.9052@gmail.com\"}, \"amount\": 199.99, \"course\": {\"id\": \"course-014\", \"price\": 199.99, \"title\": \"DevOps and Docker Containerization\", \"instructorId\": \"user-006\", \"instructorName\": \"Fiona Davis\"}, \"paidAt\": null, \"status\": \"PENDING\", \"userId\": \"9e7cef07-1c10-46c8-b3dc-7886851df800\", \"courseId\": \"course-014\", \"createdAt\": \"2025-08-24T18:51:53.847726\", \"sessionId\": \"cs_test_a1gmjIIjueTs1v6aReXdljy8pbsNpeaJDYAjf7dbZB4xzoHUO2q2B2eZWg\", \"updatedAt\": \"2025-08-24T18:51:53.847726\", \"paymentMethod\": \"stripe\"}','2025-08-24 11:51:55'),(46,'SYSTEM','UPDATE','PAYMENT','5456a9ac-3f38-44a7-a099-a6a2ddae9cc3','{\"id\": \"5456a9ac-3f38-44a7-a099-a6a2ddae9cc3\", \"user\": {\"id\": \"9e7cef07-1c10-46c8-b3dc-7886851df800\", \"name\": \"Huy Lê Thừa Quốc\", \"email\": \"quochuy.9052@gmail.com\"}, \"amount\": 199.99, \"course\": {\"id\": \"course-014\", \"price\": 199.99, \"title\": \"DevOps and Docker Containerization\", \"instructorId\": \"user-006\", \"instructorName\": \"Fiona Davis\"}, \"paidAt\": null, \"status\": \"PENDING\", \"userId\": \"9e7cef07-1c10-46c8-b3dc-7886851df800\", \"courseId\": \"course-014\", \"createdAt\": \"2025-08-24T18:51:54\", \"sessionId\": \"cs_test_a1gmjIIjueTs1v6aReXdljy8pbsNpeaJDYAjf7dbZB4xzoHUO2q2B2eZWg\", \"updatedAt\": \"2025-08-24T18:51:55\", \"paymentMethod\": \"stripe\"}','{\"id\": \"5456a9ac-3f38-44a7-a099-a6a2ddae9cc3\", \"user\": {\"id\": \"9e7cef07-1c10-46c8-b3dc-7886851df800\", \"name\": \"Huy Lê Thừa Quốc\", \"email\": \"quochuy.9052@gmail.com\"}, \"amount\": 199.99, \"course\": {\"id\": \"course-014\", \"price\": 199.99, \"title\": \"DevOps and Docker Containerization\", \"instructorId\": \"user-006\", \"instructorName\": \"Fiona Davis\"}, \"paidAt\": \"2025-08-24T18:52:03.7433065\", \"status\": \"COMPLETED\", \"userId\": \"9e7cef07-1c10-46c8-b3dc-7886851df800\", \"courseId\": \"course-014\", \"createdAt\": \"2025-08-24T18:51:54\", \"sessionId\": \"cs_test_a1gmjIIjueTs1v6aReXdljy8pbsNpeaJDYAjf7dbZB4xzoHUO2q2B2eZWg\", \"updatedAt\": \"2025-08-24T18:51:55\", \"paymentMethod\": \"stripe\"}','2025-08-24 11:52:04'),(47,'9e7cef07-1c10-46c8-b3dc-7886851df800','CREATE','PAYMENT','55c85ad7-ed1e-4c0f-8f51-1074f3508078',NULL,'{\"id\": \"55c85ad7-ed1e-4c0f-8f51-1074f3508078\", \"user\": {\"id\": \"9e7cef07-1c10-46c8-b3dc-7886851df800\", \"name\": \"Huy Lê Thừa Quốc\", \"email\": \"quochuy.9052@gmail.com\"}, \"amount\": 129.99, \"course\": {\"id\": \"course-013\", \"price\": 129.99, \"title\": \"Complete Vue.js Web Development\", \"instructorId\": \"user-005\", \"instructorName\": \"Edward Chen\"}, \"paidAt\": null, \"status\": \"PENDING\", \"userId\": \"9e7cef07-1c10-46c8-b3dc-7886851df800\", \"courseId\": \"course-013\", \"createdAt\": null, \"sessionId\": null, \"updatedAt\": null, \"paymentMethod\": \"stripe\"}','2025-08-24 11:52:16'),(48,'9e7cef07-1c10-46c8-b3dc-7886851df800','UPDATE','PAYMENT','55c85ad7-ed1e-4c0f-8f51-1074f3508078','{\"id\": \"55c85ad7-ed1e-4c0f-8f51-1074f3508078\", \"user\": {\"id\": \"9e7cef07-1c10-46c8-b3dc-7886851df800\", \"name\": \"Huy Lê Thừa Quốc\", \"email\": \"quochuy.9052@gmail.com\"}, \"amount\": 129.99, \"course\": {\"id\": \"course-013\", \"price\": 129.99, \"title\": \"Complete Vue.js Web Development\", \"instructorId\": \"user-005\", \"instructorName\": \"Edward Chen\"}, \"paidAt\": null, \"status\": \"PENDING\", \"userId\": \"9e7cef07-1c10-46c8-b3dc-7886851df800\", \"courseId\": \"course-013\", \"createdAt\": \"2025-08-24T18:52:16.188883\", \"sessionId\": null, \"updatedAt\": \"2025-08-24T18:52:16.188883\", \"paymentMethod\": \"stripe\"}','{\"id\": \"55c85ad7-ed1e-4c0f-8f51-1074f3508078\", \"user\": {\"id\": \"9e7cef07-1c10-46c8-b3dc-7886851df800\", \"name\": \"Huy Lê Thừa Quốc\", \"email\": \"quochuy.9052@gmail.com\"}, \"amount\": 129.99, \"course\": {\"id\": \"course-013\", \"price\": 129.99, \"title\": \"Complete Vue.js Web Development\", \"instructorId\": \"user-005\", \"instructorName\": \"Edward Chen\"}, \"paidAt\": null, \"status\": \"PENDING\", \"userId\": \"9e7cef07-1c10-46c8-b3dc-7886851df800\", \"courseId\": \"course-013\", \"createdAt\": \"2025-08-24T18:52:16.188883\", \"sessionId\": \"cs_test_a1rfnalYWMwMHgJ15bMoHZgoB1CnBwyX1bP5CS2hMf47epuOBEEaa0yQL0\", \"updatedAt\": \"2025-08-24T18:52:16.188883\", \"paymentMethod\": \"stripe\"}','2025-08-24 11:52:17'),(49,'SYSTEM','UPDATE','PAYMENT','55c85ad7-ed1e-4c0f-8f51-1074f3508078','{\"id\": \"55c85ad7-ed1e-4c0f-8f51-1074f3508078\", \"user\": {\"id\": \"9e7cef07-1c10-46c8-b3dc-7886851df800\", \"name\": \"Huy Lê Thừa Quốc\", \"email\": \"quochuy.9052@gmail.com\"}, \"amount\": 129.99, \"course\": {\"id\": \"course-013\", \"price\": 129.99, \"title\": \"Complete Vue.js Web Development\", \"instructorId\": \"user-005\", \"instructorName\": \"Edward Chen\"}, \"paidAt\": null, \"status\": \"PENDING\", \"userId\": \"9e7cef07-1c10-46c8-b3dc-7886851df800\", \"courseId\": \"course-013\", \"createdAt\": \"2025-08-24T18:52:16\", \"sessionId\": \"cs_test_a1rfnalYWMwMHgJ15bMoHZgoB1CnBwyX1bP5CS2hMf47epuOBEEaa0yQL0\", \"updatedAt\": \"2025-08-24T18:52:17\", \"paymentMethod\": \"stripe\"}','{\"id\": \"55c85ad7-ed1e-4c0f-8f51-1074f3508078\", \"user\": {\"id\": \"9e7cef07-1c10-46c8-b3dc-7886851df800\", \"name\": \"Huy Lê Thừa Quốc\", \"email\": \"quochuy.9052@gmail.com\"}, \"amount\": 129.99, \"course\": {\"id\": \"course-013\", \"price\": 129.99, \"title\": \"Complete Vue.js Web Development\", \"instructorId\": \"user-005\", \"instructorName\": \"Edward Chen\"}, \"paidAt\": \"2025-08-24T18:52:24.8335343\", \"status\": \"COMPLETED\", \"userId\": \"9e7cef07-1c10-46c8-b3dc-7886851df800\", \"courseId\": \"course-013\", \"createdAt\": \"2025-08-24T18:52:16\", \"sessionId\": \"cs_test_a1rfnalYWMwMHgJ15bMoHZgoB1CnBwyX1bP5CS2hMf47epuOBEEaa0yQL0\", \"updatedAt\": \"2025-08-24T18:52:17\", \"paymentMethod\": \"stripe\"}','2025-08-24 11:52:25'),(50,'9e7cef07-1c10-46c8-b3dc-7886851df800','CREATE','PAYMENT','9ba12676-6f50-4100-a047-b3f4879f50e8',NULL,'{\"id\": \"9ba12676-6f50-4100-a047-b3f4879f50e8\", \"user\": {\"id\": \"9e7cef07-1c10-46c8-b3dc-7886851df800\", \"name\": \"Huy Lê Thừa Quốc\", \"email\": \"quochuy.9052@gmail.com\"}, \"amount\": 189.99, \"course\": {\"id\": \"course-009\", \"price\": 189.99, \"title\": \"DevOps and CI/CD Pipeline\", \"instructorId\": \"user-004\", \"instructorName\": \"Diana Roberts\"}, \"paidAt\": null, \"status\": \"PENDING\", \"userId\": \"9e7cef07-1c10-46c8-b3dc-7886851df800\", \"courseId\": \"course-009\", \"createdAt\": null, \"sessionId\": null, \"updatedAt\": null, \"paymentMethod\": \"stripe\"}','2025-08-24 11:52:34'),(51,'9e7cef07-1c10-46c8-b3dc-7886851df800','UPDATE','PAYMENT','9ba12676-6f50-4100-a047-b3f4879f50e8','{\"id\": \"9ba12676-6f50-4100-a047-b3f4879f50e8\", \"user\": {\"id\": \"9e7cef07-1c10-46c8-b3dc-7886851df800\", \"name\": \"Huy Lê Thừa Quốc\", \"email\": \"quochuy.9052@gmail.com\"}, \"amount\": 189.99, \"course\": {\"id\": \"course-009\", \"price\": 189.99, \"title\": \"DevOps and CI/CD Pipeline\", \"instructorId\": \"user-004\", \"instructorName\": \"Diana Roberts\"}, \"paidAt\": null, \"status\": \"PENDING\", \"userId\": \"9e7cef07-1c10-46c8-b3dc-7886851df800\", \"courseId\": \"course-009\", \"createdAt\": \"2025-08-24T18:52:34.327707\", \"sessionId\": null, \"updatedAt\": \"2025-08-24T18:52:34.327707\", \"paymentMethod\": \"stripe\"}','{\"id\": \"9ba12676-6f50-4100-a047-b3f4879f50e8\", \"user\": {\"id\": \"9e7cef07-1c10-46c8-b3dc-7886851df800\", \"name\": \"Huy Lê Thừa Quốc\", \"email\": \"quochuy.9052@gmail.com\"}, \"amount\": 189.99, \"course\": {\"id\": \"course-009\", \"price\": 189.99, \"title\": \"DevOps and CI/CD Pipeline\", \"instructorId\": \"user-004\", \"instructorName\": \"Diana Roberts\"}, \"paidAt\": null, \"status\": \"PENDING\", \"userId\": \"9e7cef07-1c10-46c8-b3dc-7886851df800\", \"courseId\": \"course-009\", \"createdAt\": \"2025-08-24T18:52:34.327707\", \"sessionId\": \"cs_test_a14DEcr5qopXim6MTnKMjZDMy4nQzdYstIweGW985I4nLAlVFaER4RToEm\", \"updatedAt\": \"2025-08-24T18:52:34.327707\", \"paymentMethod\": \"stripe\"}','2025-08-24 11:52:35'),(52,'SYSTEM','UPDATE','PAYMENT','9ba12676-6f50-4100-a047-b3f4879f50e8','{\"id\": \"9ba12676-6f50-4100-a047-b3f4879f50e8\", \"user\": {\"id\": \"9e7cef07-1c10-46c8-b3dc-7886851df800\", \"name\": \"Huy Lê Thừa Quốc\", \"email\": \"quochuy.9052@gmail.com\"}, \"amount\": 189.99, \"course\": {\"id\": \"course-009\", \"price\": 189.99, \"title\": \"DevOps and CI/CD Pipeline\", \"instructorId\": \"user-004\", \"instructorName\": \"Diana Roberts\"}, \"paidAt\": null, \"status\": \"PENDING\", \"userId\": \"9e7cef07-1c10-46c8-b3dc-7886851df800\", \"courseId\": \"course-009\", \"createdAt\": \"2025-08-24T18:52:34\", \"sessionId\": \"cs_test_a14DEcr5qopXim6MTnKMjZDMy4nQzdYstIweGW985I4nLAlVFaER4RToEm\", \"updatedAt\": \"2025-08-24T18:52:35\", \"paymentMethod\": \"stripe\"}','{\"id\": \"9ba12676-6f50-4100-a047-b3f4879f50e8\", \"user\": {\"id\": \"9e7cef07-1c10-46c8-b3dc-7886851df800\", \"name\": \"Huy Lê Thừa Quốc\", \"email\": \"quochuy.9052@gmail.com\"}, \"amount\": 189.99, \"course\": {\"id\": \"course-009\", \"price\": 189.99, \"title\": \"DevOps and CI/CD Pipeline\", \"instructorId\": \"user-004\", \"instructorName\": \"Diana Roberts\"}, \"paidAt\": \"2025-08-24T18:52:48.524837\", \"status\": \"COMPLETED\", \"userId\": \"9e7cef07-1c10-46c8-b3dc-7886851df800\", \"courseId\": \"course-009\", \"createdAt\": \"2025-08-24T18:52:34\", \"sessionId\": \"cs_test_a14DEcr5qopXim6MTnKMjZDMy4nQzdYstIweGW985I4nLAlVFaER4RToEm\", \"updatedAt\": \"2025-08-24T18:52:35\", \"paymentMethod\": \"stripe\"}','2025-08-24 11:52:49'),(53,'b4d02e45-4c19-409d-b8a9-83b4662ce1bf','CREATE','PAYMENT','1f1b8059-4f3e-44c3-8103-25a1077c78a9',NULL,'{\"id\": \"1f1b8059-4f3e-44c3-8103-25a1077c78a9\", \"user\": {\"id\": \"b4d02e45-4c19-409d-b8a9-83b4662ce1bf\", \"name\": \"aaa aaa\", \"email\": \"huy8426@gmail.com\"}, \"amount\": 189.99, \"course\": {\"id\": \"course-009\", \"price\": 189.99, \"title\": \"DevOps and CI/CD Pipeline\", \"instructorId\": \"user-004\", \"instructorName\": \"Diana Roberts\"}, \"paidAt\": null, \"status\": \"PENDING\", \"userId\": \"b4d02e45-4c19-409d-b8a9-83b4662ce1bf\", \"courseId\": \"course-009\", \"createdAt\": null, \"sessionId\": null, \"updatedAt\": null, \"paymentMethod\": \"stripe\"}','2025-08-25 03:38:35'),(54,'b4d02e45-4c19-409d-b8a9-83b4662ce1bf','UPDATE','PAYMENT','1f1b8059-4f3e-44c3-8103-25a1077c78a9','{\"id\": \"1f1b8059-4f3e-44c3-8103-25a1077c78a9\", \"user\": {\"id\": \"b4d02e45-4c19-409d-b8a9-83b4662ce1bf\", \"name\": \"aaa aaa\", \"email\": \"huy8426@gmail.com\"}, \"amount\": 189.99, \"course\": {\"id\": \"course-009\", \"price\": 189.99, \"title\": \"DevOps and CI/CD Pipeline\", \"instructorId\": \"user-004\", \"instructorName\": \"Diana Roberts\"}, \"paidAt\": null, \"status\": \"PENDING\", \"userId\": \"b4d02e45-4c19-409d-b8a9-83b4662ce1bf\", \"courseId\": \"course-009\", \"createdAt\": \"2025-08-25T10:38:35.094181\", \"sessionId\": null, \"updatedAt\": \"2025-08-25T10:38:35.094181\", \"paymentMethod\": \"stripe\"}','{\"id\": \"1f1b8059-4f3e-44c3-8103-25a1077c78a9\", \"user\": {\"id\": \"b4d02e45-4c19-409d-b8a9-83b4662ce1bf\", \"name\": \"aaa aaa\", \"email\": \"huy8426@gmail.com\"}, \"amount\": 189.99, \"course\": {\"id\": \"course-009\", \"price\": 189.99, \"title\": \"DevOps and CI/CD Pipeline\", \"instructorId\": \"user-004\", \"instructorName\": \"Diana Roberts\"}, \"paidAt\": null, \"status\": \"PENDING\", \"userId\": \"b4d02e45-4c19-409d-b8a9-83b4662ce1bf\", \"courseId\": \"course-009\", \"createdAt\": \"2025-08-25T10:38:35.094181\", \"sessionId\": \"cs_test_a1E84s9Aal7QVhQw26vYWnHLbPTAxB0DoPJjn3eKSpx9cEWg5Nbnin5HV5\", \"updatedAt\": \"2025-08-25T10:38:35.094181\", \"paymentMethod\": \"stripe\"}','2025-08-25 03:38:36'),(55,'SYSTEM','UPDATE','PAYMENT','1f1b8059-4f3e-44c3-8103-25a1077c78a9','{\"id\": \"1f1b8059-4f3e-44c3-8103-25a1077c78a9\", \"user\": {\"id\": \"b4d02e45-4c19-409d-b8a9-83b4662ce1bf\", \"name\": \"aaa aaa\", \"email\": \"huy8426@gmail.com\"}, \"amount\": 189.99, \"course\": {\"id\": \"course-009\", \"price\": 189.99, \"title\": \"DevOps and CI/CD Pipeline\", \"instructorId\": \"user-004\", \"instructorName\": \"Diana Roberts\"}, \"paidAt\": null, \"status\": \"PENDING\", \"userId\": \"b4d02e45-4c19-409d-b8a9-83b4662ce1bf\", \"courseId\": \"course-009\", \"createdAt\": \"2025-08-25T10:38:35\", \"sessionId\": \"cs_test_a1E84s9Aal7QVhQw26vYWnHLbPTAxB0DoPJjn3eKSpx9cEWg5Nbnin5HV5\", \"updatedAt\": \"2025-08-25T10:38:36\", \"paymentMethod\": \"stripe\"}','{\"id\": \"1f1b8059-4f3e-44c3-8103-25a1077c78a9\", \"user\": {\"id\": \"b4d02e45-4c19-409d-b8a9-83b4662ce1bf\", \"name\": \"aaa aaa\", \"email\": \"huy8426@gmail.com\"}, \"amount\": 189.99, \"course\": {\"id\": \"course-009\", \"price\": 189.99, \"title\": \"DevOps and CI/CD Pipeline\", \"instructorId\": \"user-004\", \"instructorName\": \"Diana Roberts\"}, \"paidAt\": \"2025-08-25T10:38:43.4207722\", \"status\": \"COMPLETED\", \"userId\": \"b4d02e45-4c19-409d-b8a9-83b4662ce1bf\", \"courseId\": \"course-009\", \"createdAt\": \"2025-08-25T10:38:35\", \"sessionId\": \"cs_test_a1E84s9Aal7QVhQw26vYWnHLbPTAxB0DoPJjn3eKSpx9cEWg5Nbnin5HV5\", \"updatedAt\": \"2025-08-25T10:38:36\", \"paymentMethod\": \"stripe\"}','2025-08-25 03:38:43'),(56,'b4d02e45-4c19-409d-b8a9-83b4662ce1bf','CREATE','PAYMENT','3f9e143a-de3a-4efc-a87c-a3d8e48024c7',NULL,'{\"id\": \"3f9e143a-de3a-4efc-a87c-a3d8e48024c7\", \"user\": {\"id\": \"b4d02e45-4c19-409d-b8a9-83b4662ce1bf\", \"name\": \"aaa aaa\", \"email\": \"huy8426@gmail.com\"}, \"amount\": 129.99, \"course\": {\"id\": \"course-013\", \"price\": 129.99, \"title\": \"Complete Vue.js Web Development\", \"instructorId\": \"user-005\", \"instructorName\": \"Edward Chen\"}, \"paidAt\": null, \"status\": \"PENDING\", \"userId\": \"b4d02e45-4c19-409d-b8a9-83b4662ce1bf\", \"courseId\": \"course-013\", \"createdAt\": null, \"sessionId\": null, \"updatedAt\": null, \"paymentMethod\": \"stripe\"}','2025-08-25 03:38:56'),(57,'b4d02e45-4c19-409d-b8a9-83b4662ce1bf','UPDATE','PAYMENT','3f9e143a-de3a-4efc-a87c-a3d8e48024c7','{\"id\": \"3f9e143a-de3a-4efc-a87c-a3d8e48024c7\", \"user\": {\"id\": \"b4d02e45-4c19-409d-b8a9-83b4662ce1bf\", \"name\": \"aaa aaa\", \"email\": \"huy8426@gmail.com\"}, \"amount\": 129.99, \"course\": {\"id\": \"course-013\", \"price\": 129.99, \"title\": \"Complete Vue.js Web Development\", \"instructorId\": \"user-005\", \"instructorName\": \"Edward Chen\"}, \"paidAt\": null, \"status\": \"PENDING\", \"userId\": \"b4d02e45-4c19-409d-b8a9-83b4662ce1bf\", \"courseId\": \"course-013\", \"createdAt\": \"2025-08-25T10:38:56.432543\", \"sessionId\": null, \"updatedAt\": \"2025-08-25T10:38:56.432563\", \"paymentMethod\": \"stripe\"}','{\"id\": \"3f9e143a-de3a-4efc-a87c-a3d8e48024c7\", \"user\": {\"id\": \"b4d02e45-4c19-409d-b8a9-83b4662ce1bf\", \"name\": \"aaa aaa\", \"email\": \"huy8426@gmail.com\"}, \"amount\": 129.99, \"course\": {\"id\": \"course-013\", \"price\": 129.99, \"title\": \"Complete Vue.js Web Development\", \"instructorId\": \"user-005\", \"instructorName\": \"Edward Chen\"}, \"paidAt\": null, \"status\": \"PENDING\", \"userId\": \"b4d02e45-4c19-409d-b8a9-83b4662ce1bf\", \"courseId\": \"course-013\", \"createdAt\": \"2025-08-25T10:38:56.432543\", \"sessionId\": \"cs_test_a1jLoqlaDGEl05rlVPwVoe5xlOrolWvc8n7vXjFbZLepcUoRi7wOPE5T1m\", \"updatedAt\": \"2025-08-25T10:38:56.432563\", \"paymentMethod\": \"stripe\"}','2025-08-25 03:38:57'),(58,'SYSTEM','UPDATE','PAYMENT','3f9e143a-de3a-4efc-a87c-a3d8e48024c7','{\"id\": \"3f9e143a-de3a-4efc-a87c-a3d8e48024c7\", \"user\": {\"id\": \"b4d02e45-4c19-409d-b8a9-83b4662ce1bf\", \"name\": \"aaa aaa\", \"email\": \"huy8426@gmail.com\"}, \"amount\": 129.99, \"course\": {\"id\": \"course-013\", \"price\": 129.99, \"title\": \"Complete Vue.js Web Development\", \"instructorId\": \"user-005\", \"instructorName\": \"Edward Chen\"}, \"paidAt\": null, \"status\": \"PENDING\", \"userId\": \"b4d02e45-4c19-409d-b8a9-83b4662ce1bf\", \"courseId\": \"course-013\", \"createdAt\": \"2025-08-25T10:38:56\", \"sessionId\": \"cs_test_a1jLoqlaDGEl05rlVPwVoe5xlOrolWvc8n7vXjFbZLepcUoRi7wOPE5T1m\", \"updatedAt\": \"2025-08-25T10:38:57\", \"paymentMethod\": \"stripe\"}','{\"id\": \"3f9e143a-de3a-4efc-a87c-a3d8e48024c7\", \"user\": {\"id\": \"b4d02e45-4c19-409d-b8a9-83b4662ce1bf\", \"name\": \"aaa aaa\", \"email\": \"huy8426@gmail.com\"}, \"amount\": 129.99, \"course\": {\"id\": \"course-013\", \"price\": 129.99, \"title\": \"Complete Vue.js Web Development\", \"instructorId\": \"user-005\", \"instructorName\": \"Edward Chen\"}, \"paidAt\": \"2025-08-25T10:39:05.1486013\", \"status\": \"COMPLETED\", \"userId\": \"b4d02e45-4c19-409d-b8a9-83b4662ce1bf\", \"courseId\": \"course-013\", \"createdAt\": \"2025-08-25T10:38:56\", \"sessionId\": \"cs_test_a1jLoqlaDGEl05rlVPwVoe5xlOrolWvc8n7vXjFbZLepcUoRi7wOPE5T1m\", \"updatedAt\": \"2025-08-25T10:38:57\", \"paymentMethod\": \"stripe\"}','2025-08-25 03:39:05'),(59,'b4d02e45-4c19-409d-b8a9-83b4662ce1bf','CREATE','PAYMENT','aaddcfa8-9963-4177-b69c-47b4ddfbd565',NULL,'{\"id\": \"aaddcfa8-9963-4177-b69c-47b4ddfbd565\", \"user\": {\"id\": \"b4d02e45-4c19-409d-b8a9-83b4662ce1bf\", \"name\": \"aaa aaa\", \"email\": \"huy8426@gmail.com\"}, \"amount\": 139.99, \"course\": {\"id\": \"course-008\", \"price\": 139.99, \"title\": \"Database Design and Optimization\", \"instructorId\": \"user-007\", \"instructorName\": \"George Wilson\"}, \"paidAt\": null, \"status\": \"PENDING\", \"userId\": \"b4d02e45-4c19-409d-b8a9-83b4662ce1bf\", \"courseId\": \"course-008\", \"createdAt\": null, \"sessionId\": null, \"updatedAt\": null, \"paymentMethod\": \"stripe\"}','2025-08-25 03:39:13'),(60,'b4d02e45-4c19-409d-b8a9-83b4662ce1bf','UPDATE','PAYMENT','aaddcfa8-9963-4177-b69c-47b4ddfbd565','{\"id\": \"aaddcfa8-9963-4177-b69c-47b4ddfbd565\", \"user\": {\"id\": \"b4d02e45-4c19-409d-b8a9-83b4662ce1bf\", \"name\": \"aaa aaa\", \"email\": \"huy8426@gmail.com\"}, \"amount\": 139.99, \"course\": {\"id\": \"course-008\", \"price\": 139.99, \"title\": \"Database Design and Optimization\", \"instructorId\": \"user-007\", \"instructorName\": \"George Wilson\"}, \"paidAt\": null, \"status\": \"PENDING\", \"userId\": \"b4d02e45-4c19-409d-b8a9-83b4662ce1bf\", \"courseId\": \"course-008\", \"createdAt\": \"2025-08-25T10:39:13.417546\", \"sessionId\": null, \"updatedAt\": \"2025-08-25T10:39:13.418542\", \"paymentMethod\": \"stripe\"}','{\"id\": \"aaddcfa8-9963-4177-b69c-47b4ddfbd565\", \"user\": {\"id\": \"b4d02e45-4c19-409d-b8a9-83b4662ce1bf\", \"name\": \"aaa aaa\", \"email\": \"huy8426@gmail.com\"}, \"amount\": 139.99, \"course\": {\"id\": \"course-008\", \"price\": 139.99, \"title\": \"Database Design and Optimization\", \"instructorId\": \"user-007\", \"instructorName\": \"George Wilson\"}, \"paidAt\": null, \"status\": \"PENDING\", \"userId\": \"b4d02e45-4c19-409d-b8a9-83b4662ce1bf\", \"courseId\": \"course-008\", \"createdAt\": \"2025-08-25T10:39:13.417546\", \"sessionId\": \"cs_test_a1IbybVdxbAPSrkil2PnygL5tUUJ2EksNVf0sCA1FikqXIpjrjAhsBM10K\", \"updatedAt\": \"2025-08-25T10:39:13.418542\", \"paymentMethod\": \"stripe\"}','2025-08-25 03:39:14'),(61,'SYSTEM','UPDATE','PAYMENT','aaddcfa8-9963-4177-b69c-47b4ddfbd565','{\"id\": \"aaddcfa8-9963-4177-b69c-47b4ddfbd565\", \"user\": {\"id\": \"b4d02e45-4c19-409d-b8a9-83b4662ce1bf\", \"name\": \"aaa aaa\", \"email\": \"huy8426@gmail.com\"}, \"amount\": 139.99, \"course\": {\"id\": \"course-008\", \"price\": 139.99, \"title\": \"Database Design and Optimization\", \"instructorId\": \"user-007\", \"instructorName\": \"George Wilson\"}, \"paidAt\": null, \"status\": \"PENDING\", \"userId\": \"b4d02e45-4c19-409d-b8a9-83b4662ce1bf\", \"courseId\": \"course-008\", \"createdAt\": \"2025-08-25T10:39:13\", \"sessionId\": \"cs_test_a1IbybVdxbAPSrkil2PnygL5tUUJ2EksNVf0sCA1FikqXIpjrjAhsBM10K\", \"updatedAt\": \"2025-08-25T10:39:14\", \"paymentMethod\": \"stripe\"}','{\"id\": \"aaddcfa8-9963-4177-b69c-47b4ddfbd565\", \"user\": {\"id\": \"b4d02e45-4c19-409d-b8a9-83b4662ce1bf\", \"name\": \"aaa aaa\", \"email\": \"huy8426@gmail.com\"}, \"amount\": 139.99, \"course\": {\"id\": \"course-008\", \"price\": 139.99, \"title\": \"Database Design and Optimization\", \"instructorId\": \"user-007\", \"instructorName\": \"George Wilson\"}, \"paidAt\": \"2025-08-25T10:39:21.0743268\", \"status\": \"COMPLETED\", \"userId\": \"b4d02e45-4c19-409d-b8a9-83b4662ce1bf\", \"courseId\": \"course-008\", \"createdAt\": \"2025-08-25T10:39:13\", \"sessionId\": \"cs_test_a1IbybVdxbAPSrkil2PnygL5tUUJ2EksNVf0sCA1FikqXIpjrjAhsBM10K\", \"updatedAt\": \"2025-08-25T10:39:14\", \"paymentMethod\": \"stripe\"}','2025-08-25 03:39:21'),(62,'b4d02e45-4c19-409d-b8a9-83b4662ce1bf','CREATE','PAYMENT','7bf6cab1-0a03-4022-b174-8b405d0c8718',NULL,'{\"id\": \"7bf6cab1-0a03-4022-b174-8b405d0c8718\", \"user\": {\"id\": \"b4d02e45-4c19-409d-b8a9-83b4662ce1bf\", \"name\": \"aaa aaa\", \"email\": \"huy8426@gmail.com\"}, \"amount\": 199.99, \"course\": {\"id\": \"course-014\", \"price\": 199.99, \"title\": \"DevOps and Docker Containerization\", \"instructorId\": \"user-006\", \"instructorName\": \"Fiona Davis\"}, \"paidAt\": null, \"status\": \"PENDING\", \"userId\": \"b4d02e45-4c19-409d-b8a9-83b4662ce1bf\", \"courseId\": \"course-014\", \"createdAt\": null, \"sessionId\": null, \"updatedAt\": null, \"paymentMethod\": \"stripe\"}','2025-08-25 03:39:30'),(63,'b4d02e45-4c19-409d-b8a9-83b4662ce1bf','UPDATE','PAYMENT','7bf6cab1-0a03-4022-b174-8b405d0c8718','{\"id\": \"7bf6cab1-0a03-4022-b174-8b405d0c8718\", \"user\": {\"id\": \"b4d02e45-4c19-409d-b8a9-83b4662ce1bf\", \"name\": \"aaa aaa\", \"email\": \"huy8426@gmail.com\"}, \"amount\": 199.99, \"course\": {\"id\": \"course-014\", \"price\": 199.99, \"title\": \"DevOps and Docker Containerization\", \"instructorId\": \"user-006\", \"instructorName\": \"Fiona Davis\"}, \"paidAt\": null, \"status\": \"PENDING\", \"userId\": \"b4d02e45-4c19-409d-b8a9-83b4662ce1bf\", \"courseId\": \"course-014\", \"createdAt\": \"2025-08-25T10:39:29.869308\", \"sessionId\": null, \"updatedAt\": \"2025-08-25T10:39:29.869308\", \"paymentMethod\": \"stripe\"}','{\"id\": \"7bf6cab1-0a03-4022-b174-8b405d0c8718\", \"user\": {\"id\": \"b4d02e45-4c19-409d-b8a9-83b4662ce1bf\", \"name\": \"aaa aaa\", \"email\": \"huy8426@gmail.com\"}, \"amount\": 199.99, \"course\": {\"id\": \"course-014\", \"price\": 199.99, \"title\": \"DevOps and Docker Containerization\", \"instructorId\": \"user-006\", \"instructorName\": \"Fiona Davis\"}, \"paidAt\": null, \"status\": \"PENDING\", \"userId\": \"b4d02e45-4c19-409d-b8a9-83b4662ce1bf\", \"courseId\": \"course-014\", \"createdAt\": \"2025-08-25T10:39:29.869308\", \"sessionId\": \"cs_test_a1yCpRDV57aauYND7oZliYJClrU5zIzIn4XmQPcNwCqhITp0GPlXd0tNFT\", \"updatedAt\": \"2025-08-25T10:39:29.869308\", \"paymentMethod\": \"stripe\"}','2025-08-25 03:39:31'),(64,'SYSTEM','UPDATE','PAYMENT','7bf6cab1-0a03-4022-b174-8b405d0c8718','{\"id\": \"7bf6cab1-0a03-4022-b174-8b405d0c8718\", \"user\": {\"id\": \"b4d02e45-4c19-409d-b8a9-83b4662ce1bf\", \"name\": \"aaa aaa\", \"email\": \"huy8426@gmail.com\"}, \"amount\": 199.99, \"course\": {\"id\": \"course-014\", \"price\": 199.99, \"title\": \"DevOps and Docker Containerization\", \"instructorId\": \"user-006\", \"instructorName\": \"Fiona Davis\"}, \"paidAt\": null, \"status\": \"PENDING\", \"userId\": \"b4d02e45-4c19-409d-b8a9-83b4662ce1bf\", \"courseId\": \"course-014\", \"createdAt\": \"2025-08-25T10:39:30\", \"sessionId\": \"cs_test_a1yCpRDV57aauYND7oZliYJClrU5zIzIn4XmQPcNwCqhITp0GPlXd0tNFT\", \"updatedAt\": \"2025-08-25T10:39:31\", \"paymentMethod\": \"stripe\"}','{\"id\": \"7bf6cab1-0a03-4022-b174-8b405d0c8718\", \"user\": {\"id\": \"b4d02e45-4c19-409d-b8a9-83b4662ce1bf\", \"name\": \"aaa aaa\", \"email\": \"huy8426@gmail.com\"}, \"amount\": 199.99, \"course\": {\"id\": \"course-014\", \"price\": 199.99, \"title\": \"DevOps and Docker Containerization\", \"instructorId\": \"user-006\", \"instructorName\": \"Fiona Davis\"}, \"paidAt\": \"2025-08-25T10:39:37.2364367\", \"status\": \"COMPLETED\", \"userId\": \"b4d02e45-4c19-409d-b8a9-83b4662ce1bf\", \"courseId\": \"course-014\", \"createdAt\": \"2025-08-25T10:39:30\", \"sessionId\": \"cs_test_a1yCpRDV57aauYND7oZliYJClrU5zIzIn4XmQPcNwCqhITp0GPlXd0tNFT\", \"updatedAt\": \"2025-08-25T10:39:31\", \"paymentMethod\": \"stripe\"}','2025-08-25 03:39:37'),(65,'b4d02e45-4c19-409d-b8a9-83b4662ce1bf','CREATE','PAYMENT','cbbff243-c830-44d7-82c8-511636658cbd',NULL,'{\"id\": \"cbbff243-c830-44d7-82c8-511636658cbd\", \"user\": {\"id\": \"b4d02e45-4c19-409d-b8a9-83b4662ce1bf\", \"name\": \"aaa aaa\", \"email\": \"huy8426@gmail.com\"}, \"amount\": 249.99, \"course\": {\"id\": \"course-006\", \"price\": 249.99, \"title\": \"Full Stack Web Development\", \"instructorId\": \"user-003\", \"instructorName\": \"Charlie\"}, \"paidAt\": null, \"status\": \"PENDING\", \"userId\": \"b4d02e45-4c19-409d-b8a9-83b4662ce1bf\", \"courseId\": \"course-006\", \"createdAt\": null, \"sessionId\": null, \"updatedAt\": null, \"paymentMethod\": \"stripe\"}','2025-08-25 03:39:49'),(66,'b4d02e45-4c19-409d-b8a9-83b4662ce1bf','UPDATE','PAYMENT','cbbff243-c830-44d7-82c8-511636658cbd','{\"id\": \"cbbff243-c830-44d7-82c8-511636658cbd\", \"user\": {\"id\": \"b4d02e45-4c19-409d-b8a9-83b4662ce1bf\", \"name\": \"aaa aaa\", \"email\": \"huy8426@gmail.com\"}, \"amount\": 249.99, \"course\": {\"id\": \"course-006\", \"price\": 249.99, \"title\": \"Full Stack Web Development\", \"instructorId\": \"user-003\", \"instructorName\": \"Charlie\"}, \"paidAt\": null, \"status\": \"PENDING\", \"userId\": \"b4d02e45-4c19-409d-b8a9-83b4662ce1bf\", \"courseId\": \"course-006\", \"createdAt\": \"2025-08-25T10:39:49.338939\", \"sessionId\": null, \"updatedAt\": \"2025-08-25T10:39:49.338939\", \"paymentMethod\": \"stripe\"}','{\"id\": \"cbbff243-c830-44d7-82c8-511636658cbd\", \"user\": {\"id\": \"b4d02e45-4c19-409d-b8a9-83b4662ce1bf\", \"name\": \"aaa aaa\", \"email\": \"huy8426@gmail.com\"}, \"amount\": 249.99, \"course\": {\"id\": \"course-006\", \"price\": 249.99, \"title\": \"Full Stack Web Development\", \"instructorId\": \"user-003\", \"instructorName\": \"Charlie\"}, \"paidAt\": null, \"status\": \"PENDING\", \"userId\": \"b4d02e45-4c19-409d-b8a9-83b4662ce1bf\", \"courseId\": \"course-006\", \"createdAt\": \"2025-08-25T10:39:49.338939\", \"sessionId\": \"cs_test_a1s95vZ1nKTlIcvmc5fl8jevVJk2355P0yKVn3Yo37SbZoo2aiPYEdaBJl\", \"updatedAt\": \"2025-08-25T10:39:49.338939\", \"paymentMethod\": \"stripe\"}','2025-08-25 03:39:50'),(67,'SYSTEM','UPDATE','PAYMENT','cbbff243-c830-44d7-82c8-511636658cbd','{\"id\": \"cbbff243-c830-44d7-82c8-511636658cbd\", \"user\": {\"id\": \"b4d02e45-4c19-409d-b8a9-83b4662ce1bf\", \"name\": \"aaa aaa\", \"email\": \"huy8426@gmail.com\"}, \"amount\": 249.99, \"course\": {\"id\": \"course-006\", \"price\": 249.99, \"title\": \"Full Stack Web Development\", \"instructorId\": \"user-003\", \"instructorName\": \"Charlie\"}, \"paidAt\": null, \"status\": \"PENDING\", \"userId\": \"b4d02e45-4c19-409d-b8a9-83b4662ce1bf\", \"courseId\": \"course-006\", \"createdAt\": \"2025-08-25T10:39:49\", \"sessionId\": \"cs_test_a1s95vZ1nKTlIcvmc5fl8jevVJk2355P0yKVn3Yo37SbZoo2aiPYEdaBJl\", \"updatedAt\": \"2025-08-25T10:39:50\", \"paymentMethod\": \"stripe\"}','{\"id\": \"cbbff243-c830-44d7-82c8-511636658cbd\", \"user\": {\"id\": \"b4d02e45-4c19-409d-b8a9-83b4662ce1bf\", \"name\": \"aaa aaa\", \"email\": \"huy8426@gmail.com\"}, \"amount\": 249.99, \"course\": {\"id\": \"course-006\", \"price\": 249.99, \"title\": \"Full Stack Web Development\", \"instructorId\": \"user-003\", \"instructorName\": \"Charlie\"}, \"paidAt\": \"2025-08-25T10:39:56.9368249\", \"status\": \"COMPLETED\", \"userId\": \"b4d02e45-4c19-409d-b8a9-83b4662ce1bf\", \"courseId\": \"course-006\", \"createdAt\": \"2025-08-25T10:39:49\", \"sessionId\": \"cs_test_a1s95vZ1nKTlIcvmc5fl8jevVJk2355P0yKVn3Yo37SbZoo2aiPYEdaBJl\", \"updatedAt\": \"2025-08-25T10:39:50\", \"paymentMethod\": \"stripe\"}','2025-08-25 03:39:57'),(68,'41af40ad-9423-42b6-a4ae-38a45b8ddf93','CREATE','PAYMENT','a13c082c-951d-4b45-8557-1746220b9f51',NULL,'{\"id\": \"a13c082c-951d-4b45-8557-1746220b9f51\", \"user\": {\"id\": \"41af40ad-9423-42b6-a4ae-38a45b8ddf93\", \"name\": \"Vịt Điên\", \"email\": \"vitdienclone@gmail.com\"}, \"amount\": 169.99, \"course\": {\"id\": \"course-015\", \"price\": 169.99, \"title\": \"Flutter Mobile App Development\", \"instructorId\": \"user-007\", \"instructorName\": \"George Wilson\"}, \"paidAt\": null, \"status\": \"PENDING\", \"userId\": \"41af40ad-9423-42b6-a4ae-38a45b8ddf93\", \"courseId\": \"course-015\", \"createdAt\": null, \"sessionId\": null, \"updatedAt\": null, \"paymentMethod\": \"stripe\"}','2025-08-26 02:30:29'),(69,'41af40ad-9423-42b6-a4ae-38a45b8ddf93','UPDATE','PAYMENT','a13c082c-951d-4b45-8557-1746220b9f51','{\"id\": \"a13c082c-951d-4b45-8557-1746220b9f51\", \"user\": {\"id\": \"41af40ad-9423-42b6-a4ae-38a45b8ddf93\", \"name\": \"Vịt Điên\", \"email\": \"vitdienclone@gmail.com\"}, \"amount\": 169.99, \"course\": {\"id\": \"course-015\", \"price\": 169.99, \"title\": \"Flutter Mobile App Development\", \"instructorId\": \"user-007\", \"instructorName\": \"George Wilson\"}, \"paidAt\": null, \"status\": \"PENDING\", \"userId\": \"41af40ad-9423-42b6-a4ae-38a45b8ddf93\", \"courseId\": \"course-015\", \"createdAt\": \"2025-08-26T09:30:28.928842\", \"sessionId\": null, \"updatedAt\": \"2025-08-26T09:30:28.928842\", \"paymentMethod\": \"stripe\"}','{\"id\": \"a13c082c-951d-4b45-8557-1746220b9f51\", \"user\": {\"id\": \"41af40ad-9423-42b6-a4ae-38a45b8ddf93\", \"name\": \"Vịt Điên\", \"email\": \"vitdienclone@gmail.com\"}, \"amount\": 169.99, \"course\": {\"id\": \"course-015\", \"price\": 169.99, \"title\": \"Flutter Mobile App Development\", \"instructorId\": \"user-007\", \"instructorName\": \"George Wilson\"}, \"paidAt\": null, \"status\": \"PENDING\", \"userId\": \"41af40ad-9423-42b6-a4ae-38a45b8ddf93\", \"courseId\": \"course-015\", \"createdAt\": \"2025-08-26T09:30:28.928842\", \"sessionId\": \"cs_test_a1vGakcwATsFZ46AaZf3aQB32rNw6OECbriEIt92SHjqLSA0nxvK70671U\", \"updatedAt\": \"2025-08-26T09:30:28.928842\", \"paymentMethod\": \"stripe\"}','2025-08-26 02:30:30'),(70,'SYSTEM','UPDATE','PAYMENT','a13c082c-951d-4b45-8557-1746220b9f51','{\"id\": \"a13c082c-951d-4b45-8557-1746220b9f51\", \"user\": {\"id\": \"41af40ad-9423-42b6-a4ae-38a45b8ddf93\", \"name\": \"Vịt Điên\", \"email\": \"vitdienclone@gmail.com\"}, \"amount\": 169.99, \"course\": {\"id\": \"course-015\", \"price\": 169.99, \"title\": \"Flutter Mobile App Development\", \"instructorId\": \"user-007\", \"instructorName\": \"George Wilson\"}, \"paidAt\": null, \"status\": \"PENDING\", \"userId\": \"41af40ad-9423-42b6-a4ae-38a45b8ddf93\", \"courseId\": \"course-015\", \"createdAt\": \"2025-08-26T09:30:29\", \"sessionId\": \"cs_test_a1vGakcwATsFZ46AaZf3aQB32rNw6OECbriEIt92SHjqLSA0nxvK70671U\", \"updatedAt\": \"2025-08-26T09:30:30\", \"paymentMethod\": \"stripe\"}','{\"id\": \"a13c082c-951d-4b45-8557-1746220b9f51\", \"user\": {\"id\": \"41af40ad-9423-42b6-a4ae-38a45b8ddf93\", \"name\": \"Vịt Điên\", \"email\": \"vitdienclone@gmail.com\"}, \"amount\": 169.99, \"course\": {\"id\": \"course-015\", \"price\": 169.99, \"title\": \"Flutter Mobile App Development\", \"instructorId\": \"user-007\", \"instructorName\": \"George Wilson\"}, \"paidAt\": \"2025-08-26T09:30:38.3766669\", \"status\": \"COMPLETED\", \"userId\": \"41af40ad-9423-42b6-a4ae-38a45b8ddf93\", \"courseId\": \"course-015\", \"createdAt\": \"2025-08-26T09:30:29\", \"sessionId\": \"cs_test_a1vGakcwATsFZ46AaZf3aQB32rNw6OECbriEIt92SHjqLSA0nxvK70671U\", \"updatedAt\": \"2025-08-26T09:30:30\", \"paymentMethod\": \"stripe\"}','2025-08-26 02:30:38'),(71,'41af40ad-9423-42b6-a4ae-38a45b8ddf93','CREATE','PAYMENT','bdbfd2f8-61f7-4755-a03d-5660078eafaa',NULL,'{\"id\": \"bdbfd2f8-61f7-4755-a03d-5660078eafaa\", \"user\": {\"id\": \"41af40ad-9423-42b6-a4ae-38a45b8ddf93\", \"name\": \"Vịt Điên\", \"email\": \"vitdienclone@gmail.com\"}, \"amount\": 219.99, \"course\": {\"id\": \"course-010\", \"price\": 219.99, \"title\": \"Introduction to Artificial Intelligence\", \"instructorId\": \"user-010\", \"instructorName\": \"Julia Anderson\"}, \"paidAt\": null, \"status\": \"PENDING\", \"userId\": \"41af40ad-9423-42b6-a4ae-38a45b8ddf93\", \"courseId\": \"course-010\", \"createdAt\": null, \"sessionId\": null, \"updatedAt\": null, \"paymentMethod\": \"stripe\"}','2025-08-26 02:30:55'),(72,'41af40ad-9423-42b6-a4ae-38a45b8ddf93','UPDATE','PAYMENT','bdbfd2f8-61f7-4755-a03d-5660078eafaa','{\"id\": \"bdbfd2f8-61f7-4755-a03d-5660078eafaa\", \"user\": {\"id\": \"41af40ad-9423-42b6-a4ae-38a45b8ddf93\", \"name\": \"Vịt Điên\", \"email\": \"vitdienclone@gmail.com\"}, \"amount\": 219.99, \"course\": {\"id\": \"course-010\", \"price\": 219.99, \"title\": \"Introduction to Artificial Intelligence\", \"instructorId\": \"user-010\", \"instructorName\": \"Julia Anderson\"}, \"paidAt\": null, \"status\": \"PENDING\", \"userId\": \"41af40ad-9423-42b6-a4ae-38a45b8ddf93\", \"courseId\": \"course-010\", \"createdAt\": \"2025-08-26T09:30:55.487735\", \"sessionId\": null, \"updatedAt\": \"2025-08-26T09:30:55.487735\", \"paymentMethod\": \"stripe\"}','{\"id\": \"bdbfd2f8-61f7-4755-a03d-5660078eafaa\", \"user\": {\"id\": \"41af40ad-9423-42b6-a4ae-38a45b8ddf93\", \"name\": \"Vịt Điên\", \"email\": \"vitdienclone@gmail.com\"}, \"amount\": 219.99, \"course\": {\"id\": \"course-010\", \"price\": 219.99, \"title\": \"Introduction to Artificial Intelligence\", \"instructorId\": \"user-010\", \"instructorName\": \"Julia Anderson\"}, \"paidAt\": null, \"status\": \"PENDING\", \"userId\": \"41af40ad-9423-42b6-a4ae-38a45b8ddf93\", \"courseId\": \"course-010\", \"createdAt\": \"2025-08-26T09:30:55.487735\", \"sessionId\": \"cs_test_a1qqGw8gbWIH818F3IOix26KToOZcj44x3BmhaXNcxWDaQciB12zWIolZ0\", \"updatedAt\": \"2025-08-26T09:30:55.487735\", \"paymentMethod\": \"stripe\"}','2025-08-26 02:30:57'),(73,'SYSTEM','UPDATE','PAYMENT','bdbfd2f8-61f7-4755-a03d-5660078eafaa','{\"id\": \"bdbfd2f8-61f7-4755-a03d-5660078eafaa\", \"user\": {\"id\": \"41af40ad-9423-42b6-a4ae-38a45b8ddf93\", \"name\": \"Vịt Điên\", \"email\": \"vitdienclone@gmail.com\"}, \"amount\": 219.99, \"course\": {\"id\": \"course-010\", \"price\": 219.99, \"title\": \"Introduction to Artificial Intelligence\", \"instructorId\": \"user-010\", \"instructorName\": \"Julia Anderson\"}, \"paidAt\": null, \"status\": \"PENDING\", \"userId\": \"41af40ad-9423-42b6-a4ae-38a45b8ddf93\", \"courseId\": \"course-010\", \"createdAt\": \"2025-08-26T09:30:55\", \"sessionId\": \"cs_test_a1qqGw8gbWIH818F3IOix26KToOZcj44x3BmhaXNcxWDaQciB12zWIolZ0\", \"updatedAt\": \"2025-08-26T09:30:57\", \"paymentMethod\": \"stripe\"}','{\"id\": \"bdbfd2f8-61f7-4755-a03d-5660078eafaa\", \"user\": {\"id\": \"41af40ad-9423-42b6-a4ae-38a45b8ddf93\", \"name\": \"Vịt Điên\", \"email\": \"vitdienclone@gmail.com\"}, \"amount\": 219.99, \"course\": {\"id\": \"course-010\", \"price\": 219.99, \"title\": \"Introduction to Artificial Intelligence\", \"instructorId\": \"user-010\", \"instructorName\": \"Julia Anderson\"}, \"paidAt\": \"2025-08-26T09:31:09.9299391\", \"status\": \"COMPLETED\", \"userId\": \"41af40ad-9423-42b6-a4ae-38a45b8ddf93\", \"courseId\": \"course-010\", \"createdAt\": \"2025-08-26T09:30:55\", \"sessionId\": \"cs_test_a1qqGw8gbWIH818F3IOix26KToOZcj44x3BmhaXNcxWDaQciB12zWIolZ0\", \"updatedAt\": \"2025-08-26T09:30:57\", \"paymentMethod\": \"stripe\"}','2025-08-26 02:31:10'),(74,'41af40ad-9423-42b6-a4ae-38a45b8ddf93','CREATE','PAYMENT','714c9928-c23b-403e-b03a-5a03cce6dac9',NULL,'{\"id\": \"714c9928-c23b-403e-b03a-5a03cce6dac9\", \"user\": {\"id\": \"41af40ad-9423-42b6-a4ae-38a45b8ddf93\", \"name\": \"Vịt Điên\", \"email\": \"vitdienclone@gmail.com\"}, \"amount\": 189.99, \"course\": {\"id\": \"course-009\", \"price\": 189.99, \"title\": \"DevOps and CI/CD Pipeline\", \"instructorId\": \"user-004\", \"instructorName\": \"Diana Roberts\"}, \"paidAt\": null, \"status\": \"PENDING\", \"userId\": \"41af40ad-9423-42b6-a4ae-38a45b8ddf93\", \"courseId\": \"course-009\", \"createdAt\": null, \"sessionId\": null, \"updatedAt\": null, \"paymentMethod\": \"stripe\"}','2025-08-26 02:31:23'),(75,'41af40ad-9423-42b6-a4ae-38a45b8ddf93','UPDATE','PAYMENT','714c9928-c23b-403e-b03a-5a03cce6dac9','{\"id\": \"714c9928-c23b-403e-b03a-5a03cce6dac9\", \"user\": {\"id\": \"41af40ad-9423-42b6-a4ae-38a45b8ddf93\", \"name\": \"Vịt Điên\", \"email\": \"vitdienclone@gmail.com\"}, \"amount\": 189.99, \"course\": {\"id\": \"course-009\", \"price\": 189.99, \"title\": \"DevOps and CI/CD Pipeline\", \"instructorId\": \"user-004\", \"instructorName\": \"Diana Roberts\"}, \"paidAt\": null, \"status\": \"PENDING\", \"userId\": \"41af40ad-9423-42b6-a4ae-38a45b8ddf93\", \"courseId\": \"course-009\", \"createdAt\": \"2025-08-26T09:31:22.840389\", \"sessionId\": null, \"updatedAt\": \"2025-08-26T09:31:22.840389\", \"paymentMethod\": \"stripe\"}','{\"id\": \"714c9928-c23b-403e-b03a-5a03cce6dac9\", \"user\": {\"id\": \"41af40ad-9423-42b6-a4ae-38a45b8ddf93\", \"name\": \"Vịt Điên\", \"email\": \"vitdienclone@gmail.com\"}, \"amount\": 189.99, \"course\": {\"id\": \"course-009\", \"price\": 189.99, \"title\": \"DevOps and CI/CD Pipeline\", \"instructorId\": \"user-004\", \"instructorName\": \"Diana Roberts\"}, \"paidAt\": null, \"status\": \"PENDING\", \"userId\": \"41af40ad-9423-42b6-a4ae-38a45b8ddf93\", \"courseId\": \"course-009\", \"createdAt\": \"2025-08-26T09:31:22.840389\", \"sessionId\": \"cs_test_a16zyFXn0GBMEdlwALMySvzJzse26PvtWSC0K0ZBvg05cfD7mgEjHJhXIv\", \"updatedAt\": \"2025-08-26T09:31:22.840389\", \"paymentMethod\": \"stripe\"}','2025-08-26 02:31:24'),(76,'SYSTEM','UPDATE','PAYMENT','714c9928-c23b-403e-b03a-5a03cce6dac9','{\"id\": \"714c9928-c23b-403e-b03a-5a03cce6dac9\", \"user\": {\"id\": \"41af40ad-9423-42b6-a4ae-38a45b8ddf93\", \"name\": \"Vịt Điên\", \"email\": \"vitdienclone@gmail.com\"}, \"amount\": 189.99, \"course\": {\"id\": \"course-009\", \"price\": 189.99, \"title\": \"DevOps and CI/CD Pipeline\", \"instructorId\": \"user-004\", \"instructorName\": \"Diana Roberts\"}, \"paidAt\": null, \"status\": \"PENDING\", \"userId\": \"41af40ad-9423-42b6-a4ae-38a45b8ddf93\", \"courseId\": \"course-009\", \"createdAt\": \"2025-08-26T09:31:23\", \"sessionId\": \"cs_test_a16zyFXn0GBMEdlwALMySvzJzse26PvtWSC0K0ZBvg05cfD7mgEjHJhXIv\", \"updatedAt\": \"2025-08-26T09:31:24\", \"paymentMethod\": \"stripe\"}','{\"id\": \"714c9928-c23b-403e-b03a-5a03cce6dac9\", \"user\": {\"id\": \"41af40ad-9423-42b6-a4ae-38a45b8ddf93\", \"name\": \"Vịt Điên\", \"email\": \"vitdienclone@gmail.com\"}, \"amount\": 189.99, \"course\": {\"id\": \"course-009\", \"price\": 189.99, \"title\": \"DevOps and CI/CD Pipeline\", \"instructorId\": \"user-004\", \"instructorName\": \"Diana Roberts\"}, \"paidAt\": \"2025-08-26T09:31:36.1675325\", \"status\": \"COMPLETED\", \"userId\": \"41af40ad-9423-42b6-a4ae-38a45b8ddf93\", \"courseId\": \"course-009\", \"createdAt\": \"2025-08-26T09:31:23\", \"sessionId\": \"cs_test_a16zyFXn0GBMEdlwALMySvzJzse26PvtWSC0K0ZBvg05cfD7mgEjHJhXIv\", \"updatedAt\": \"2025-08-26T09:31:24\", \"paymentMethod\": \"stripe\"}','2025-08-26 02:31:36'),(77,'41af40ad-9423-42b6-a4ae-38a45b8ddf93','CREATE','PAYMENT','cf0057b5-be76-4009-b666-9e9f68f19842',NULL,'{\"id\": \"cf0057b5-be76-4009-b666-9e9f68f19842\", \"user\": {\"id\": \"41af40ad-9423-42b6-a4ae-38a45b8ddf93\", \"name\": \"Vịt Điên\", \"email\": \"vitdienclone@gmail.com\"}, \"amount\": 179.99, \"course\": {\"id\": \"course-005\", \"price\": 179.99, \"title\": \"Advanced Python Programming\", \"instructorId\": \"user-005\", \"instructorName\": \"Edward Chen\"}, \"paidAt\": null, \"status\": \"PENDING\", \"userId\": \"41af40ad-9423-42b6-a4ae-38a45b8ddf93\", \"courseId\": \"course-005\", \"createdAt\": null, \"sessionId\": null, \"updatedAt\": null, \"paymentMethod\": \"stripe\"}','2025-08-26 02:31:50'),(78,'41af40ad-9423-42b6-a4ae-38a45b8ddf93','UPDATE','PAYMENT','cf0057b5-be76-4009-b666-9e9f68f19842','{\"id\": \"cf0057b5-be76-4009-b666-9e9f68f19842\", \"user\": {\"id\": \"41af40ad-9423-42b6-a4ae-38a45b8ddf93\", \"name\": \"Vịt Điên\", \"email\": \"vitdienclone@gmail.com\"}, \"amount\": 179.99, \"course\": {\"id\": \"course-005\", \"price\": 179.99, \"title\": \"Advanced Python Programming\", \"instructorId\": \"user-005\", \"instructorName\": \"Edward Chen\"}, \"paidAt\": null, \"status\": \"PENDING\", \"userId\": \"41af40ad-9423-42b6-a4ae-38a45b8ddf93\", \"courseId\": \"course-005\", \"createdAt\": \"2025-08-26T09:31:49.513413\", \"sessionId\": null, \"updatedAt\": \"2025-08-26T09:31:49.513413\", \"paymentMethod\": \"stripe\"}','{\"id\": \"cf0057b5-be76-4009-b666-9e9f68f19842\", \"user\": {\"id\": \"41af40ad-9423-42b6-a4ae-38a45b8ddf93\", \"name\": \"Vịt Điên\", \"email\": \"vitdienclone@gmail.com\"}, \"amount\": 179.99, \"course\": {\"id\": \"course-005\", \"price\": 179.99, \"title\": \"Advanced Python Programming\", \"instructorId\": \"user-005\", \"instructorName\": \"Edward Chen\"}, \"paidAt\": null, \"status\": \"PENDING\", \"userId\": \"41af40ad-9423-42b6-a4ae-38a45b8ddf93\", \"courseId\": \"course-005\", \"createdAt\": \"2025-08-26T09:31:49.513413\", \"sessionId\": \"cs_test_a1Eo2lUGgFUkGjUyuLgTpvtYviN3gKxip9LQCJjb3GYPPPL3hnrAYXssRN\", \"updatedAt\": \"2025-08-26T09:31:49.513413\", \"paymentMethod\": \"stripe\"}','2025-08-26 02:31:50'),(79,'SYSTEM','UPDATE','PAYMENT','cf0057b5-be76-4009-b666-9e9f68f19842','{\"id\": \"cf0057b5-be76-4009-b666-9e9f68f19842\", \"user\": {\"id\": \"41af40ad-9423-42b6-a4ae-38a45b8ddf93\", \"name\": \"Vịt Điên\", \"email\": \"vitdienclone@gmail.com\"}, \"amount\": 179.99, \"course\": {\"id\": \"course-005\", \"price\": 179.99, \"title\": \"Advanced Python Programming\", \"instructorId\": \"user-005\", \"instructorName\": \"Edward Chen\"}, \"paidAt\": null, \"status\": \"PENDING\", \"userId\": \"41af40ad-9423-42b6-a4ae-38a45b8ddf93\", \"courseId\": \"course-005\", \"createdAt\": \"2025-08-26T09:31:50\", \"sessionId\": \"cs_test_a1Eo2lUGgFUkGjUyuLgTpvtYviN3gKxip9LQCJjb3GYPPPL3hnrAYXssRN\", \"updatedAt\": \"2025-08-26T09:31:50\", \"paymentMethod\": \"stripe\"}','{\"id\": \"cf0057b5-be76-4009-b666-9e9f68f19842\", \"user\": {\"id\": \"41af40ad-9423-42b6-a4ae-38a45b8ddf93\", \"name\": \"Vịt Điên\", \"email\": \"vitdienclone@gmail.com\"}, \"amount\": 179.99, \"course\": {\"id\": \"course-005\", \"price\": 179.99, \"title\": \"Advanced Python Programming\", \"instructorId\": \"user-005\", \"instructorName\": \"Edward Chen\"}, \"paidAt\": \"2025-08-26T09:31:55.6511209\", \"status\": \"COMPLETED\", \"userId\": \"41af40ad-9423-42b6-a4ae-38a45b8ddf93\", \"courseId\": \"course-005\", \"createdAt\": \"2025-08-26T09:31:50\", \"sessionId\": \"cs_test_a1Eo2lUGgFUkGjUyuLgTpvtYviN3gKxip9LQCJjb3GYPPPL3hnrAYXssRN\", \"updatedAt\": \"2025-08-26T09:31:50\", \"paymentMethod\": \"stripe\"}','2025-08-26 02:31:56'),(80,'41af40ad-9423-42b6-a4ae-38a45b8ddf93','CREATE','PAYMENT','91f3b21a-48c8-4e56-8c14-cc2deb9e82e6',NULL,'{\"id\": \"91f3b21a-48c8-4e56-8c14-cc2deb9e82e6\", \"user\": {\"id\": \"41af40ad-9423-42b6-a4ae-38a45b8ddf93\", \"name\": \"Vịt Điên\", \"email\": \"vitdienclone@gmail.com\"}, \"amount\": 129.99, \"course\": {\"id\": \"course-003\", \"price\": 129.99, \"title\": \"Mobile App Development with React Native\", \"instructorId\": \"user-006\", \"instructorName\": \"Fiona Davis\"}, \"paidAt\": null, \"status\": \"PENDING\", \"userId\": \"41af40ad-9423-42b6-a4ae-38a45b8ddf93\", \"courseId\": \"course-003\", \"createdAt\": null, \"sessionId\": null, \"updatedAt\": null, \"paymentMethod\": \"stripe\"}','2025-08-26 02:32:08'),(81,'41af40ad-9423-42b6-a4ae-38a45b8ddf93','UPDATE','PAYMENT','91f3b21a-48c8-4e56-8c14-cc2deb9e82e6','{\"id\": \"91f3b21a-48c8-4e56-8c14-cc2deb9e82e6\", \"user\": {\"id\": \"41af40ad-9423-42b6-a4ae-38a45b8ddf93\", \"name\": \"Vịt Điên\", \"email\": \"vitdienclone@gmail.com\"}, \"amount\": 129.99, \"course\": {\"id\": \"course-003\", \"price\": 129.99, \"title\": \"Mobile App Development with React Native\", \"instructorId\": \"user-006\", \"instructorName\": \"Fiona Davis\"}, \"paidAt\": null, \"status\": \"PENDING\", \"userId\": \"41af40ad-9423-42b6-a4ae-38a45b8ddf93\", \"courseId\": \"course-003\", \"createdAt\": \"2025-08-26T09:32:07.887697\", \"sessionId\": null, \"updatedAt\": \"2025-08-26T09:32:07.887697\", \"paymentMethod\": \"stripe\"}','{\"id\": \"91f3b21a-48c8-4e56-8c14-cc2deb9e82e6\", \"user\": {\"id\": \"41af40ad-9423-42b6-a4ae-38a45b8ddf93\", \"name\": \"Vịt Điên\", \"email\": \"vitdienclone@gmail.com\"}, \"amount\": 129.99, \"course\": {\"id\": \"course-003\", \"price\": 129.99, \"title\": \"Mobile App Development with React Native\", \"instructorId\": \"user-006\", \"instructorName\": \"Fiona Davis\"}, \"paidAt\": null, \"status\": \"PENDING\", \"userId\": \"41af40ad-9423-42b6-a4ae-38a45b8ddf93\", \"courseId\": \"course-003\", \"createdAt\": \"2025-08-26T09:32:07.887697\", \"sessionId\": \"cs_test_a1kpJgCt2Y34LGNgGwBJAE7QmPNZpE3BwPg9dJfenotaHmcTODh1NxfMjD\", \"updatedAt\": \"2025-08-26T09:32:07.887697\", \"paymentMethod\": \"stripe\"}','2025-08-26 02:32:09'),(82,'SYSTEM','UPDATE','PAYMENT','91f3b21a-48c8-4e56-8c14-cc2deb9e82e6','{\"id\": \"91f3b21a-48c8-4e56-8c14-cc2deb9e82e6\", \"user\": {\"id\": \"41af40ad-9423-42b6-a4ae-38a45b8ddf93\", \"name\": \"Vịt Điên\", \"email\": \"vitdienclone@gmail.com\"}, \"amount\": 129.99, \"course\": {\"id\": \"course-003\", \"price\": 129.99, \"title\": \"Mobile App Development with React Native\", \"instructorId\": \"user-006\", \"instructorName\": \"Fiona Davis\"}, \"paidAt\": null, \"status\": \"PENDING\", \"userId\": \"41af40ad-9423-42b6-a4ae-38a45b8ddf93\", \"courseId\": \"course-003\", \"createdAt\": \"2025-08-26T09:32:08\", \"sessionId\": \"cs_test_a1kpJgCt2Y34LGNgGwBJAE7QmPNZpE3BwPg9dJfenotaHmcTODh1NxfMjD\", \"updatedAt\": \"2025-08-26T09:32:09\", \"paymentMethod\": \"stripe\"}','{\"id\": \"91f3b21a-48c8-4e56-8c14-cc2deb9e82e6\", \"user\": {\"id\": \"41af40ad-9423-42b6-a4ae-38a45b8ddf93\", \"name\": \"Vịt Điên\", \"email\": \"vitdienclone@gmail.com\"}, \"amount\": 129.99, \"course\": {\"id\": \"course-003\", \"price\": 129.99, \"title\": \"Mobile App Development with React Native\", \"instructorId\": \"user-006\", \"instructorName\": \"Fiona Davis\"}, \"paidAt\": \"2025-08-26T09:32:15.7481152\", \"status\": \"COMPLETED\", \"userId\": \"41af40ad-9423-42b6-a4ae-38a45b8ddf93\", \"courseId\": \"course-003\", \"createdAt\": \"2025-08-26T09:32:08\", \"sessionId\": \"cs_test_a1kpJgCt2Y34LGNgGwBJAE7QmPNZpE3BwPg9dJfenotaHmcTODh1NxfMjD\", \"updatedAt\": \"2025-08-26T09:32:09\", \"paymentMethod\": \"stripe\"}','2025-08-26 02:32:16'),(83,'41af40ad-9423-42b6-a4ae-38a45b8ddf93','CREATE','PAYMENT','aaffd0d1-9eba-4f18-8741-5121f296221e',NULL,'{\"id\": \"aaffd0d1-9eba-4f18-8741-5121f296221e\", \"user\": {\"id\": \"41af40ad-9423-42b6-a4ae-38a45b8ddf93\", \"name\": \"Vịt Điên\", \"email\": \"vitdienclone@gmail.com\"}, \"amount\": 199.99, \"course\": {\"id\": \"course-004\", \"price\": 199.99, \"title\": \"Cybersecurity Essentials\", \"instructorId\": \"user-008\", \"instructorName\": \"Hannah Taylor\"}, \"paidAt\": null, \"status\": \"PENDING\", \"userId\": \"41af40ad-9423-42b6-a4ae-38a45b8ddf93\", \"courseId\": \"course-004\", \"createdAt\": null, \"sessionId\": null, \"updatedAt\": null, \"paymentMethod\": \"stripe\"}','2025-08-26 02:34:28'),(84,'41af40ad-9423-42b6-a4ae-38a45b8ddf93','UPDATE','PAYMENT','aaffd0d1-9eba-4f18-8741-5121f296221e','{\"id\": \"aaffd0d1-9eba-4f18-8741-5121f296221e\", \"user\": {\"id\": \"41af40ad-9423-42b6-a4ae-38a45b8ddf93\", \"name\": \"Vịt Điên\", \"email\": \"vitdienclone@gmail.com\"}, \"amount\": 199.99, \"course\": {\"id\": \"course-004\", \"price\": 199.99, \"title\": \"Cybersecurity Essentials\", \"instructorId\": \"user-008\", \"instructorName\": \"Hannah Taylor\"}, \"paidAt\": null, \"status\": \"PENDING\", \"userId\": \"41af40ad-9423-42b6-a4ae-38a45b8ddf93\", \"courseId\": \"course-004\", \"createdAt\": \"2025-08-26T09:34:27.510962\", \"sessionId\": null, \"updatedAt\": \"2025-08-26T09:34:27.510962\", \"paymentMethod\": \"stripe\"}','{\"id\": \"aaffd0d1-9eba-4f18-8741-5121f296221e\", \"user\": {\"id\": \"41af40ad-9423-42b6-a4ae-38a45b8ddf93\", \"name\": \"Vịt Điên\", \"email\": \"vitdienclone@gmail.com\"}, \"amount\": 199.99, \"course\": {\"id\": \"course-004\", \"price\": 199.99, \"title\": \"Cybersecurity Essentials\", \"instructorId\": \"user-008\", \"instructorName\": \"Hannah Taylor\"}, \"paidAt\": null, \"status\": \"PENDING\", \"userId\": \"41af40ad-9423-42b6-a4ae-38a45b8ddf93\", \"courseId\": \"course-004\", \"createdAt\": \"2025-08-26T09:34:27.510962\", \"sessionId\": \"cs_test_a1nA1k70ENtEbPQjN4SCoIWMI9SV7nCls5UiJGrWWnTjDimmpyLnfK7LZ8\", \"updatedAt\": \"2025-08-26T09:34:27.510962\", \"paymentMethod\": \"stripe\"}','2025-08-26 02:34:28'),(85,'41af40ad-9423-42b6-a4ae-38a45b8ddf93','CREATE','PAYMENT','475dd551-4a9c-4f1a-93c0-0cc63c4469b2',NULL,'{\"id\": \"475dd551-4a9c-4f1a-93c0-0cc63c4469b2\", \"user\": {\"id\": \"41af40ad-9423-42b6-a4ae-38a45b8ddf93\", \"name\": \"Vịt Điên\", \"email\": \"vitdienclone@gmail.com\"}, \"amount\": 139.99, \"course\": {\"id\": \"course-008\", \"price\": 139.99, \"title\": \"Database Design and Optimization\", \"instructorId\": \"user-007\", \"instructorName\": \"George Wilson\"}, \"paidAt\": null, \"status\": \"PENDING\", \"userId\": \"41af40ad-9423-42b6-a4ae-38a45b8ddf93\", \"courseId\": \"course-008\", \"createdAt\": null, \"sessionId\": null, \"updatedAt\": null, \"paymentMethod\": \"stripe\"}','2025-08-26 02:34:47'),(86,'41af40ad-9423-42b6-a4ae-38a45b8ddf93','UPDATE','PAYMENT','475dd551-4a9c-4f1a-93c0-0cc63c4469b2','{\"id\": \"475dd551-4a9c-4f1a-93c0-0cc63c4469b2\", \"user\": {\"id\": \"41af40ad-9423-42b6-a4ae-38a45b8ddf93\", \"name\": \"Vịt Điên\", \"email\": \"vitdienclone@gmail.com\"}, \"amount\": 139.99, \"course\": {\"id\": \"course-008\", \"price\": 139.99, \"title\": \"Database Design and Optimization\", \"instructorId\": \"user-007\", \"instructorName\": \"George Wilson\"}, \"paidAt\": null, \"status\": \"PENDING\", \"userId\": \"41af40ad-9423-42b6-a4ae-38a45b8ddf93\", \"courseId\": \"course-008\", \"createdAt\": \"2025-08-26T09:34:47.094019\", \"sessionId\": null, \"updatedAt\": \"2025-08-26T09:34:47.094019\", \"paymentMethod\": \"stripe\"}','{\"id\": \"475dd551-4a9c-4f1a-93c0-0cc63c4469b2\", \"user\": {\"id\": \"41af40ad-9423-42b6-a4ae-38a45b8ddf93\", \"name\": \"Vịt Điên\", \"email\": \"vitdienclone@gmail.com\"}, \"amount\": 139.99, \"course\": {\"id\": \"course-008\", \"price\": 139.99, \"title\": \"Database Design and Optimization\", \"instructorId\": \"user-007\", \"instructorName\": \"George Wilson\"}, \"paidAt\": null, \"status\": \"PENDING\", \"userId\": \"41af40ad-9423-42b6-a4ae-38a45b8ddf93\", \"courseId\": \"course-008\", \"createdAt\": \"2025-08-26T09:34:47.094019\", \"sessionId\": \"cs_test_a1adHD2EoghLfWmcWLRNilKu2SdWa1vpna8Xcxt5LWNbSrO17clejxOIZq\", \"updatedAt\": \"2025-08-26T09:34:47.094019\", \"paymentMethod\": \"stripe\"}','2025-08-26 02:34:48'),(87,'41af40ad-9423-42b6-a4ae-38a45b8ddf93','CREATE','PAYMENT','e7c2a19c-fa49-4649-89d4-319d68545992',NULL,'{\"id\": \"e7c2a19c-fa49-4649-89d4-319d68545992\", \"user\": {\"id\": \"41af40ad-9423-42b6-a4ae-38a45b8ddf93\", \"name\": \"Vịt Điên\", \"email\": \"vitdienclone@gmail.com\"}, \"amount\": 99.99, \"course\": {\"id\": \"course-001\", \"price\": 99.99, \"title\": \"Complete React Development Course\", \"instructorId\": \"user-003\", \"instructorName\": \"Charlie\"}, \"paidAt\": null, \"status\": \"PENDING\", \"userId\": \"41af40ad-9423-42b6-a4ae-38a45b8ddf93\", \"courseId\": \"course-001\", \"createdAt\": null, \"sessionId\": null, \"updatedAt\": null, \"paymentMethod\": \"stripe\"}','2025-08-26 02:35:20'),(88,'41af40ad-9423-42b6-a4ae-38a45b8ddf93','UPDATE','PAYMENT','e7c2a19c-fa49-4649-89d4-319d68545992','{\"id\": \"e7c2a19c-fa49-4649-89d4-319d68545992\", \"user\": {\"id\": \"41af40ad-9423-42b6-a4ae-38a45b8ddf93\", \"name\": \"Vịt Điên\", \"email\": \"vitdienclone@gmail.com\"}, \"amount\": 99.99, \"course\": {\"id\": \"course-001\", \"price\": 99.99, \"title\": \"Complete React Development Course\", \"instructorId\": \"user-003\", \"instructorName\": \"Charlie\"}, \"paidAt\": null, \"status\": \"PENDING\", \"userId\": \"41af40ad-9423-42b6-a4ae-38a45b8ddf93\", \"courseId\": \"course-001\", \"createdAt\": \"2025-08-26T09:35:20.048941\", \"sessionId\": null, \"updatedAt\": \"2025-08-26T09:35:20.048941\", \"paymentMethod\": \"stripe\"}','{\"id\": \"e7c2a19c-fa49-4649-89d4-319d68545992\", \"user\": {\"id\": \"41af40ad-9423-42b6-a4ae-38a45b8ddf93\", \"name\": \"Vịt Điên\", \"email\": \"vitdienclone@gmail.com\"}, \"amount\": 99.99, \"course\": {\"id\": \"course-001\", \"price\": 99.99, \"title\": \"Complete React Development Course\", \"instructorId\": \"user-003\", \"instructorName\": \"Charlie\"}, \"paidAt\": null, \"status\": \"PENDING\", \"userId\": \"41af40ad-9423-42b6-a4ae-38a45b8ddf93\", \"courseId\": \"course-001\", \"createdAt\": \"2025-08-26T09:35:20.048941\", \"sessionId\": \"cs_test_a1tiMUSFzRGnGyBESuHRsMknDwJs2ddQv1NaPPJGNnEHLhQYceYO06iDO6\", \"updatedAt\": \"2025-08-26T09:35:20.048941\", \"paymentMethod\": \"stripe\"}','2025-08-26 02:35:21'),(89,'5b0aa024-020f-433d-be04-ef490ed7e440','CREATE','PAYMENT','7d3e4251-cf0a-4cd5-9703-06d507c166d8',NULL,'{\"id\": \"7d3e4251-cf0a-4cd5-9703-06d507c166d8\", \"user\": {\"id\": \"5b0aa024-020f-433d-be04-ef490ed7e440\", \"name\": \"LÊ THỪA QUỐC HUY\", \"email\": \"huyltq.21it@vku.udn.vn\"}, \"amount\": 169.99, \"course\": {\"id\": \"course-015\", \"price\": 169.99, \"title\": \"Flutter Mobile App Development\", \"instructorId\": \"user-007\", \"instructorName\": \"George Wilson\"}, \"paidAt\": null, \"status\": \"PENDING\", \"userId\": \"5b0aa024-020f-433d-be04-ef490ed7e440\", \"courseId\": \"course-015\", \"createdAt\": null, \"sessionId\": null, \"updatedAt\": null, \"paymentMethod\": \"stripe\"}','2025-08-26 03:04:12'),(90,'5b0aa024-020f-433d-be04-ef490ed7e440','UPDATE','PAYMENT','7d3e4251-cf0a-4cd5-9703-06d507c166d8','{\"id\": \"7d3e4251-cf0a-4cd5-9703-06d507c166d8\", \"user\": {\"id\": \"5b0aa024-020f-433d-be04-ef490ed7e440\", \"name\": \"LÊ THỪA QUỐC HUY\", \"email\": \"huyltq.21it@vku.udn.vn\"}, \"amount\": 169.99, \"course\": {\"id\": \"course-015\", \"price\": 169.99, \"title\": \"Flutter Mobile App Development\", \"instructorId\": \"user-007\", \"instructorName\": \"George Wilson\"}, \"paidAt\": null, \"status\": \"PENDING\", \"userId\": \"5b0aa024-020f-433d-be04-ef490ed7e440\", \"courseId\": \"course-015\", \"createdAt\": \"2025-08-26T10:04:11.862336\", \"sessionId\": null, \"updatedAt\": \"2025-08-26T10:04:11.862336\", \"paymentMethod\": \"stripe\"}','{\"id\": \"7d3e4251-cf0a-4cd5-9703-06d507c166d8\", \"user\": {\"id\": \"5b0aa024-020f-433d-be04-ef490ed7e440\", \"name\": \"LÊ THỪA QUỐC HUY\", \"email\": \"huyltq.21it@vku.udn.vn\"}, \"amount\": 169.99, \"course\": {\"id\": \"course-015\", \"price\": 169.99, \"title\": \"Flutter Mobile App Development\", \"instructorId\": \"user-007\", \"instructorName\": \"George Wilson\"}, \"paidAt\": null, \"status\": \"PENDING\", \"userId\": \"5b0aa024-020f-433d-be04-ef490ed7e440\", \"courseId\": \"course-015\", \"createdAt\": \"2025-08-26T10:04:11.862336\", \"sessionId\": \"cs_test_a1gjZs0WPJXUVdTYsZxnEdEUoYY8Z6WNlp26L5DoKHseMAuBu6BvahUwZW\", \"updatedAt\": \"2025-08-26T10:04:11.862336\", \"paymentMethod\": \"stripe\"}','2025-08-26 03:04:13'),(91,'SYSTEM','UPDATE','PAYMENT','7d3e4251-cf0a-4cd5-9703-06d507c166d8','{\"id\": \"7d3e4251-cf0a-4cd5-9703-06d507c166d8\", \"user\": {\"id\": \"5b0aa024-020f-433d-be04-ef490ed7e440\", \"name\": \"LÊ THỪA QUỐC HUY\", \"email\": \"huyltq.21it@vku.udn.vn\"}, \"amount\": 169.99, \"course\": {\"id\": \"course-015\", \"price\": 169.99, \"title\": \"Flutter Mobile App Development\", \"instructorId\": \"user-007\", \"instructorName\": \"George Wilson\"}, \"paidAt\": null, \"status\": \"PENDING\", \"userId\": \"5b0aa024-020f-433d-be04-ef490ed7e440\", \"courseId\": \"course-015\", \"createdAt\": \"2025-08-26T10:04:12\", \"sessionId\": \"cs_test_a1gjZs0WPJXUVdTYsZxnEdEUoYY8Z6WNlp26L5DoKHseMAuBu6BvahUwZW\", \"updatedAt\": \"2025-08-26T10:04:13\", \"paymentMethod\": \"stripe\"}','{\"id\": \"7d3e4251-cf0a-4cd5-9703-06d507c166d8\", \"user\": {\"id\": \"5b0aa024-020f-433d-be04-ef490ed7e440\", \"name\": \"LÊ THỪA QUỐC HUY\", \"email\": \"huyltq.21it@vku.udn.vn\"}, \"amount\": 169.99, \"course\": {\"id\": \"course-015\", \"price\": 169.99, \"title\": \"Flutter Mobile App Development\", \"instructorId\": \"user-007\", \"instructorName\": \"George Wilson\"}, \"paidAt\": \"2025-08-26T10:04:52.7628025\", \"status\": \"COMPLETED\", \"userId\": \"5b0aa024-020f-433d-be04-ef490ed7e440\", \"courseId\": \"course-015\", \"createdAt\": \"2025-08-26T10:04:12\", \"sessionId\": \"cs_test_a1gjZs0WPJXUVdTYsZxnEdEUoYY8Z6WNlp26L5DoKHseMAuBu6BvahUwZW\", \"updatedAt\": \"2025-08-26T10:04:13\", \"paymentMethod\": \"stripe\"}','2025-08-26 03:04:53'),(92,'user-003','CREATE','Course','2c4fccd5-49b6-44cc-bdec-d0e951db3619',NULL,'{\"id\": \"2c4fccd5-49b6-44cc-bdec-d0e951db3619\", \"level\": \"INTERMEDIATE\", \"price\": 99, \"title\": \"vitdien\", \"createdAt\": \"2025-08-26T10:15:17.354052\", \"isDeleted\": false, \"updatedAt\": \"2025-08-26T10:15:17.388727\", \"isApproved\": false, \"categoryIds\": [\"cat-005\", \"cat-007\"], \"description\": \"http://localhost:3000/instructor/courses/create-course\", \"isPublished\": false, \"thumbnailId\": \"course-management/t1liet_1756178112770_d97c67a8.png\", \"instructorId\": \"user-003\", \"thumbnailUrl\": \"https://res.cloudinary.com/djg6scfth/image/upload/v1756178115/course-management/t1liet_1756178112770_d97c67a8.png.png\", \"categoryNames\": [\"Cybersecurity\", \"Cloud Computing\"], \"instructorName\": \"Charlie\"}','2025-08-26 03:15:18'),(93,'user-003','CREATE','Section','50ff94d0-ad79-4e7a-840b-97713442814b',NULL,'{\"id\": \"50ff94d0-ad79-4e7a-840b-97713442814b\", \"title\": \"sagasgasg\", \"courseId\": \"2c4fccd5-49b6-44cc-bdec-d0e951db3619\", \"createdAt\": \"2025-08-26T10:19:00.259815\", \"updatedAt\": \"2025-08-26T10:19:00.259815\", \"orderIndex\": 0, \"courseTitle\": \"vitdien\", \"description\": \"http://localhost:3000/instructor/courses/create-course\", \"lessonCount\": 0}','2025-08-26 03:19:01'),(94,'user-003','CREATE','Lesson','2877fc47-1d1f-4db4-9dc7-4bc5057c693b',NULL,'{\"id\": \"2877fc47-1d1f-4db4-9dc7-4bc5057c693b\", \"type\": \"VIDEO\", \"title\": \"Set up React Environment\", \"courseId\": \"2c4fccd5-49b6-44cc-bdec-d0e951db3619\", \"createdAt\": null, \"sectionId\": \"50ff94d0-ad79-4e7a-840b-97713442814b\", \"updatedAt\": null, \"orderIndex\": 0, \"courseTitle\": \"vitdien\", \"sectionTitle\": \"sagasgasg\", \"videoContent\": {\"id\": \"cd4f0a4c-48e8-44c1-ab06-21b1fa9d193a\", \"url\": \"https://res.cloudinary.com/djg6scfth/video/upload/v1756178344/course-videos/teliet_1756178341377_0dea7b77.mp4.mp4\", \"duration\": 10, \"createdAt\": \"2025-08-26T10:19:09.3136964\", \"uploadedBy\": \"user-003\"}}','2025-08-26 03:19:09'),(95,'5b0aa024-020f-433d-be04-ef490ed7e440','CREATE','PAYMENT','1650c6f6-8729-430a-a539-31e3ec049d39',NULL,'{\"id\": \"1650c6f6-8729-430a-a539-31e3ec049d39\", \"user\": {\"id\": \"5b0aa024-020f-433d-be04-ef490ed7e440\", \"name\": \"LÊ THỪA QUỐC HUY\", \"email\": \"huyltq.21it@vku.udn.vn\"}, \"amount\": 199.99, \"course\": {\"id\": \"course-014\", \"price\": 199.99, \"title\": \"DevOps and Docker Containerization\", \"instructorId\": \"user-006\", \"instructorName\": \"Fiona Davis\"}, \"paidAt\": null, \"status\": \"PENDING\", \"userId\": \"5b0aa024-020f-433d-be04-ef490ed7e440\", \"courseId\": \"course-014\", \"createdAt\": null, \"sessionId\": null, \"updatedAt\": null, \"paymentMethod\": \"stripe\"}','2025-08-27 03:44:13'),(96,'5b0aa024-020f-433d-be04-ef490ed7e440','UPDATE','PAYMENT','1650c6f6-8729-430a-a539-31e3ec049d39','{\"id\": \"1650c6f6-8729-430a-a539-31e3ec049d39\", \"user\": {\"id\": \"5b0aa024-020f-433d-be04-ef490ed7e440\", \"name\": \"LÊ THỪA QUỐC HUY\", \"email\": \"huyltq.21it@vku.udn.vn\"}, \"amount\": 199.99, \"course\": {\"id\": \"course-014\", \"price\": 199.99, \"title\": \"DevOps and Docker Containerization\", \"instructorId\": \"user-006\", \"instructorName\": \"Fiona Davis\"}, \"paidAt\": null, \"status\": \"PENDING\", \"userId\": \"5b0aa024-020f-433d-be04-ef490ed7e440\", \"courseId\": \"course-014\", \"createdAt\": \"2025-08-27T10:44:13.205415\", \"sessionId\": null, \"updatedAt\": \"2025-08-27T10:44:13.205415\", \"paymentMethod\": \"stripe\"}','{\"id\": \"1650c6f6-8729-430a-a539-31e3ec049d39\", \"user\": {\"id\": \"5b0aa024-020f-433d-be04-ef490ed7e440\", \"name\": \"LÊ THỪA QUỐC HUY\", \"email\": \"huyltq.21it@vku.udn.vn\"}, \"amount\": 199.99, \"course\": {\"id\": \"course-014\", \"price\": 199.99, \"title\": \"DevOps and Docker Containerization\", \"instructorId\": \"user-006\", \"instructorName\": \"Fiona Davis\"}, \"paidAt\": null, \"status\": \"PENDING\", \"userId\": \"5b0aa024-020f-433d-be04-ef490ed7e440\", \"courseId\": \"course-014\", \"createdAt\": \"2025-08-27T10:44:13.205415\", \"sessionId\": \"cs_test_a1Gu7gHn8IrzqDOZpHKK7P42XwpWzK5E1unsbiJ8MYvH7ThDEml79yF06e\", \"updatedAt\": \"2025-08-27T10:44:13.205415\", \"paymentMethod\": \"stripe\"}','2025-08-27 03:44:14'),(97,'SYSTEM','UPDATE','PAYMENT','1650c6f6-8729-430a-a539-31e3ec049d39','{\"id\": \"1650c6f6-8729-430a-a539-31e3ec049d39\", \"user\": {\"id\": \"5b0aa024-020f-433d-be04-ef490ed7e440\", \"name\": \"LÊ THỪA QUỐC HUY\", \"email\": \"huyltq.21it@vku.udn.vn\"}, \"amount\": 199.99, \"course\": {\"id\": \"course-014\", \"price\": 199.99, \"title\": \"DevOps and Docker Containerization\", \"instructorId\": \"user-006\", \"instructorName\": \"Fiona Davis\"}, \"paidAt\": null, \"status\": \"PENDING\", \"userId\": \"5b0aa024-020f-433d-be04-ef490ed7e440\", \"courseId\": \"course-014\", \"createdAt\": \"2025-08-27T10:44:13\", \"sessionId\": \"cs_test_a1Gu7gHn8IrzqDOZpHKK7P42XwpWzK5E1unsbiJ8MYvH7ThDEml79yF06e\", \"updatedAt\": \"2025-08-27T10:44:14\", \"paymentMethod\": \"stripe\"}','{\"id\": \"1650c6f6-8729-430a-a539-31e3ec049d39\", \"user\": {\"id\": \"5b0aa024-020f-433d-be04-ef490ed7e440\", \"name\": \"LÊ THỪA QUỐC HUY\", \"email\": \"huyltq.21it@vku.udn.vn\"}, \"amount\": 199.99, \"course\": {\"id\": \"course-014\", \"price\": 199.99, \"title\": \"DevOps and Docker Containerization\", \"instructorId\": \"user-006\", \"instructorName\": \"Fiona Davis\"}, \"paidAt\": \"2025-08-27T10:44:23.6818853\", \"status\": \"COMPLETED\", \"userId\": \"5b0aa024-020f-433d-be04-ef490ed7e440\", \"courseId\": \"course-014\", \"createdAt\": \"2025-08-27T10:44:13\", \"sessionId\": \"cs_test_a1Gu7gHn8IrzqDOZpHKK7P42XwpWzK5E1unsbiJ8MYvH7ThDEml79yF06e\", \"updatedAt\": \"2025-08-27T10:44:14\", \"paymentMethod\": \"stripe\"}','2025-08-27 03:44:24'),(98,'5b0aa024-020f-433d-be04-ef490ed7e440','CREATE','PAYMENT','1c93fbc7-9986-4ffb-ab4d-642bb680d820',NULL,'{\"id\": \"1c93fbc7-9986-4ffb-ab4d-642bb680d820\", \"user\": {\"id\": \"5b0aa024-020f-433d-be04-ef490ed7e440\", \"name\": \"LÊ THỪA QUỐC HUY\", \"email\": \"huyltq.21it@vku.udn.vn\"}, \"amount\": 129.99, \"course\": {\"id\": \"course-013\", \"price\": 129.99, \"title\": \"Complete Vue.js Web Development\", \"instructorId\": \"user-005\", \"instructorName\": \"Edward Chen\"}, \"paidAt\": null, \"status\": \"PENDING\", \"userId\": \"5b0aa024-020f-433d-be04-ef490ed7e440\", \"courseId\": \"course-013\", \"createdAt\": null, \"sessionId\": null, \"updatedAt\": null, \"paymentMethod\": \"stripe\"}','2025-08-27 03:44:36'),(99,'5b0aa024-020f-433d-be04-ef490ed7e440','UPDATE','PAYMENT','1c93fbc7-9986-4ffb-ab4d-642bb680d820','{\"id\": \"1c93fbc7-9986-4ffb-ab4d-642bb680d820\", \"user\": {\"id\": \"5b0aa024-020f-433d-be04-ef490ed7e440\", \"name\": \"LÊ THỪA QUỐC HUY\", \"email\": \"huyltq.21it@vku.udn.vn\"}, \"amount\": 129.99, \"course\": {\"id\": \"course-013\", \"price\": 129.99, \"title\": \"Complete Vue.js Web Development\", \"instructorId\": \"user-005\", \"instructorName\": \"Edward Chen\"}, \"paidAt\": null, \"status\": \"PENDING\", \"userId\": \"5b0aa024-020f-433d-be04-ef490ed7e440\", \"courseId\": \"course-013\", \"createdAt\": \"2025-08-27T10:44:35.550519\", \"sessionId\": null, \"updatedAt\": \"2025-08-27T10:44:35.550519\", \"paymentMethod\": \"stripe\"}','{\"id\": \"1c93fbc7-9986-4ffb-ab4d-642bb680d820\", \"user\": {\"id\": \"5b0aa024-020f-433d-be04-ef490ed7e440\", \"name\": \"LÊ THỪA QUỐC HUY\", \"email\": \"huyltq.21it@vku.udn.vn\"}, \"amount\": 129.99, \"course\": {\"id\": \"course-013\", \"price\": 129.99, \"title\": \"Complete Vue.js Web Development\", \"instructorId\": \"user-005\", \"instructorName\": \"Edward Chen\"}, \"paidAt\": null, \"status\": \"PENDING\", \"userId\": \"5b0aa024-020f-433d-be04-ef490ed7e440\", \"courseId\": \"course-013\", \"createdAt\": \"2025-08-27T10:44:35.550519\", \"sessionId\": \"cs_test_a1CEctg4hONMlfU2MSD4es8QCtZDWsE3ZllOBAOCvBifcwZMkGdaoZRbo4\", \"updatedAt\": \"2025-08-27T10:44:35.550519\", \"paymentMethod\": \"stripe\"}','2025-08-27 03:44:36'),(100,'SYSTEM','UPDATE','PAYMENT','1c93fbc7-9986-4ffb-ab4d-642bb680d820','{\"id\": \"1c93fbc7-9986-4ffb-ab4d-642bb680d820\", \"user\": {\"id\": \"5b0aa024-020f-433d-be04-ef490ed7e440\", \"name\": \"LÊ THỪA QUỐC HUY\", \"email\": \"huyltq.21it@vku.udn.vn\"}, \"amount\": 129.99, \"course\": {\"id\": \"course-013\", \"price\": 129.99, \"title\": \"Complete Vue.js Web Development\", \"instructorId\": \"user-005\", \"instructorName\": \"Edward Chen\"}, \"paidAt\": null, \"status\": \"PENDING\", \"userId\": \"5b0aa024-020f-433d-be04-ef490ed7e440\", \"courseId\": \"course-013\", \"createdAt\": \"2025-08-27T10:44:36\", \"sessionId\": \"cs_test_a1CEctg4hONMlfU2MSD4es8QCtZDWsE3ZllOBAOCvBifcwZMkGdaoZRbo4\", \"updatedAt\": \"2025-08-27T10:44:36\", \"paymentMethod\": \"stripe\"}','{\"id\": \"1c93fbc7-9986-4ffb-ab4d-642bb680d820\", \"user\": {\"id\": \"5b0aa024-020f-433d-be04-ef490ed7e440\", \"name\": \"LÊ THỪA QUỐC HUY\", \"email\": \"huyltq.21it@vku.udn.vn\"}, \"amount\": 129.99, \"course\": {\"id\": \"course-013\", \"price\": 129.99, \"title\": \"Complete Vue.js Web Development\", \"instructorId\": \"user-005\", \"instructorName\": \"Edward Chen\"}, \"paidAt\": \"2025-08-27T10:44:43.7030845\", \"status\": \"COMPLETED\", \"userId\": \"5b0aa024-020f-433d-be04-ef490ed7e440\", \"courseId\": \"course-013\", \"createdAt\": \"2025-08-27T10:44:36\", \"sessionId\": \"cs_test_a1CEctg4hONMlfU2MSD4es8QCtZDWsE3ZllOBAOCvBifcwZMkGdaoZRbo4\", \"updatedAt\": \"2025-08-27T10:44:36\", \"paymentMethod\": \"stripe\"}','2025-08-27 03:44:44'),(101,'5b0aa024-020f-433d-be04-ef490ed7e440','CREATE','PAYMENT','69adc687-7e69-4ce5-8f1e-9838ae6815ba',NULL,'{\"id\": \"69adc687-7e69-4ce5-8f1e-9838ae6815ba\", \"user\": {\"id\": \"5b0aa024-020f-433d-be04-ef490ed7e440\", \"name\": \"LÊ THỪA QUỐC HUY\", \"email\": \"huyltq.21it@vku.udn.vn\"}, \"amount\": 219.99, \"course\": {\"id\": \"course-010\", \"price\": 219.99, \"title\": \"Introduction to Artificial Intelligence\", \"instructorId\": \"user-010\", \"instructorName\": \"Julia Anderson\"}, \"paidAt\": null, \"status\": \"PENDING\", \"userId\": \"5b0aa024-020f-433d-be04-ef490ed7e440\", \"courseId\": \"course-010\", \"createdAt\": null, \"sessionId\": null, \"updatedAt\": null, \"paymentMethod\": \"stripe\"}','2025-08-27 03:44:49'),(102,'5b0aa024-020f-433d-be04-ef490ed7e440','UPDATE','PAYMENT','69adc687-7e69-4ce5-8f1e-9838ae6815ba','{\"id\": \"69adc687-7e69-4ce5-8f1e-9838ae6815ba\", \"user\": {\"id\": \"5b0aa024-020f-433d-be04-ef490ed7e440\", \"name\": \"LÊ THỪA QUỐC HUY\", \"email\": \"huyltq.21it@vku.udn.vn\"}, \"amount\": 219.99, \"course\": {\"id\": \"course-010\", \"price\": 219.99, \"title\": \"Introduction to Artificial Intelligence\", \"instructorId\": \"user-010\", \"instructorName\": \"Julia Anderson\"}, \"paidAt\": null, \"status\": \"PENDING\", \"userId\": \"5b0aa024-020f-433d-be04-ef490ed7e440\", \"courseId\": \"course-010\", \"createdAt\": \"2025-08-27T10:44:49.445311\", \"sessionId\": null, \"updatedAt\": \"2025-08-27T10:44:49.445311\", \"paymentMethod\": \"stripe\"}','{\"id\": \"69adc687-7e69-4ce5-8f1e-9838ae6815ba\", \"user\": {\"id\": \"5b0aa024-020f-433d-be04-ef490ed7e440\", \"name\": \"LÊ THỪA QUỐC HUY\", \"email\": \"huyltq.21it@vku.udn.vn\"}, \"amount\": 219.99, \"course\": {\"id\": \"course-010\", \"price\": 219.99, \"title\": \"Introduction to Artificial Intelligence\", \"instructorId\": \"user-010\", \"instructorName\": \"Julia Anderson\"}, \"paidAt\": null, \"status\": \"PENDING\", \"userId\": \"5b0aa024-020f-433d-be04-ef490ed7e440\", \"courseId\": \"course-010\", \"createdAt\": \"2025-08-27T10:44:49.445311\", \"sessionId\": \"cs_test_a1OKNIjS71xtXp7VFTbGqTF9r4SJPhl6qLSHH53kBuy9k4L7vj0VqcZKdK\", \"updatedAt\": \"2025-08-27T10:44:49.445311\", \"paymentMethod\": \"stripe\"}','2025-08-27 03:44:50'),(103,'SYSTEM','UPDATE','PAYMENT','69adc687-7e69-4ce5-8f1e-9838ae6815ba','{\"id\": \"69adc687-7e69-4ce5-8f1e-9838ae6815ba\", \"user\": {\"id\": \"5b0aa024-020f-433d-be04-ef490ed7e440\", \"name\": \"LÊ THỪA QUỐC HUY\", \"email\": \"huyltq.21it@vku.udn.vn\"}, \"amount\": 219.99, \"course\": {\"id\": \"course-010\", \"price\": 219.99, \"title\": \"Introduction to Artificial Intelligence\", \"instructorId\": \"user-010\", \"instructorName\": \"Julia Anderson\"}, \"paidAt\": null, \"status\": \"PENDING\", \"userId\": \"5b0aa024-020f-433d-be04-ef490ed7e440\", \"courseId\": \"course-010\", \"createdAt\": \"2025-08-27T10:44:49\", \"sessionId\": \"cs_test_a1OKNIjS71xtXp7VFTbGqTF9r4SJPhl6qLSHH53kBuy9k4L7vj0VqcZKdK\", \"updatedAt\": \"2025-08-27T10:44:50\", \"paymentMethod\": \"stripe\"}','{\"id\": \"69adc687-7e69-4ce5-8f1e-9838ae6815ba\", \"user\": {\"id\": \"5b0aa024-020f-433d-be04-ef490ed7e440\", \"name\": \"LÊ THỪA QUỐC HUY\", \"email\": \"huyltq.21it@vku.udn.vn\"}, \"amount\": 219.99, \"course\": {\"id\": \"course-010\", \"price\": 219.99, \"title\": \"Introduction to Artificial Intelligence\", \"instructorId\": \"user-010\", \"instructorName\": \"Julia Anderson\"}, \"paidAt\": \"2025-08-27T10:44:57.1453859\", \"status\": \"COMPLETED\", \"userId\": \"5b0aa024-020f-433d-be04-ef490ed7e440\", \"courseId\": \"course-010\", \"createdAt\": \"2025-08-27T10:44:49\", \"sessionId\": \"cs_test_a1OKNIjS71xtXp7VFTbGqTF9r4SJPhl6qLSHH53kBuy9k4L7vj0VqcZKdK\", \"updatedAt\": \"2025-08-27T10:44:50\", \"paymentMethod\": \"stripe\"}','2025-08-27 03:44:57'),(104,'5b0aa024-020f-433d-be04-ef490ed7e440','CREATE','PAYMENT','c000a439-175d-489b-b8ad-c17e5de681aa',NULL,'{\"id\": \"c000a439-175d-489b-b8ad-c17e5de681aa\", \"user\": {\"id\": \"5b0aa024-020f-433d-be04-ef490ed7e440\", \"name\": \"LÊ THỪA QUỐC HUY\", \"email\": \"huyltq.21it@vku.udn.vn\"}, \"amount\": 189.99, \"course\": {\"id\": \"course-009\", \"price\": 189.99, \"title\": \"DevOps and CI/CD Pipeline\", \"instructorId\": \"user-004\", \"instructorName\": \"Diana Roberts\"}, \"paidAt\": null, \"status\": \"PENDING\", \"userId\": \"5b0aa024-020f-433d-be04-ef490ed7e440\", \"courseId\": \"course-009\", \"createdAt\": null, \"sessionId\": null, \"updatedAt\": null, \"paymentMethod\": \"stripe\"}','2025-08-27 03:45:23'),(105,'5b0aa024-020f-433d-be04-ef490ed7e440','UPDATE','PAYMENT','c000a439-175d-489b-b8ad-c17e5de681aa','{\"id\": \"c000a439-175d-489b-b8ad-c17e5de681aa\", \"user\": {\"id\": \"5b0aa024-020f-433d-be04-ef490ed7e440\", \"name\": \"LÊ THỪA QUỐC HUY\", \"email\": \"huyltq.21it@vku.udn.vn\"}, \"amount\": 189.99, \"course\": {\"id\": \"course-009\", \"price\": 189.99, \"title\": \"DevOps and CI/CD Pipeline\", \"instructorId\": \"user-004\", \"instructorName\": \"Diana Roberts\"}, \"paidAt\": null, \"status\": \"PENDING\", \"userId\": \"5b0aa024-020f-433d-be04-ef490ed7e440\", \"courseId\": \"course-009\", \"createdAt\": \"2025-08-27T10:45:22.494353\", \"sessionId\": null, \"updatedAt\": \"2025-08-27T10:45:22.494353\", \"paymentMethod\": \"stripe\"}','{\"id\": \"c000a439-175d-489b-b8ad-c17e5de681aa\", \"user\": {\"id\": \"5b0aa024-020f-433d-be04-ef490ed7e440\", \"name\": \"LÊ THỪA QUỐC HUY\", \"email\": \"huyltq.21it@vku.udn.vn\"}, \"amount\": 189.99, \"course\": {\"id\": \"course-009\", \"price\": 189.99, \"title\": \"DevOps and CI/CD Pipeline\", \"instructorId\": \"user-004\", \"instructorName\": \"Diana Roberts\"}, \"paidAt\": null, \"status\": \"PENDING\", \"userId\": \"5b0aa024-020f-433d-be04-ef490ed7e440\", \"courseId\": \"course-009\", \"createdAt\": \"2025-08-27T10:45:22.494353\", \"sessionId\": \"cs_test_a1Y8tVIFfx5sznIEFJm02ao6ygBhXxeUR2PxeHwQboDioRdsOg49biV3UN\", \"updatedAt\": \"2025-08-27T10:45:22.494353\", \"paymentMethod\": \"stripe\"}','2025-08-27 03:45:24'),(106,'SYSTEM','UPDATE','PAYMENT','c000a439-175d-489b-b8ad-c17e5de681aa','{\"id\": \"c000a439-175d-489b-b8ad-c17e5de681aa\", \"user\": {\"id\": \"5b0aa024-020f-433d-be04-ef490ed7e440\", \"name\": \"LÊ THỪA QUỐC HUY\", \"email\": \"huyltq.21it@vku.udn.vn\"}, \"amount\": 189.99, \"course\": {\"id\": \"course-009\", \"price\": 189.99, \"title\": \"DevOps and CI/CD Pipeline\", \"instructorId\": \"user-004\", \"instructorName\": \"Diana Roberts\"}, \"paidAt\": null, \"status\": \"PENDING\", \"userId\": \"5b0aa024-020f-433d-be04-ef490ed7e440\", \"courseId\": \"course-009\", \"createdAt\": \"2025-08-27T10:45:22\", \"sessionId\": \"cs_test_a1Y8tVIFfx5sznIEFJm02ao6ygBhXxeUR2PxeHwQboDioRdsOg49biV3UN\", \"updatedAt\": \"2025-08-27T10:45:24\", \"paymentMethod\": \"stripe\"}','{\"id\": \"c000a439-175d-489b-b8ad-c17e5de681aa\", \"user\": {\"id\": \"5b0aa024-020f-433d-be04-ef490ed7e440\", \"name\": \"LÊ THỪA QUỐC HUY\", \"email\": \"huyltq.21it@vku.udn.vn\"}, \"amount\": 189.99, \"course\": {\"id\": \"course-009\", \"price\": 189.99, \"title\": \"DevOps and CI/CD Pipeline\", \"instructorId\": \"user-004\", \"instructorName\": \"Diana Roberts\"}, \"paidAt\": \"2025-08-27T10:45:34.5075032\", \"status\": \"COMPLETED\", \"userId\": \"5b0aa024-020f-433d-be04-ef490ed7e440\", \"courseId\": \"course-009\", \"createdAt\": \"2025-08-27T10:45:22\", \"sessionId\": \"cs_test_a1Y8tVIFfx5sznIEFJm02ao6ygBhXxeUR2PxeHwQboDioRdsOg49biV3UN\", \"updatedAt\": \"2025-08-27T10:45:24\", \"paymentMethod\": \"stripe\"}','2025-08-27 03:45:35'),(107,'5b0aa024-020f-433d-be04-ef490ed7e440','CREATE','PAYMENT','9e3adbb0-3a37-41aa-8474-5bed9175d00e',NULL,'{\"id\": \"9e3adbb0-3a37-41aa-8474-5bed9175d00e\", \"user\": {\"id\": \"5b0aa024-020f-433d-be04-ef490ed7e440\", \"name\": \"LÊ THỪA QUỐC HUY\", \"email\": \"huyltq.21it@vku.udn.vn\"}, \"amount\": 199.99, \"course\": {\"id\": \"course-007\", \"price\": 199.99, \"title\": \"Cloud Computing with AWS\", \"instructorId\": \"user-009\", \"instructorName\": \"Ian Miller\"}, \"paidAt\": null, \"status\": \"PENDING\", \"userId\": \"5b0aa024-020f-433d-be04-ef490ed7e440\", \"courseId\": \"course-007\", \"createdAt\": null, \"sessionId\": null, \"updatedAt\": null, \"paymentMethod\": \"stripe\"}','2025-08-27 03:45:44'),(108,'5b0aa024-020f-433d-be04-ef490ed7e440','UPDATE','PAYMENT','9e3adbb0-3a37-41aa-8474-5bed9175d00e','{\"id\": \"9e3adbb0-3a37-41aa-8474-5bed9175d00e\", \"user\": {\"id\": \"5b0aa024-020f-433d-be04-ef490ed7e440\", \"name\": \"LÊ THỪA QUỐC HUY\", \"email\": \"huyltq.21it@vku.udn.vn\"}, \"amount\": 199.99, \"course\": {\"id\": \"course-007\", \"price\": 199.99, \"title\": \"Cloud Computing with AWS\", \"instructorId\": \"user-009\", \"instructorName\": \"Ian Miller\"}, \"paidAt\": null, \"status\": \"PENDING\", \"userId\": \"5b0aa024-020f-433d-be04-ef490ed7e440\", \"courseId\": \"course-007\", \"createdAt\": \"2025-08-27T10:45:43.582842\", \"sessionId\": null, \"updatedAt\": \"2025-08-27T10:45:43.582842\", \"paymentMethod\": \"stripe\"}','{\"id\": \"9e3adbb0-3a37-41aa-8474-5bed9175d00e\", \"user\": {\"id\": \"5b0aa024-020f-433d-be04-ef490ed7e440\", \"name\": \"LÊ THỪA QUỐC HUY\", \"email\": \"huyltq.21it@vku.udn.vn\"}, \"amount\": 199.99, \"course\": {\"id\": \"course-007\", \"price\": 199.99, \"title\": \"Cloud Computing with AWS\", \"instructorId\": \"user-009\", \"instructorName\": \"Ian Miller\"}, \"paidAt\": null, \"status\": \"PENDING\", \"userId\": \"5b0aa024-020f-433d-be04-ef490ed7e440\", \"courseId\": \"course-007\", \"createdAt\": \"2025-08-27T10:45:43.582842\", \"sessionId\": \"cs_test_a1iALRjKr90anx76agLlXG7iwFDTPWTHzLAGGSLo8hJOt4tPTi2bS5yxWz\", \"updatedAt\": \"2025-08-27T10:45:43.582842\", \"paymentMethod\": \"stripe\"}','2025-08-27 03:45:44'),(109,'SYSTEM','UPDATE','PAYMENT','9e3adbb0-3a37-41aa-8474-5bed9175d00e','{\"id\": \"9e3adbb0-3a37-41aa-8474-5bed9175d00e\", \"user\": {\"id\": \"5b0aa024-020f-433d-be04-ef490ed7e440\", \"name\": \"LÊ THỪA QUỐC HUY\", \"email\": \"huyltq.21it@vku.udn.vn\"}, \"amount\": 199.99, \"course\": {\"id\": \"course-007\", \"price\": 199.99, \"title\": \"Cloud Computing with AWS\", \"instructorId\": \"user-009\", \"instructorName\": \"Ian Miller\"}, \"paidAt\": null, \"status\": \"PENDING\", \"userId\": \"5b0aa024-020f-433d-be04-ef490ed7e440\", \"courseId\": \"course-007\", \"createdAt\": \"2025-08-27T10:45:44\", \"sessionId\": \"cs_test_a1iALRjKr90anx76agLlXG7iwFDTPWTHzLAGGSLo8hJOt4tPTi2bS5yxWz\", \"updatedAt\": \"2025-08-27T10:45:44\", \"paymentMethod\": \"stripe\"}','{\"id\": \"9e3adbb0-3a37-41aa-8474-5bed9175d00e\", \"user\": {\"id\": \"5b0aa024-020f-433d-be04-ef490ed7e440\", \"name\": \"LÊ THỪA QUỐC HUY\", \"email\": \"huyltq.21it@vku.udn.vn\"}, \"amount\": 199.99, \"course\": {\"id\": \"course-007\", \"price\": 199.99, \"title\": \"Cloud Computing with AWS\", \"instructorId\": \"user-009\", \"instructorName\": \"Ian Miller\"}, \"paidAt\": \"2025-08-27T10:45:51.4628874\", \"status\": \"COMPLETED\", \"userId\": \"5b0aa024-020f-433d-be04-ef490ed7e440\", \"courseId\": \"course-007\", \"createdAt\": \"2025-08-27T10:45:44\", \"sessionId\": \"cs_test_a1iALRjKr90anx76agLlXG7iwFDTPWTHzLAGGSLo8hJOt4tPTi2bS5yxWz\", \"updatedAt\": \"2025-08-27T10:45:44\", \"paymentMethod\": \"stripe\"}','2025-08-27 03:45:51'),(110,'5b0aa024-020f-433d-be04-ef490ed7e440','CREATE','PAYMENT','5a633e00-fdc5-4410-9140-68042852640f',NULL,'{\"id\": \"5a633e00-fdc5-4410-9140-68042852640f\", \"user\": {\"id\": \"5b0aa024-020f-433d-be04-ef490ed7e440\", \"name\": \"LÊ THỪA QUỐC HUY\", \"email\": \"huyltq.21it@vku.udn.vn\"}, \"amount\": 129.99, \"course\": {\"id\": \"course-003\", \"price\": 129.99, \"title\": \"Mobile App Development with React Native\", \"instructorId\": \"user-006\", \"instructorName\": \"Fiona Davis\"}, \"paidAt\": null, \"status\": \"PENDING\", \"userId\": \"5b0aa024-020f-433d-be04-ef490ed7e440\", \"courseId\": \"course-003\", \"createdAt\": null, \"sessionId\": null, \"updatedAt\": null, \"paymentMethod\": \"stripe\"}','2025-08-27 03:46:08'),(111,'5b0aa024-020f-433d-be04-ef490ed7e440','UPDATE','PAYMENT','5a633e00-fdc5-4410-9140-68042852640f','{\"id\": \"5a633e00-fdc5-4410-9140-68042852640f\", \"user\": {\"id\": \"5b0aa024-020f-433d-be04-ef490ed7e440\", \"name\": \"LÊ THỪA QUỐC HUY\", \"email\": \"huyltq.21it@vku.udn.vn\"}, \"amount\": 129.99, \"course\": {\"id\": \"course-003\", \"price\": 129.99, \"title\": \"Mobile App Development with React Native\", \"instructorId\": \"user-006\", \"instructorName\": \"Fiona Davis\"}, \"paidAt\": null, \"status\": \"PENDING\", \"userId\": \"5b0aa024-020f-433d-be04-ef490ed7e440\", \"courseId\": \"course-003\", \"createdAt\": \"2025-08-27T10:46:07.559205\", \"sessionId\": null, \"updatedAt\": \"2025-08-27T10:46:07.559205\", \"paymentMethod\": \"stripe\"}','{\"id\": \"5a633e00-fdc5-4410-9140-68042852640f\", \"user\": {\"id\": \"5b0aa024-020f-433d-be04-ef490ed7e440\", \"name\": \"LÊ THỪA QUỐC HUY\", \"email\": \"huyltq.21it@vku.udn.vn\"}, \"amount\": 129.99, \"course\": {\"id\": \"course-003\", \"price\": 129.99, \"title\": \"Mobile App Development with React Native\", \"instructorId\": \"user-006\", \"instructorName\": \"Fiona Davis\"}, \"paidAt\": null, \"status\": \"PENDING\", \"userId\": \"5b0aa024-020f-433d-be04-ef490ed7e440\", \"courseId\": \"course-003\", \"createdAt\": \"2025-08-27T10:46:07.559205\", \"sessionId\": \"cs_test_a1exlA8g7lyNqdssNkwOPlqbzvzNci7CjUCyFHu6MxhOTLtfUW8dVeKZWB\", \"updatedAt\": \"2025-08-27T10:46:07.559205\", \"paymentMethod\": \"stripe\"}','2025-08-27 03:46:08'),(112,'SYSTEM','UPDATE','PAYMENT','5a633e00-fdc5-4410-9140-68042852640f','{\"id\": \"5a633e00-fdc5-4410-9140-68042852640f\", \"user\": {\"id\": \"5b0aa024-020f-433d-be04-ef490ed7e440\", \"name\": \"LÊ THỪA QUỐC HUY\", \"email\": \"huyltq.21it@vku.udn.vn\"}, \"amount\": 129.99, \"course\": {\"id\": \"course-003\", \"price\": 129.99, \"title\": \"Mobile App Development with React Native\", \"instructorId\": \"user-006\", \"instructorName\": \"Fiona Davis\"}, \"paidAt\": null, \"status\": \"PENDING\", \"userId\": \"5b0aa024-020f-433d-be04-ef490ed7e440\", \"courseId\": \"course-003\", \"createdAt\": \"2025-08-27T10:46:08\", \"sessionId\": \"cs_test_a1exlA8g7lyNqdssNkwOPlqbzvzNci7CjUCyFHu6MxhOTLtfUW8dVeKZWB\", \"updatedAt\": \"2025-08-27T10:46:08\", \"paymentMethod\": \"stripe\"}','{\"id\": \"5a633e00-fdc5-4410-9140-68042852640f\", \"user\": {\"id\": \"5b0aa024-020f-433d-be04-ef490ed7e440\", \"name\": \"LÊ THỪA QUỐC HUY\", \"email\": \"huyltq.21it@vku.udn.vn\"}, \"amount\": 129.99, \"course\": {\"id\": \"course-003\", \"price\": 129.99, \"title\": \"Mobile App Development with React Native\", \"instructorId\": \"user-006\", \"instructorName\": \"Fiona Davis\"}, \"paidAt\": \"2025-08-27T10:46:14.8309432\", \"status\": \"COMPLETED\", \"userId\": \"5b0aa024-020f-433d-be04-ef490ed7e440\", \"courseId\": \"course-003\", \"createdAt\": \"2025-08-27T10:46:08\", \"sessionId\": \"cs_test_a1exlA8g7lyNqdssNkwOPlqbzvzNci7CjUCyFHu6MxhOTLtfUW8dVeKZWB\", \"updatedAt\": \"2025-08-27T10:46:08\", \"paymentMethod\": \"stripe\"}','2025-08-27 03:46:15'),(113,'user-003','CREATE','Course','9f1881cf-e4ad-4901-9e47-e28e4b553886',NULL,'{\"id\": \"9f1881cf-e4ad-4901-9e47-e28e4b553886\", \"level\": \"INTERMEDIATE\", \"price\": 35.99, \"title\": \"vitdien21\", \"createdAt\": \"2025-08-27T12:41:36.982823\", \"isDeleted\": false, \"updatedAt\": \"2025-08-27T12:41:36.993808\", \"isApproved\": false, \"categoryIds\": [\"cat-007\"], \"description\": \"aaaaaaaaaaaaaaaaaaaaaaaaaaaa\", \"isPublished\": false, \"thumbnailId\": \"course-management/t1liet_1756273293503_d9c47995.png\", \"instructorId\": \"user-003\", \"thumbnailUrl\": \"https://res.cloudinary.com/djg6scfth/image/upload/v1756273296/course-management/t1liet_1756273293503_d9c47995.png.png\", \"categoryNames\": [\"Cloud Computing\"], \"instructorName\": \"Charlie\"}','2025-08-27 05:41:37'),(114,'user-003','CREATE','Section','b9e471da-f559-4580-a0fe-a5bdfd910ed2',NULL,'{\"id\": \"b9e471da-f559-4580-a0fe-a5bdfd910ed2\", \"title\": \"section1\", \"courseId\": \"9f1881cf-e4ad-4901-9e47-e28e4b553886\", \"createdAt\": \"2025-08-27T12:47:50.140812\", \"updatedAt\": \"2025-08-27T12:47:50.140812\", \"orderIndex\": 0, \"courseTitle\": \"vitdien21\", \"description\": \"testttttttttttttt\", \"lessonCount\": 0}','2025-08-27 05:47:50'),(115,'user-003','CREATE','Lesson','2f5cbdda-cd02-45dd-9061-d20c2415ed7e',NULL,'{\"id\": \"2f5cbdda-cd02-45dd-9061-d20c2415ed7e\", \"type\": \"VIDEO\", \"title\": \"T liet\", \"courseId\": \"9f1881cf-e4ad-4901-9e47-e28e4b553886\", \"createdAt\": null, \"sectionId\": \"b9e471da-f559-4580-a0fe-a5bdfd910ed2\", \"updatedAt\": null, \"orderIndex\": 0, \"courseTitle\": \"vitdien21\", \"sectionTitle\": \"section1\", \"videoContent\": {\"id\": \"1423154e-49b1-4061-b041-32ab0cf1ffb8\", \"url\": \"https://res.cloudinary.com/djg6scfth/video/upload/v1756273673/course-videos/teliet_1756273670485_f02ded79.mp4.mp4\", \"duration\": 10, \"createdAt\": \"2025-08-27T12:47:57.3923635\", \"uploadedBy\": \"user-003\"}}','2025-08-27 05:47:58'),(116,'user-003','CREATE','Section','c289f748-bf96-4c05-a0b9-8c8fc850c2d6',NULL,'{\"id\": \"c289f748-bf96-4c05-a0b9-8c8fc850c2d6\", \"title\": \"section2\", \"courseId\": \"9f1881cf-e4ad-4901-9e47-e28e4b553886\", \"createdAt\": \"2025-08-27T12:47:59.105357\", \"updatedAt\": \"2025-08-27T12:47:59.105357\", \"orderIndex\": 1, \"courseTitle\": \"vitdien21\", \"description\": \"testtttttttttttttttttt\", \"lessonCount\": 0}','2025-08-27 05:47:59'),(117,'user-003','CREATE','Section','e9b13676-9f48-40ce-93c8-49cf133edd8c',NULL,'{\"id\": \"e9b13676-9f48-40ce-93c8-49cf133edd8c\", \"title\": \"section 3\", \"courseId\": \"9f1881cf-e4ad-4901-9e47-e28e4b553886\", \"createdAt\": \"2025-08-27T12:48:00.400369\", \"updatedAt\": \"2025-08-27T12:48:00.400369\", \"orderIndex\": 2, \"courseTitle\": \"vitdien21\", \"description\": \"ataaaaaaaaaaaaaaatt\", \"lessonCount\": 0}','2025-08-27 05:48:01'),(118,'user-002','CREATE','PAYMENT','2971d0ba-c5f6-4c6e-a409-d8b13d6da69e',NULL,'{\"id\": \"2971d0ba-c5f6-4c6e-a409-d8b13d6da69e\", \"user\": {\"id\": \"user-002\", \"name\": \"Bob dsagdg\", \"email\": \"bob@example.com\"}, \"amount\": 35.99, \"course\": {\"id\": \"9f1881cf-e4ad-4901-9e47-e28e4b553886\", \"price\": 35.99, \"title\": \"vitdien21\", \"instructorId\": \"user-003\", \"instructorName\": \"Charlie\"}, \"paidAt\": null, \"status\": \"PENDING\", \"userId\": \"user-002\", \"courseId\": \"9f1881cf-e4ad-4901-9e47-e28e4b553886\", \"createdAt\": null, \"sessionId\": null, \"updatedAt\": null, \"paymentMethod\": \"stripe\"}','2025-08-27 05:49:54'),(119,'user-002','UPDATE','PAYMENT','2971d0ba-c5f6-4c6e-a409-d8b13d6da69e','{\"id\": \"2971d0ba-c5f6-4c6e-a409-d8b13d6da69e\", \"user\": {\"id\": \"user-002\", \"name\": \"Bob dsagdg\", \"email\": \"bob@example.com\"}, \"amount\": 35.99, \"course\": {\"id\": \"9f1881cf-e4ad-4901-9e47-e28e4b553886\", \"price\": 35.99, \"title\": \"vitdien21\", \"instructorId\": \"user-003\", \"instructorName\": \"Charlie\"}, \"paidAt\": null, \"status\": \"PENDING\", \"userId\": \"user-002\", \"courseId\": \"9f1881cf-e4ad-4901-9e47-e28e4b553886\", \"createdAt\": \"2025-08-27T12:49:54.011615\", \"sessionId\": null, \"updatedAt\": \"2025-08-27T12:49:54.011615\", \"paymentMethod\": \"stripe\"}','{\"id\": \"2971d0ba-c5f6-4c6e-a409-d8b13d6da69e\", \"user\": {\"id\": \"user-002\", \"name\": \"Bob dsagdg\", \"email\": \"bob@example.com\"}, \"amount\": 35.99, \"course\": {\"id\": \"9f1881cf-e4ad-4901-9e47-e28e4b553886\", \"price\": 35.99, \"title\": \"vitdien21\", \"instructorId\": \"user-003\", \"instructorName\": \"Charlie\"}, \"paidAt\": null, \"status\": \"PENDING\", \"userId\": \"user-002\", \"courseId\": \"9f1881cf-e4ad-4901-9e47-e28e4b553886\", \"createdAt\": \"2025-08-27T12:49:54.011615\", \"sessionId\": \"cs_test_a1NfXcpSL87TzreZCpAPMH11r2DtnIHTctM42IIq5YC0LKg49l3rafvAu3\", \"updatedAt\": \"2025-08-27T12:49:54.011615\", \"paymentMethod\": \"stripe\"}','2025-08-27 05:49:55'),(120,'SYSTEM','UPDATE','PAYMENT','2971d0ba-c5f6-4c6e-a409-d8b13d6da69e','{\"id\": \"2971d0ba-c5f6-4c6e-a409-d8b13d6da69e\", \"user\": {\"id\": \"user-002\", \"name\": \"Bob dsagdg\", \"email\": \"bob@example.com\"}, \"amount\": 35.99, \"course\": {\"id\": \"9f1881cf-e4ad-4901-9e47-e28e4b553886\", \"price\": 35.99, \"title\": \"vitdien21\", \"instructorId\": \"user-003\", \"instructorName\": \"Charlie\"}, \"paidAt\": null, \"status\": \"PENDING\", \"userId\": \"user-002\", \"courseId\": \"9f1881cf-e4ad-4901-9e47-e28e4b553886\", \"createdAt\": \"2025-08-27T12:49:54\", \"sessionId\": \"cs_test_a1NfXcpSL87TzreZCpAPMH11r2DtnIHTctM42IIq5YC0LKg49l3rafvAu3\", \"updatedAt\": \"2025-08-27T12:49:55\", \"paymentMethod\": \"stripe\"}','{\"id\": \"2971d0ba-c5f6-4c6e-a409-d8b13d6da69e\", \"user\": {\"id\": \"user-002\", \"name\": \"Bob dsagdg\", \"email\": \"bob@example.com\"}, \"amount\": 35.99, \"course\": {\"id\": \"9f1881cf-e4ad-4901-9e47-e28e4b553886\", \"price\": 35.99, \"title\": \"vitdien21\", \"instructorId\": \"user-003\", \"instructorName\": \"Charlie\"}, \"paidAt\": \"2025-08-27T12:50:03.1947807\", \"status\": \"COMPLETED\", \"userId\": \"user-002\", \"courseId\": \"9f1881cf-e4ad-4901-9e47-e28e4b553886\", \"createdAt\": \"2025-08-27T12:49:54\", \"sessionId\": \"cs_test_a1NfXcpSL87TzreZCpAPMH11r2DtnIHTctM42IIq5YC0LKg49l3rafvAu3\", \"updatedAt\": \"2025-08-27T12:49:55\", \"paymentMethod\": \"stripe\"}','2025-08-27 05:50:03'),(121,'user-003','CREATE','Lesson','99341c9a-14e8-479d-9844-8ea22bac63ee',NULL,'{\"id\": \"99341c9a-14e8-479d-9844-8ea22bac63ee\", \"type\": \"VIDEO\", \"title\": \"tliet\", \"courseId\": \"9f1881cf-e4ad-4901-9e47-e28e4b553886\", \"createdAt\": null, \"sectionId\": \"b9e471da-f559-4580-a0fe-a5bdfd910ed2\", \"updatedAt\": null, \"orderIndex\": 4, \"courseTitle\": \"vitdien21\", \"sectionTitle\": \"section1\", \"videoContent\": {\"id\": \"29d4f80c-ef86-44f3-8f9c-6189355590eb\", \"url\": \"https://res.cloudinary.com/djg6scfth/video/upload/v1756277686/course-videos/tlietfaker_1756277680774_dc319703.mp4.mp4\", \"duration\": 12, \"createdAt\": \"2025-08-27T13:54:52.5287637\", \"uploadedBy\": \"user-003\"}}','2025-08-27 06:54:53'),(122,'user-003','CREATE','Section','246c4d99-1e7c-41f1-94f6-af1ef703beaf',NULL,'{\"id\": \"246c4d99-1e7c-41f1-94f6-af1ef703beaf\", \"title\": \"section1\", \"courseId\": \"9f1881cf-e4ad-4901-9e47-e28e4b553886\", \"createdAt\": \"2025-08-27T13:55:04.613874\", \"updatedAt\": \"2025-08-27T13:55:04.613874\", \"orderIndex\": 3, \"courseTitle\": \"vitdien21\", \"description\": \"testttttttttttttt\", \"lessonCount\": 0}','2025-08-27 06:55:05'),(123,'user-003','CREATE','Lesson','c1c64b32-2eac-42b6-a0c1-8f6534688983',NULL,'{\"id\": \"c1c64b32-2eac-42b6-a0c1-8f6534688983\", \"type\": \"VIDEO\", \"title\": \"T liet\", \"courseId\": \"9f1881cf-e4ad-4901-9e47-e28e4b553886\", \"createdAt\": null, \"sectionId\": \"246c4d99-1e7c-41f1-94f6-af1ef703beaf\", \"updatedAt\": null, \"orderIndex\": 0, \"courseTitle\": \"vitdien21\", \"sectionTitle\": \"section1\", \"videoContent\": {\"id\": \"02ee673f-51c8-4771-ac48-7dbfd7f424ac\", \"url\": \"https://res.cloudinary.com/djg6scfth/video/upload/v1756277710/course-videos/null_1756277706158_6bb154c9.mp4\", \"duration\": 10, \"createdAt\": \"2025-08-27T13:55:13.8612255\", \"uploadedBy\": \"user-003\"}}','2025-08-27 06:55:14'),(124,'user-003','CREATE','Lesson','e1926ed4-7820-4ee3-8d10-830478eb2c88',NULL,'{\"id\": \"e1926ed4-7820-4ee3-8d10-830478eb2c88\", \"type\": \"VIDEO\", \"title\": \"agsag\", \"courseId\": \"9f1881cf-e4ad-4901-9e47-e28e4b553886\", \"createdAt\": null, \"sectionId\": \"246c4d99-1e7c-41f1-94f6-af1ef703beaf\", \"updatedAt\": null, \"orderIndex\": 2, \"courseTitle\": \"vitdien21\", \"sectionTitle\": \"section1\", \"videoContent\": {\"id\": \"f264f36e-d87b-43a1-8f3d-e00e7bb3a588\", \"url\": \"https://res.cloudinary.com/djg6scfth/video/upload/v1756277721/course-videos/teliet_1756277716091_80d0e754.mp4.mp4\", \"duration\": 10, \"createdAt\": \"2025-08-27T13:55:25.062067\", \"uploadedBy\": \"user-003\"}}','2025-08-27 06:55:25'),(125,'user-003','CREATE','Lesson','d858dc1c-7118-4df0-b393-fcdd92072573',NULL,'{\"id\": \"d858dc1c-7118-4df0-b393-fcdd92072573\", \"type\": \"VIDEO\", \"title\": \"tliet\", \"courseId\": \"9f1881cf-e4ad-4901-9e47-e28e4b553886\", \"createdAt\": null, \"sectionId\": \"b9e471da-f559-4580-a0fe-a5bdfd910ed2\", \"updatedAt\": null, \"orderIndex\": 5, \"courseTitle\": \"vitdien21\", \"sectionTitle\": \"section1\", \"videoContent\": {\"id\": \"4c726572-ad59-4aaa-b21c-139fd2b32672\", \"url\": \"https://res.cloudinary.com/djg6scfth/video/upload/v1756277821/course-videos/tlietfaker_1756277813984_5a1badb6.mp4.mp4\", \"duration\": 12, \"createdAt\": \"2025-08-27T13:57:04.5807572\", \"uploadedBy\": \"user-003\"}}','2025-08-27 06:57:05'),(126,'user-003','CREATE','Lesson','d937b8cf-5013-47bb-a04d-9775af7d9af1',NULL,'{\"id\": \"d937b8cf-5013-47bb-a04d-9775af7d9af1\", \"type\": \"VIDEO\", \"title\": \"asgsa\", \"courseId\": \"9f1881cf-e4ad-4901-9e47-e28e4b553886\", \"createdAt\": null, \"sectionId\": \"b9e471da-f559-4580-a0fe-a5bdfd910ed2\", \"updatedAt\": null, \"orderIndex\": 6, \"courseTitle\": \"vitdien21\", \"sectionTitle\": \"section1\", \"videoContent\": {\"id\": \"5596d8a9-5815-4521-9a61-24c89e53b5b3\", \"url\": \"https://res.cloudinary.com/djg6scfth/video/upload/v1756277830/course-videos/teliet_1756277825284_022369f0.mp4.mp4\", \"duration\": 10, \"createdAt\": \"2025-08-27T13:57:15.0925469\", \"uploadedBy\": \"user-003\"}}','2025-08-27 06:57:15'),(127,'user-003','CREATE','Section','58b45cb0-3fbb-4080-a57e-6947d9cf6b18',NULL,'{\"id\": \"58b45cb0-3fbb-4080-a57e-6947d9cf6b18\", \"title\": \"section1\", \"courseId\": \"9f1881cf-e4ad-4901-9e47-e28e4b553886\", \"createdAt\": \"2025-08-27T13:57:22.630739\", \"updatedAt\": \"2025-08-27T13:57:22.630739\", \"orderIndex\": 4, \"courseTitle\": \"vitdien21\", \"description\": \"testttttttttttttt\", \"lessonCount\": 0}','2025-08-27 06:57:23'),(128,'user-003','CREATE','Lesson','633bd945-d9a5-4f10-a275-59e695a60705',NULL,'{\"id\": \"633bd945-d9a5-4f10-a275-59e695a60705\", \"type\": \"VIDEO\", \"title\": \"T liet\", \"courseId\": \"9f1881cf-e4ad-4901-9e47-e28e4b553886\", \"createdAt\": null, \"sectionId\": \"58b45cb0-3fbb-4080-a57e-6947d9cf6b18\", \"updatedAt\": null, \"orderIndex\": 0, \"courseTitle\": \"vitdien21\", \"sectionTitle\": \"section1\", \"videoContent\": {\"id\": \"4f1e9e93-7c53-45dd-8375-b2b70d5f9cea\", \"url\": \"https://res.cloudinary.com/djg6scfth/video/upload/v1756277848/course-videos/null_1756277843219_409bd74d.mp4\", \"duration\": 10, \"createdAt\": \"2025-08-27T13:57:32.3875724\", \"uploadedBy\": \"user-003\"}}','2025-08-27 06:57:33'),(129,'user-003','CREATE','Course','72eb8613-3192-4dc4-8917-d4baefe98582',NULL,'{\"id\": \"72eb8613-3192-4dc4-8917-d4baefe98582\", \"level\": \"BEGINNER\", \"price\": 35.98, \"title\": \"video test\", \"createdAt\": \"2025-08-27T13:58:23.424054\", \"isDeleted\": false, \"updatedAt\": \"2025-08-27T13:58:23.437078\", \"isApproved\": false, \"categoryIds\": [\"cat-007\"], \"description\": \"aaaaaaaaaaaaaaaaaaaaaaaaaa\", \"isPublished\": false, \"thumbnailId\": \"course-management/pxfuel__4__1756277898422_151e488b.jpg\", \"instructorId\": \"user-003\", \"thumbnailUrl\": \"https://res.cloudinary.com/djg6scfth/image/upload/v1756277902/course-management/pxfuel__4__1756277898422_151e488b.jpg.jpg\", \"categoryNames\": [\"Cloud Computing\"], \"instructorName\": \"Charlie\"}','2025-08-27 06:58:24'),(130,'user-003','CREATE','Section','29b37326-70b6-4676-a9d0-d72c9b59cb8b',NULL,'{\"id\": \"29b37326-70b6-4676-a9d0-d72c9b59cb8b\", \"title\": \"video test\", \"courseId\": \"72eb8613-3192-4dc4-8917-d4baefe98582\", \"createdAt\": \"2025-08-27T13:59:33.110104\", \"updatedAt\": \"2025-08-27T13:59:33.110104\", \"orderIndex\": 0, \"courseTitle\": \"video test\", \"description\": \"aaaaaaaaaaaaaaa\", \"lessonCount\": 0}','2025-08-27 06:59:33'),(131,'user-003','CREATE','Section','f6ab837e-6f11-4754-9d10-04cac4df1a80',NULL,'{\"id\": \"f6ab837e-6f11-4754-9d10-04cac4df1a80\", \"title\": \"video test\", \"courseId\": \"72eb8613-3192-4dc4-8917-d4baefe98582\", \"createdAt\": \"2025-08-27T13:59:54.215138\", \"updatedAt\": \"2025-08-27T13:59:54.215138\", \"orderIndex\": 1, \"courseTitle\": \"video test\", \"description\": \"aaaaaaaaaaaaaaa\", \"lessonCount\": 0}','2025-08-27 06:59:55'),(132,'user-003','CREATE','Section','f3a71785-e837-4835-af09-6e264584e214',NULL,'{\"id\": \"f3a71785-e837-4835-af09-6e264584e214\", \"title\": \"video test\", \"courseId\": \"72eb8613-3192-4dc4-8917-d4baefe98582\", \"createdAt\": \"2025-08-27T14:00:24.017247\", \"updatedAt\": \"2025-08-27T14:00:24.017247\", \"orderIndex\": 2, \"courseTitle\": \"video test\", \"description\": \"aaaaaaaaaaaaaaa\", \"lessonCount\": 0}','2025-08-27 07:00:24'),(133,'user-003','CREATE','Section','5830c41d-4706-4468-b4a1-53b304f92881',NULL,'{\"id\": \"5830c41d-4706-4468-b4a1-53b304f92881\", \"title\": \"video test\", \"courseId\": \"72eb8613-3192-4dc4-8917-d4baefe98582\", \"createdAt\": \"2025-08-27T14:00:54.364763\", \"updatedAt\": \"2025-08-27T14:00:54.364763\", \"orderIndex\": 3, \"courseTitle\": \"video test\", \"description\": \"aaaaaaaaaaaaaaa\", \"lessonCount\": 0}','2025-08-27 07:00:55'),(134,'user-003','CREATE','Lesson','d709faf0-2e71-4fa7-9c40-716ae92d709d',NULL,'{\"id\": \"d709faf0-2e71-4fa7-9c40-716ae92d709d\", \"type\": \"VIDEO\", \"title\": \"video1\", \"courseId\": \"72eb8613-3192-4dc4-8917-d4baefe98582\", \"createdAt\": null, \"sectionId\": \"5830c41d-4706-4468-b4a1-53b304f92881\", \"updatedAt\": null, \"orderIndex\": 0, \"courseTitle\": \"video test\", \"sectionTitle\": \"video test\", \"videoContent\": {\"id\": \"53c54d74-df95-4feb-aa55-6f35e406df9d\", \"url\": \"https://res.cloudinary.com/djg6scfth/video/upload/v1756278064/course-videos/teliet_1756278055243_d75f0ca6.mp4.mp4\", \"duration\": 10, \"createdAt\": \"2025-08-27T14:01:09.152076\", \"uploadedBy\": \"user-003\"}}','2025-08-27 07:01:09'),(135,'user-003','CREATE','Lesson','25af004d-9151-40b3-a7bd-02edc0d62df8',NULL,'{\"id\": \"25af004d-9151-40b3-a7bd-02edc0d62df8\", \"type\": \"VIDEO\", \"title\": \"saas\", \"courseId\": \"72eb8613-3192-4dc4-8917-d4baefe98582\", \"createdAt\": null, \"sectionId\": \"5830c41d-4706-4468-b4a1-53b304f92881\", \"updatedAt\": null, \"orderIndex\": 1, \"courseTitle\": \"video test\", \"sectionTitle\": \"video test\", \"videoContent\": {\"id\": \"84f30edb-f213-4f71-b843-ab98d3a684a4\", \"url\": \"https://res.cloudinary.com/djg6scfth/video/upload/v1756278077/course-videos/tlietfaker_1756278069437_e7160789.mp4.mp4\", \"duration\": 12, \"createdAt\": \"2025-08-27T14:01:20.9396298\", \"uploadedBy\": \"user-003\"}}','2025-08-27 07:01:21'),(136,'user-003','CREATE','Course','2ac197b4-cb91-40e7-99d6-e69e425f6ea9',NULL,'{\"id\": \"2ac197b4-cb91-40e7-99d6-e69e425f6ea9\", \"level\": \"BEGINNER\", \"price\": 24, \"title\": \"aaaaaaaaaaaaaaa\", \"createdAt\": \"2025-08-27T14:01:56.537501\", \"isDeleted\": false, \"updatedAt\": \"2025-08-27T14:01:56.546505\", \"isApproved\": false, \"categoryIds\": [\"cat-007\"], \"description\": \"aaaaaaaaaaaaaaaaaaaaaaaa\", \"isPublished\": false, \"thumbnailId\": \"course-management/t1liet_1756278112348_cb66aecb.png\", \"instructorId\": \"user-003\", \"thumbnailUrl\": \"https://res.cloudinary.com/djg6scfth/image/upload/v1756278115/course-management/t1liet_1756278112348_cb66aecb.png.png\", \"categoryNames\": [\"Cloud Computing\"], \"instructorName\": \"Charlie\"}','2025-08-27 07:01:57'),(137,'user-003','CREATE','Section','ec3995c8-d154-49fa-b4da-188e098bcaaf',NULL,'{\"id\": \"ec3995c8-d154-49fa-b4da-188e098bcaaf\", \"title\": \"ssssssssssssssss\", \"courseId\": \"2ac197b4-cb91-40e7-99d6-e69e425f6ea9\", \"createdAt\": \"2025-08-27T14:02:28.7504\", \"updatedAt\": \"2025-08-27T14:02:28.7504\", \"orderIndex\": 0, \"courseTitle\": \"aaaaaaaaaaaaaaa\", \"description\": \"sssssssssssssssssssss\", \"lessonCount\": 0}','2025-08-27 07:02:29'),(138,'user-003','CREATE','Section','e07cdc6d-7762-45ae-8f1b-440d247d5d0c',NULL,'{\"id\": \"e07cdc6d-7762-45ae-8f1b-440d247d5d0c\", \"title\": \"ssssssssssssssss\", \"courseId\": \"2ac197b4-cb91-40e7-99d6-e69e425f6ea9\", \"createdAt\": \"2025-08-27T14:03:08.119894\", \"updatedAt\": \"2025-08-27T14:03:08.119894\", \"orderIndex\": 1, \"courseTitle\": \"aaaaaaaaaaaaaaa\", \"description\": \"sssssssssssssssssssss\", \"lessonCount\": 0}','2025-08-27 07:03:08'),(139,'user-003','CREATE','Section','24d6e007-bb17-40cf-a1c5-2734648223c3',NULL,'{\"id\": \"24d6e007-bb17-40cf-a1c5-2734648223c3\", \"title\": \"ssssssssssssssss\", \"courseId\": \"2ac197b4-cb91-40e7-99d6-e69e425f6ea9\", \"createdAt\": \"2025-08-27T14:04:00.813172\", \"updatedAt\": \"2025-08-27T14:04:00.813172\", \"orderIndex\": 2, \"courseTitle\": \"aaaaaaaaaaaaaaa\", \"description\": \"sssssssssssssssssssss\", \"lessonCount\": 0}','2025-08-27 07:04:01'),(140,'user-002','CREATE','PAYMENT','2be5d5cf-fb68-4466-b0ca-1b418ac3dfae',NULL,'{\"id\": \"2be5d5cf-fb68-4466-b0ca-1b418ac3dfae\", \"user\": {\"id\": \"user-002\", \"name\": \"Bob dsagdg\", \"email\": \"bob@example.com\"}, \"amount\": 35.98, \"course\": {\"id\": \"72eb8613-3192-4dc4-8917-d4baefe98582\", \"price\": 35.98, \"title\": \"video test\", \"instructorId\": \"user-003\", \"instructorName\": \"Charlie\"}, \"paidAt\": null, \"status\": \"PENDING\", \"userId\": \"user-002\", \"courseId\": \"72eb8613-3192-4dc4-8917-d4baefe98582\", \"createdAt\": null, \"sessionId\": null, \"updatedAt\": null, \"paymentMethod\": \"stripe\"}','2025-08-27 07:05:49'),(141,'user-002','UPDATE','PAYMENT','2be5d5cf-fb68-4466-b0ca-1b418ac3dfae','{\"id\": \"2be5d5cf-fb68-4466-b0ca-1b418ac3dfae\", \"user\": {\"id\": \"user-002\", \"name\": \"Bob dsagdg\", \"email\": \"bob@example.com\"}, \"amount\": 35.98, \"course\": {\"id\": \"72eb8613-3192-4dc4-8917-d4baefe98582\", \"price\": 35.98, \"title\": \"video test\", \"instructorId\": \"user-003\", \"instructorName\": \"Charlie\"}, \"paidAt\": null, \"status\": \"PENDING\", \"userId\": \"user-002\", \"courseId\": \"72eb8613-3192-4dc4-8917-d4baefe98582\", \"createdAt\": \"2025-08-27T14:05:48.614422\", \"sessionId\": null, \"updatedAt\": \"2025-08-27T14:05:48.614422\", \"paymentMethod\": \"stripe\"}','{\"id\": \"2be5d5cf-fb68-4466-b0ca-1b418ac3dfae\", \"user\": {\"id\": \"user-002\", \"name\": \"Bob dsagdg\", \"email\": \"bob@example.com\"}, \"amount\": 35.98, \"course\": {\"id\": \"72eb8613-3192-4dc4-8917-d4baefe98582\", \"price\": 35.98, \"title\": \"video test\", \"instructorId\": \"user-003\", \"instructorName\": \"Charlie\"}, \"paidAt\": null, \"status\": \"PENDING\", \"userId\": \"user-002\", \"courseId\": \"72eb8613-3192-4dc4-8917-d4baefe98582\", \"createdAt\": \"2025-08-27T14:05:48.614422\", \"sessionId\": \"cs_test_a1jKqjGz0UfRk3ZwWozt9LaKnBzCeH4Z5OcjjvbhRo1qj3o4FwJDJpDjqw\", \"updatedAt\": \"2025-08-27T14:05:48.614422\", \"paymentMethod\": \"stripe\"}','2025-08-27 07:05:50'),(142,'SYSTEM','UPDATE','PAYMENT','2be5d5cf-fb68-4466-b0ca-1b418ac3dfae','{\"id\": \"2be5d5cf-fb68-4466-b0ca-1b418ac3dfae\", \"user\": {\"id\": \"user-002\", \"name\": \"Bob dsagdg\", \"email\": \"bob@example.com\"}, \"amount\": 35.98, \"course\": {\"id\": \"72eb8613-3192-4dc4-8917-d4baefe98582\", \"price\": 35.98, \"title\": \"video test\", \"instructorId\": \"user-003\", \"instructorName\": \"Charlie\"}, \"paidAt\": null, \"status\": \"PENDING\", \"userId\": \"user-002\", \"courseId\": \"72eb8613-3192-4dc4-8917-d4baefe98582\", \"createdAt\": \"2025-08-27T14:05:49\", \"sessionId\": \"cs_test_a1jKqjGz0UfRk3ZwWozt9LaKnBzCeH4Z5OcjjvbhRo1qj3o4FwJDJpDjqw\", \"updatedAt\": \"2025-08-27T14:05:50\", \"paymentMethod\": \"stripe\"}','{\"id\": \"2be5d5cf-fb68-4466-b0ca-1b418ac3dfae\", \"user\": {\"id\": \"user-002\", \"name\": \"Bob dsagdg\", \"email\": \"bob@example.com\"}, \"amount\": 35.98, \"course\": {\"id\": \"72eb8613-3192-4dc4-8917-d4baefe98582\", \"price\": 35.98, \"title\": \"video test\", \"instructorId\": \"user-003\", \"instructorName\": \"Charlie\"}, \"paidAt\": \"2025-08-27T14:05:57.4985436\", \"status\": \"COMPLETED\", \"userId\": \"user-002\", \"courseId\": \"72eb8613-3192-4dc4-8917-d4baefe98582\", \"createdAt\": \"2025-08-27T14:05:49\", \"sessionId\": \"cs_test_a1jKqjGz0UfRk3ZwWozt9LaKnBzCeH4Z5OcjjvbhRo1qj3o4FwJDJpDjqw\", \"updatedAt\": \"2025-08-27T14:05:50\", \"paymentMethod\": \"stripe\"}','2025-08-27 07:05:58'),(143,'user-003','CREATE','Course','cbb16c51-0be1-4ead-a83b-aae200715ebc',NULL,'{\"id\": \"cbb16c51-0be1-4ead-a83b-aae200715ebc\", \"level\": \"INTERMEDIATE\", \"price\": 99, \"title\": \"Course title\", \"createdAt\": \"2025-09-05T16:33:12.256312\", \"isDeleted\": false, \"updatedAt\": \"2025-09-05T16:33:12.272806\", \"isApproved\": false, \"categoryIds\": [\"cat-005\", \"6c4d515e-f978-4652-9a22-e9dd56565b22\"], \"description\": \"Course description Course description Course description Course description\", \"isPublished\": false, \"thumbnailId\": \"course-management/course-image2_1757064788221_2b04488d.jpg\", \"instructorId\": \"user-003\", \"thumbnailUrl\": \"https://res.cloudinary.com/dghnd5kqw/image/upload/v1757064789/course-management/course-image2_1757064788221_2b04488d.jpg.jpg\", \"categoryNames\": [\"Cybersecurity\", \"HuyMapNe\"], \"instructorName\": \"Charlie\"}','2025-09-05 09:33:12'),(144,'user-003','CREATE','Section','b7e2062b-17c1-43c6-bade-9962f0089d4f',NULL,'{\"id\": \"b7e2062b-17c1-43c6-bade-9962f0089d4f\", \"title\": \"AI Fundamentals\", \"courseId\": \"cbb16c51-0be1-4ead-a83b-aae200715ebc\", \"createdAt\": \"2025-09-05T16:33:53.815953\", \"updatedAt\": \"2025-09-05T16:33:53.815953\", \"orderIndex\": 0, \"courseTitle\": \"Course title\", \"description\": \"Course description Course description Course description Course description\", \"lessonCount\": 0}','2025-09-05 09:33:54'),(145,'user-003','CREATE','Lesson','fed48195-5c39-40f9-8b36-475493a13f8f',NULL,'{\"id\": \"fed48195-5c39-40f9-8b36-475493a13f8f\", \"type\": \"VIDEO\", \"title\": \"What is Artificial Intelligence?\", \"courseId\": \"cbb16c51-0be1-4ead-a83b-aae200715ebc\", \"createdAt\": null, \"sectionId\": \"b7e2062b-17c1-43c6-bade-9962f0089d4f\", \"updatedAt\": null, \"orderIndex\": 0, \"courseTitle\": \"Course title\", \"sectionTitle\": \"AI Fundamentals\", \"videoContent\": {\"id\": \"c6533cec-3abf-4975-8ea8-133b8b51c6e9\", \"url\": \"https://res.cloudinary.com/dghnd5kqw/video/upload/v1757064834/course-videos/course_video_1757064834331_129631d0.mp4.mp4\", \"duration\": 4, \"createdAt\": \"2025-09-05T16:33:58.4303402\", \"uploadedBy\": \"user-003\"}}','2025-09-05 09:33:59'),(146,'user-003','DELETE','Course','cbb16c51-0be1-4ead-a83b-aae200715ebc','{\"id\": \"cbb16c51-0be1-4ead-a83b-aae200715ebc\", \"level\": \"INTERMEDIATE\", \"price\": 99.0, \"title\": \"Course title\", \"createdAt\": \"2025-09-05T16:33:12\", \"isDeleted\": false, \"updatedAt\": \"2025-09-05T16:33:12\", \"isApproved\": false, \"categoryIds\": [\"6c4d515e-f978-4652-9a22-e9dd56565b22\", \"cat-005\"], \"description\": \"Course description Course description Course description Course description\", \"isPublished\": false, \"thumbnailId\": \"course-management/course-image2_1757064788221_2b04488d.jpg\", \"instructorId\": \"user-003\", \"thumbnailUrl\": \"https://res.cloudinary.com/dghnd5kqw/image/upload/v1757064789/course-management/course-image2_1757064788221_2b04488d.jpg.jpg\", \"categoryNames\": [\"HuyMapNe\", \"Cybersecurity\"], \"instructorName\": \"Charlie\"}',NULL,'2025-09-05 09:34:27'),(147,'user-003','DELETE','Section','24d6e007-bb17-40cf-a1c5-2734648223c3','{\"id\": \"24d6e007-bb17-40cf-a1c5-2734648223c3\", \"title\": \"ssssssssssssssss\", \"courseId\": \"2ac197b4-cb91-40e7-99d6-e69e425f6ea9\", \"createdAt\": \"2025-08-27T14:04:01\", \"updatedAt\": \"2025-08-27T14:04:01\", \"orderIndex\": 2, \"courseTitle\": \"aaaaaaaaaaaaaaa\", \"description\": \"sssssssssssssssssssss\", \"lessonCount\": 0}',NULL,'2025-09-06 04:13:10'),(148,'user-003','DELETE','Section','e07cdc6d-7762-45ae-8f1b-440d247d5d0c','{\"id\": \"e07cdc6d-7762-45ae-8f1b-440d247d5d0c\", \"title\": \"ssssssssssssssss\", \"courseId\": \"2ac197b4-cb91-40e7-99d6-e69e425f6ea9\", \"createdAt\": \"2025-08-27T14:03:08\", \"updatedAt\": \"2025-08-27T14:03:08\", \"orderIndex\": 1, \"courseTitle\": \"aaaaaaaaaaaaaaa\", \"description\": \"sssssssssssssssssssss\", \"lessonCount\": 0}',NULL,'2025-09-06 04:13:16'),(149,'user-003','CREATE','Lesson','4cabc418-131c-45df-9619-400164efc630',NULL,'{\"id\": \"4cabc418-131c-45df-9619-400164efc630\", \"type\": \"VIDEO\", \"title\": \"Lesson 1\", \"courseId\": \"2ac197b4-cb91-40e7-99d6-e69e425f6ea9\", \"createdAt\": null, \"sectionId\": \"ec3995c8-d154-49fa-b4da-188e098bcaaf\", \"updatedAt\": null, \"orderIndex\": 0, \"courseTitle\": \"aaaaaaaaaaaaaaa\", \"sectionTitle\": \"ssssssssssssssss\", \"videoContent\": {\"id\": \"d7dda3fd-0156-49a9-81b4-3693c4da13b9\", \"url\": \"https://res.cloudinary.com/dghnd5kqw/video/upload/v1757132016/course-videos/course_video_1757132013996_6db03550.mp4.mp4\", \"duration\": 4, \"createdAt\": \"2025-09-06T11:13:38.4155695\", \"uploadedBy\": \"user-003\"}}','2025-09-06 04:13:38'),(150,'user-003','CREATE','Section','8324ea51-e8d6-4698-9a6d-5a401ef944b9',NULL,'{\"id\": \"8324ea51-e8d6-4698-9a6d-5a401ef944b9\", \"title\": \"Section 2\", \"courseId\": \"2ac197b4-cb91-40e7-99d6-e69e425f6ea9\", \"createdAt\": \"2025-09-06T13:33:37.653971\", \"updatedAt\": \"2025-09-06T13:33:37.653971\", \"orderIndex\": 1, \"courseTitle\": \"aaaaaaaaaaaaaaa\", \"description\": \"Description of section 2\", \"lessonCount\": 0}','2025-09-06 06:33:38'),(151,'user-003','CREATE','Lesson','3096d93e-ae0a-44a2-a6a9-885ae68f416c',NULL,'{\"id\": \"3096d93e-ae0a-44a2-a6a9-885ae68f416c\", \"type\": \"VIDEO\", \"title\": \"lesson 1\", \"courseId\": \"2ac197b4-cb91-40e7-99d6-e69e425f6ea9\", \"createdAt\": null, \"sectionId\": \"8324ea51-e8d6-4698-9a6d-5a401ef944b9\", \"updatedAt\": null, \"orderIndex\": 0, \"courseTitle\": \"aaaaaaaaaaaaaaa\", \"sectionTitle\": \"Section 2\", \"videoContent\": {\"id\": \"ffe611f8-6b1e-4170-b43b-c071b1bea87e\", \"url\": \"https://res.cloudinary.com/dghnd5kqw/video/upload/v1757140421/course-videos/course_video_1757140418064_b41667ad.mp4.mp4\", \"duration\": 4, \"createdAt\": \"2025-09-06T13:33:42.7940126\", \"uploadedBy\": \"user-003\"}}','2025-09-06 06:33:43'),(152,'user-003','UPDATE','Lesson','3096d93e-ae0a-44a2-a6a9-885ae68f416c','{\"id\": \"3096d93e-ae0a-44a2-a6a9-885ae68f416c\", \"type\": \"VIDEO\", \"title\": \"lesson 1\", \"courseId\": \"2ac197b4-cb91-40e7-99d6-e69e425f6ea9\", \"createdAt\": \"2025-09-06T13:33:43\", \"sectionId\": \"8324ea51-e8d6-4698-9a6d-5a401ef944b9\", \"updatedAt\": \"2025-09-06T13:33:43\", \"orderIndex\": 0, \"courseTitle\": \"aaaaaaaaaaaaaaa\", \"sectionTitle\": \"Section 2\", \"videoContent\": {\"id\": \"ffe611f8-6b1e-4170-b43b-c071b1bea87e\", \"url\": \"https://res.cloudinary.com/dghnd5kqw/video/upload/v1757140421/course-videos/course_video_1757140418064_b41667ad.mp4.mp4\", \"duration\": 4, \"createdAt\": \"2025-09-06T13:33:43\", \"uploadedBy\": \"user-003\"}}','{\"id\": \"3096d93e-ae0a-44a2-a6a9-885ae68f416c\", \"type\": \"VIDEO\", \"title\": \"lesson 1\", \"courseId\": \"2ac197b4-cb91-40e7-99d6-e69e425f6ea9\", \"createdAt\": \"2025-09-06T13:33:43\", \"sectionId\": \"8324ea51-e8d6-4698-9a6d-5a401ef944b9\", \"updatedAt\": \"2025-09-06T13:33:43\", \"orderIndex\": 0, \"courseTitle\": \"aaaaaaaaaaaaaaa\", \"sectionTitle\": \"Section 2\", \"videoContent\": {\"id\": \"a98a1a7a-bf38-4114-ba60-f8ad0791e457\", \"url\": \"https://res.cloudinary.com/dghnd5kqw/video/upload/v1757143248/course-videos/null_1757143245728_04d3a2d2.mp4\", \"duration\": 4, \"createdAt\": \"2025-09-06T14:20:51.3911204\", \"uploadedBy\": \"user-003\"}}','2025-09-06 07:20:51'),(153,'user-003','UPDATE','Lesson','3096d93e-ae0a-44a2-a6a9-885ae68f416c','{\"id\": \"3096d93e-ae0a-44a2-a6a9-885ae68f416c\", \"type\": \"VIDEO\", \"title\": \"lesson 1\", \"courseId\": \"2ac197b4-cb91-40e7-99d6-e69e425f6ea9\", \"createdAt\": \"2025-09-06T13:33:43\", \"sectionId\": \"8324ea51-e8d6-4698-9a6d-5a401ef944b9\", \"updatedAt\": \"2025-09-06T14:20:51\", \"orderIndex\": 0, \"courseTitle\": \"aaaaaaaaaaaaaaa\", \"sectionTitle\": \"Section 2\", \"videoContent\": {\"id\": \"a98a1a7a-bf38-4114-ba60-f8ad0791e457\", \"url\": \"https://res.cloudinary.com/dghnd5kqw/video/upload/v1757143248/course-videos/null_1757143245728_04d3a2d2.mp4\", \"duration\": 4, \"createdAt\": \"2025-09-06T14:20:51\", \"uploadedBy\": \"user-003\"}}','{\"id\": \"3096d93e-ae0a-44a2-a6a9-885ae68f416c\", \"type\": \"VIDEO\", \"title\": \"lesson 1\", \"courseId\": \"2ac197b4-cb91-40e7-99d6-e69e425f6ea9\", \"createdAt\": \"2025-09-06T13:33:43\", \"sectionId\": \"8324ea51-e8d6-4698-9a6d-5a401ef944b9\", \"updatedAt\": \"2025-09-06T14:20:51\", \"orderIndex\": 0, \"courseTitle\": \"aaaaaaaaaaaaaaa\", \"sectionTitle\": \"Section 2\", \"videoContent\": {\"id\": \"724a8dca-04fd-4067-ae53-6182da4606e4\", \"url\": \"https://res.cloudinary.com/dghnd5kqw/video/upload/v1757143528/course-videos/null_1757143526510_3de33fb6.mp4\", \"duration\": 4, \"createdAt\": \"2025-09-06T14:25:31.8427703\", \"uploadedBy\": \"user-003\"}}','2025-09-06 07:25:32'),(154,'user-003','CREATE','Course','16884fb5-65b6-47ee-9c87-4d7c97dcbec9',NULL,'{\"id\": \"16884fb5-65b6-47ee-9c87-4d7c97dcbec9\", \"level\": \"BEGINNER\", \"price\": 0, \"title\": \"test create course\", \"createdAt\": \"2025-09-06T19:44:32.421675\", \"isDeleted\": false, \"updatedAt\": \"2025-09-06T19:44:32.428914\", \"isApproved\": false, \"categoryIds\": [\"cat-007\"], \"description\": \"test create course test create course\", \"isPublished\": false, \"thumbnailId\": \"course-management/SV-T__1757162669139_b7184b8b.jpg\", \"instructorId\": \"user-003\", \"thumbnailUrl\": \"https://res.cloudinary.com/dghnd5kqw/image/upload/v1757162672/course-management/SV-T__1757162669139_b7184b8b.jpg.jpg\", \"categoryNames\": [\"Cloud Computing\"], \"instructorName\": \"Charlie\"}','2025-09-06 12:44:33'),(155,'user-003','CREATE','Section','d5f18631-3cae-4d5e-a710-4d46970042e9',NULL,'{\"id\": \"d5f18631-3cae-4d5e-a710-4d46970042e9\", \"title\": \"test create course\", \"courseId\": \"16884fb5-65b6-47ee-9c87-4d7c97dcbec9\", \"createdAt\": \"2025-09-06T19:44:54.002602\", \"updatedAt\": \"2025-09-06T19:44:54.002602\", \"orderIndex\": 0, \"courseTitle\": \"test create course\", \"description\": \"test create course\", \"lessonCount\": 0}','2025-09-06 12:44:54'),(156,'user-003','CREATE','Lesson','92a4059f-07a9-4cd6-8c79-a554973cd265',NULL,'{\"id\": \"92a4059f-07a9-4cd6-8c79-a554973cd265\", \"type\": \"VIDEO\", \"title\": \"Lesson 1\", \"courseId\": \"16884fb5-65b6-47ee-9c87-4d7c97dcbec9\", \"createdAt\": null, \"sectionId\": \"d5f18631-3cae-4d5e-a710-4d46970042e9\", \"updatedAt\": null, \"orderIndex\": 0, \"courseTitle\": \"test create course\", \"sectionTitle\": \"test create course\", \"videoContent\": {\"id\": \"e17f8a9f-6f37-4684-8399-5c972f4f74ec\", \"url\": \"https://res.cloudinary.com/dghnd5kqw/video/upload/v1757162696/course-videos/course_video_1757162694214_f30f86be.mp4.mp4\", \"duration\": 4, \"createdAt\": \"2025-09-06T19:44:58.2925996\", \"uploadedBy\": \"user-003\"}}','2025-09-06 12:44:58'),(157,'user-003','DELETE','Course','16884fb5-65b6-47ee-9c87-4d7c97dcbec9','{\"id\": \"16884fb5-65b6-47ee-9c87-4d7c97dcbec9\", \"level\": \"BEGINNER\", \"price\": 0.0, \"title\": \"test create course\", \"createdAt\": \"2025-09-06T19:44:32\", \"isDeleted\": false, \"updatedAt\": \"2025-09-06T19:44:32\", \"isApproved\": false, \"categoryIds\": [\"cat-007\"], \"description\": \"test create course test create course\", \"isPublished\": false, \"thumbnailId\": \"course-management/SV-T__1757162669139_b7184b8b.jpg\", \"instructorId\": \"user-003\", \"thumbnailUrl\": \"https://res.cloudinary.com/dghnd5kqw/image/upload/v1757162672/course-management/SV-T__1757162669139_b7184b8b.jpg.jpg\", \"categoryNames\": [\"Cloud Computing\"], \"instructorName\": \"Charlie\"}',NULL,'2025-09-06 12:45:39'),(158,'user-003','CREATE','Lesson','f610b977-bc88-4471-8c3e-f09a440056c6',NULL,'{\"id\": \"f610b977-bc88-4471-8c3e-f09a440056c6\", \"type\": \"VIDEO\", \"title\": \"Lesson 3\", \"courseId\": \"2ac197b4-cb91-40e7-99d6-e69e425f6ea9\", \"createdAt\": null, \"sectionId\": \"ec3995c8-d154-49fa-b4da-188e098bcaaf\", \"updatedAt\": null, \"orderIndex\": 2, \"courseTitle\": \"aaaaaaaaaaaaaaa\", \"sectionTitle\": \"ssssssssssssssss\", \"videoContent\": {\"id\": \"9dc1d3a7-b56c-4883-b97d-b39869622fb9\", \"url\": \"https://res.cloudinary.com/dghnd5kqw/video/upload/v1757163774/course-videos/course_video_1757163771409_f2a705d7.mp4.mp4\", \"duration\": 4, \"createdAt\": \"2025-09-06T20:02:57.6159965\", \"uploadedBy\": \"user-003\"}}','2025-09-06 13:02:58'),(159,'user-003','CREATE','Section','f8f1003e-6ee2-4fb9-a395-c196caa20a99',NULL,'{\"id\": \"f8f1003e-6ee2-4fb9-a395-c196caa20a99\", \"title\": \"section 3\", \"courseId\": \"2ac197b4-cb91-40e7-99d6-e69e425f6ea9\", \"createdAt\": \"2025-09-06T20:05:19.478143\", \"updatedAt\": \"2025-09-06T20:05:19.478143\", \"orderIndex\": 2, \"courseTitle\": \"aaaaaaaaaaaaaaa\", \"description\": \"section 3\", \"lessonCount\": 0}','2025-09-06 13:05:20'),(160,'user-003','DELETE','Section','f8f1003e-6ee2-4fb9-a395-c196caa20a99','{\"id\": \"f8f1003e-6ee2-4fb9-a395-c196caa20a99\", \"title\": \"section 3\", \"courseId\": \"2ac197b4-cb91-40e7-99d6-e69e425f6ea9\", \"createdAt\": \"2025-09-06T20:05:19\", \"updatedAt\": \"2025-09-06T20:05:20\", \"orderIndex\": 0, \"courseTitle\": \"aaaaaaaaaaaaaaa\", \"description\": \"section 3\", \"lessonCount\": 0}',NULL,'2025-09-06 13:08:38'),(161,'user-003','CREATE','Section','f1c6ab36-2731-4a29-b2a0-9e2ef6fb1fd4',NULL,'{\"id\": \"f1c6ab36-2731-4a29-b2a0-9e2ef6fb1fd4\", \"title\": \"section 3\", \"courseId\": \"2ac197b4-cb91-40e7-99d6-e69e425f6ea9\", \"createdAt\": \"2025-09-06T20:10:17.620935\", \"updatedAt\": \"2025-09-06T20:10:17.620935\", \"orderIndex\": 2, \"courseTitle\": \"aaaaaaaaaaaaaaa\", \"description\": \"les.id.includes(\'new-lesson\')\", \"lessonCount\": 0}','2025-09-06 13:10:18'),(162,'user-003','DELETE','Section','f1c6ab36-2731-4a29-b2a0-9e2ef6fb1fd4','{\"id\": \"f1c6ab36-2731-4a29-b2a0-9e2ef6fb1fd4\", \"title\": \"section 3\", \"courseId\": \"2ac197b4-cb91-40e7-99d6-e69e425f6ea9\", \"createdAt\": \"2025-09-06T20:10:18\", \"updatedAt\": \"2025-09-06T20:10:18\", \"orderIndex\": 2, \"courseTitle\": \"aaaaaaaaaaaaaaa\", \"description\": \"les.id.includes(\'new-lesson\')\", \"lessonCount\": 0}',NULL,'2025-09-06 13:40:44'),(163,'user-003','CREATE','Section','3ff55652-9074-4937-9d16-d40d51286028',NULL,'{\"id\": \"3ff55652-9074-4937-9d16-d40d51286028\", \"title\": \"section 3\", \"courseId\": \"2ac197b4-cb91-40e7-99d6-e69e425f6ea9\", \"createdAt\": \"2025-09-06T20:50:02.644224\", \"updatedAt\": \"2025-09-06T20:50:02.644224\", \"orderIndex\": 2, \"courseTitle\": \"aaaaaaaaaaaaaaa\", \"description\": \"section 3\", \"lessonCount\": 0}','2025-09-06 13:50:03'),(164,'user-003','DELETE','Section','3ff55652-9074-4937-9d16-d40d51286028','{\"id\": \"3ff55652-9074-4937-9d16-d40d51286028\", \"title\": \"section 3\", \"courseId\": \"2ac197b4-cb91-40e7-99d6-e69e425f6ea9\", \"createdAt\": \"2025-09-06T20:50:03\", \"updatedAt\": \"2025-09-06T20:50:03\", \"orderIndex\": 2, \"courseTitle\": \"aaaaaaaaaaaaaaa\", \"description\": \"section 3\", \"lessonCount\": 0}',NULL,'2025-09-06 13:52:07'),(165,'user-003','CREATE','Section','d01143cc-b47c-4c28-9cc2-b708294ebea0',NULL,'{\"id\": \"d01143cc-b47c-4c28-9cc2-b708294ebea0\", \"title\": \"section 3\", \"courseId\": \"2ac197b4-cb91-40e7-99d6-e69e425f6ea9\", \"createdAt\": \"2025-09-06T20:53:14.63622\", \"updatedAt\": \"2025-09-06T20:53:14.63622\", \"orderIndex\": 2, \"courseTitle\": \"aaaaaaaaaaaaaaa\", \"description\": \"section 3\", \"lessonCount\": 0}','2025-09-06 13:53:15'),(166,'user-003','CREATE','Lesson','ab006db8-cf8a-4d8c-a418-0b17bf0966dc',NULL,'{\"id\": \"ab006db8-cf8a-4d8c-a418-0b17bf0966dc\", \"type\": \"VIDEO\", \"title\": \"Understanding Neural Networks\", \"courseId\": \"2ac197b4-cb91-40e7-99d6-e69e425f6ea9\", \"createdAt\": null, \"sectionId\": \"d01143cc-b47c-4c28-9cc2-b708294ebea0\", \"updatedAt\": null, \"orderIndex\": 0, \"courseTitle\": \"aaaaaaaaaaaaaaa\", \"sectionTitle\": \"section 3\", \"videoContent\": {\"id\": \"b58e4212-8bb5-4f33-a748-842532c15c4a\", \"url\": \"https://res.cloudinary.com/dghnd5kqw/video/upload/v1757166798/course-videos/course_video_1757166794939_aad41378.mp4.mp4\", \"duration\": 4, \"createdAt\": \"2025-09-06T20:53:20.7828718\", \"uploadedBy\": \"user-003\"}}','2025-09-06 13:53:21'),(167,'user-003','DELETE','Section','d01143cc-b47c-4c28-9cc2-b708294ebea0','{\"id\": \"d01143cc-b47c-4c28-9cc2-b708294ebea0\", \"title\": \"section 3\", \"courseId\": \"2ac197b4-cb91-40e7-99d6-e69e425f6ea9\", \"createdAt\": \"2025-09-06T20:53:15\", \"updatedAt\": \"2025-09-06T20:53:15\", \"orderIndex\": 2, \"courseTitle\": \"aaaaaaaaaaaaaaa\", \"description\": \"section 3\", \"lessonCount\": 1}',NULL,'2025-09-06 13:55:51'),(168,'user-003','CREATE','Lesson','7dd5e35c-4969-46de-be9f-672018d9429f',NULL,'{\"id\": \"7dd5e35c-4969-46de-be9f-672018d9429f\", \"type\": \"VIDEO\", \"title\": \"Lesson 4\", \"courseId\": \"2ac197b4-cb91-40e7-99d6-e69e425f6ea9\", \"createdAt\": null, \"sectionId\": \"ec3995c8-d154-49fa-b4da-188e098bcaaf\", \"updatedAt\": null, \"orderIndex\": 3, \"courseTitle\": \"aaaaaaaaaaaaaaa\", \"sectionTitle\": \"ssssssssssssssss\", \"videoContent\": {\"id\": \"ec962849-9de3-4b0a-8c85-6ecee9d778c4\", \"url\": \"https://res.cloudinary.com/dghnd5kqw/video/upload/v1757167033/course-videos/course_video_1757167029413_a0ceae30.mp4.mp4\", \"duration\": 4, \"createdAt\": \"2025-09-06T20:57:16.0989823\", \"uploadedBy\": \"user-003\"}}','2025-09-06 13:57:16'),(169,'user-003','DELETE','Lesson','7dd5e35c-4969-46de-be9f-672018d9429f','{\"id\": \"7dd5e35c-4969-46de-be9f-672018d9429f\", \"type\": \"VIDEO\", \"title\": \"Lesson 4\", \"courseId\": \"2ac197b4-cb91-40e7-99d6-e69e425f6ea9\", \"createdAt\": \"2025-09-06T20:57:16\", \"sectionId\": \"ec3995c8-d154-49fa-b4da-188e098bcaaf\", \"updatedAt\": \"2025-09-06T20:57:16\", \"orderIndex\": 0, \"courseTitle\": \"aaaaaaaaaaaaaaa\", \"sectionTitle\": \"ssssssssssssssss\", \"videoContent\": {\"id\": \"ec962849-9de3-4b0a-8c85-6ecee9d778c4\", \"url\": \"https://res.cloudinary.com/dghnd5kqw/video/upload/v1757167033/course-videos/course_video_1757167029413_a0ceae30.mp4.mp4\", \"duration\": 4, \"createdAt\": \"2025-09-06T20:57:16\", \"uploadedBy\": \"user-003\"}}',NULL,'2025-09-06 13:57:48'),(170,'user-003','DELETE','Lesson','f610b977-bc88-4471-8c3e-f09a440056c6','{\"id\": \"f610b977-bc88-4471-8c3e-f09a440056c6\", \"type\": \"VIDEO\", \"title\": \"Lesson 3\", \"courseId\": \"2ac197b4-cb91-40e7-99d6-e69e425f6ea9\", \"createdAt\": \"2025-09-06T20:02:58\", \"sectionId\": \"ec3995c8-d154-49fa-b4da-188e098bcaaf\", \"updatedAt\": \"2025-09-06T20:57:55\", \"orderIndex\": 2, \"courseTitle\": \"aaaaaaaaaaaaaaa\", \"sectionTitle\": \"ssssssssssssssss\", \"videoContent\": {\"id\": \"9dc1d3a7-b56c-4883-b97d-b39869622fb9\", \"url\": \"https://res.cloudinary.com/dghnd5kqw/video/upload/v1757163774/course-videos/course_video_1757163771409_f2a705d7.mp4.mp4\", \"duration\": 4, \"createdAt\": \"2025-09-06T20:02:58\", \"uploadedBy\": \"user-003\"}}',NULL,'2025-09-06 13:58:05'),(171,'user-003','CREATE','Section','e27de6f3-dab7-4f6f-86c8-fa1c50da2c50',NULL,'{\"id\": \"e27de6f3-dab7-4f6f-86c8-fa1c50da2c50\", \"title\": \"section 3\", \"courseId\": \"2ac197b4-cb91-40e7-99d6-e69e425f6ea9\", \"createdAt\": \"2025-09-06T20:59:09.900853\", \"updatedAt\": \"2025-09-06T20:59:09.900853\", \"orderIndex\": 2, \"courseTitle\": \"aaaaaaaaaaaaaaa\", \"description\": \"Section 3\", \"lessonCount\": 0}','2025-09-06 13:59:10'),(172,'user-003','CREATE','Lesson','de8135c0-4deb-40e1-9d79-82ddc0bd82ba',NULL,'{\"id\": \"de8135c0-4deb-40e1-9d79-82ddc0bd82ba\", \"type\": \"VIDEO\", \"title\": \"Understanding Neural Networks\", \"courseId\": \"2ac197b4-cb91-40e7-99d6-e69e425f6ea9\", \"createdAt\": null, \"sectionId\": \"e27de6f3-dab7-4f6f-86c8-fa1c50da2c50\", \"updatedAt\": null, \"orderIndex\": 0, \"courseTitle\": \"aaaaaaaaaaaaaaa\", \"sectionTitle\": \"section 3\", \"videoContent\": {\"id\": \"00906ee1-1212-4b5f-aaa9-3be5f87e7043\", \"url\": \"https://res.cloudinary.com/dghnd5kqw/video/upload/v1757167153/course-videos/course_video_1757167150129_3fb0f904.mp4.mp4\", \"duration\": 4, \"createdAt\": \"2025-09-06T20:59:15.5652299\", \"uploadedBy\": \"user-003\"}}','2025-09-06 13:59:16'),(173,'user-003','CREATE','Lesson','361310b6-e3dd-430c-91b9-db13646d6c55',NULL,'{\"id\": \"361310b6-e3dd-430c-91b9-db13646d6c55\", \"type\": \"VIDEO\", \"title\": \"lesson 2\", \"courseId\": \"2ac197b4-cb91-40e7-99d6-e69e425f6ea9\", \"createdAt\": null, \"sectionId\": \"8324ea51-e8d6-4698-9a6d-5a401ef944b9\", \"updatedAt\": null, \"orderIndex\": 1, \"courseTitle\": \"aaaaaaaaaaaaaaa\", \"sectionTitle\": \"Section 2\", \"videoContent\": {\"id\": \"b5586081-1720-445e-a0ac-8f49485f11ff\", \"url\": \"https://res.cloudinary.com/dghnd5kqw/video/upload/v1757217152/course-videos/course_video_1757217149678_1896b4b4.mp4.mp4\", \"duration\": 4, \"createdAt\": \"2025-09-07T10:52:35.1171231\", \"uploadedBy\": \"user-003\"}}','2025-09-07 03:52:35'),(174,'user-003','DELETE','Lesson','8bd0649a-2693-44bf-b9c9-aab9a926cad1','{\"id\": \"8bd0649a-2693-44bf-b9c9-aab9a926cad1\", \"type\": \"QUIZ\", \"title\": \"Lesson 3\", \"courseId\": \"2ac197b4-cb91-40e7-99d6-e69e425f6ea9\", \"createdAt\": \"2025-09-07T14:27:06\", \"sectionId\": \"ec3995c8-d154-49fa-b4da-188e098bcaaf\", \"updatedAt\": \"2025-09-07T14:27:06\", \"orderIndex\": 2, \"courseTitle\": \"aaaaaaaaaaaaaaa\", \"sectionTitle\": \"ssssssssssssssss\", \"videoContent\": null}',NULL,'2025-09-07 07:34:58'),(175,'user-003','CREATE','Course','934bc3f4-3ba3-4bd0-acfe-c4e2f0e4db04',NULL,'{\"id\": \"934bc3f4-3ba3-4bd0-acfe-c4e2f0e4db04\", \"level\": \"INTERMEDIATE\", \"price\": 99, \"title\": \"create course\", \"createdAt\": \"2025-09-07T19:37:34.855438\", \"isDeleted\": false, \"updatedAt\": \"2025-09-07T19:37:34.90616\", \"isApproved\": false, \"categoryIds\": [\"cat-007\"], \"description\": \"test create course test create course\", \"isPublished\": false, \"thumbnailId\": \"course-management/course-image2_1757248652440_cb50d6df.jpg\", \"instructorId\": \"user-003\", \"thumbnailUrl\": \"https://res.cloudinary.com/dghnd5kqw/image/upload/v1757248653/course-management/course-image2_1757248652440_cb50d6df.jpg.jpg\", \"categoryNames\": [\"Cloud Computing\"], \"instructorName\": \"Charlie\"}','2025-09-07 12:37:35'),(176,'user-003','CREATE','Section','6e13bd64-d4f2-4f4e-a940-c5fa3f97c5ac',NULL,'{\"id\": \"6e13bd64-d4f2-4f4e-a940-c5fa3f97c5ac\", \"title\": \"test create course\", \"courseId\": \"934bc3f4-3ba3-4bd0-acfe-c4e2f0e4db04\", \"createdAt\": \"2025-09-07T19:38:31.088574\", \"updatedAt\": \"2025-09-07T19:38:31.088574\", \"orderIndex\": 0, \"courseTitle\": \"create course\", \"description\": \"test create course\", \"lessonCount\": 0}','2025-09-07 12:38:31'),(177,'user-003','UPDATE','Course','934bc3f4-3ba3-4bd0-acfe-c4e2f0e4db04','{\"id\": \"934bc3f4-3ba3-4bd0-acfe-c4e2f0e4db04\", \"level\": \"INTERMEDIATE\", \"price\": 99.0, \"title\": \"create course\", \"createdAt\": \"2025-09-07T19:37:35\", \"isDeleted\": false, \"updatedAt\": \"2025-09-07T19:37:35\", \"isApproved\": false, \"categoryIds\": [\"cat-007\"], \"description\": \"test create course test create course\", \"isPublished\": false, \"thumbnailId\": \"course-management/course-image2_1757248652440_cb50d6df.jpg\", \"instructorId\": \"user-003\", \"thumbnailUrl\": \"https://res.cloudinary.com/dghnd5kqw/image/upload/v1757248653/course-management/course-image2_1757248652440_cb50d6df.jpg.jpg\", \"categoryNames\": [\"Cloud Computing\"], \"instructorName\": \"Charlie\"}','{\"id\": \"934bc3f4-3ba3-4bd0-acfe-c4e2f0e4db04\", \"level\": \"INTERMEDIATE\", \"price\": 99.0, \"title\": \"Create course - update\", \"createdAt\": \"2025-09-07T19:37:35\", \"isDeleted\": false, \"updatedAt\": \"2025-09-10T10:29:10.289461\", \"isApproved\": false, \"categoryIds\": [\"cat-007\"], \"description\": \"test create course test create course\", \"isPublished\": false, \"thumbnailId\": \"course-management/course-image2_1757248652440_cb50d6df.jpg\", \"instructorId\": \"user-003\", \"thumbnailUrl\": \"https://res.cloudinary.com/dghnd5kqw/image/upload/v1757248653/course-management/course-image2_1757248652440_cb50d6df.jpg.jpg\", \"categoryNames\": [\"Cloud Computing\"], \"instructorName\": \"Charlie\"}','2025-09-10 03:29:10'),(178,'user-003','DELETE','Course','934bc3f4-3ba3-4bd0-acfe-c4e2f0e4db04','{\"id\": \"934bc3f4-3ba3-4bd0-acfe-c4e2f0e4db04\", \"level\": \"INTERMEDIATE\", \"price\": 99.0, \"title\": \"Create course - update\", \"createdAt\": \"2025-09-07T19:37:35\", \"isDeleted\": false, \"updatedAt\": \"2025-09-10T11:58:27\", \"isApproved\": false, \"categoryIds\": [\"cat-007\"], \"description\": \"test create course test create course\", \"isPublished\": true, \"thumbnailId\": \"course-management/course-image2_1757248652440_cb50d6df.jpg\", \"instructorId\": \"user-003\", \"thumbnailUrl\": \"https://res.cloudinary.com/dghnd5kqw/image/upload/v1757248653/course-management/course-image2_1757248652440_cb50d6df.jpg.jpg\", \"categoryNames\": [\"Cloud Computing\"], \"instructorName\": \"Charlie\"}',NULL,'2025-09-10 04:59:00'),(179,'a63c03b7-43dd-41d8-8f20-269d14d0f5b5','CREATE','PAYMENT','d18d8cf4-2f5b-4dcb-9b19-f4a0bc194499',NULL,'{\"id\": \"d18d8cf4-2f5b-4dcb-9b19-f4a0bc194499\", \"user\": {\"id\": \"a63c03b7-43dd-41d8-8f20-269d14d0f5b5\", \"name\": \"Phương Nguyễn Ngọc\", \"email\": \"phuong9agt@gmail.com\"}, \"amount\": 35.98, \"course\": {\"id\": \"72eb8613-3192-4dc4-8917-d4baefe98582\", \"price\": 35.98, \"title\": \"video test\", \"instructorId\": \"user-003\", \"instructorName\": \"Charlie\"}, \"paidAt\": null, \"status\": \"PENDING\", \"userId\": \"a63c03b7-43dd-41d8-8f20-269d14d0f5b5\", \"courseId\": \"72eb8613-3192-4dc4-8917-d4baefe98582\", \"createdAt\": null, \"sessionId\": null, \"updatedAt\": null, \"paymentMethod\": \"stripe\"}','2025-09-10 06:00:05'),(180,'a63c03b7-43dd-41d8-8f20-269d14d0f5b5','UPDATE','PAYMENT','d18d8cf4-2f5b-4dcb-9b19-f4a0bc194499','{\"id\": \"d18d8cf4-2f5b-4dcb-9b19-f4a0bc194499\", \"user\": {\"id\": \"a63c03b7-43dd-41d8-8f20-269d14d0f5b5\", \"name\": \"Phương Nguyễn Ngọc\", \"email\": \"phuong9agt@gmail.com\"}, \"amount\": 35.98, \"course\": {\"id\": \"72eb8613-3192-4dc4-8917-d4baefe98582\", \"price\": 35.98, \"title\": \"video test\", \"instructorId\": \"user-003\", \"instructorName\": \"Charlie\"}, \"paidAt\": null, \"status\": \"PENDING\", \"userId\": \"a63c03b7-43dd-41d8-8f20-269d14d0f5b5\", \"courseId\": \"72eb8613-3192-4dc4-8917-d4baefe98582\", \"createdAt\": \"2025-09-10T13:00:04.527862\", \"sessionId\": null, \"updatedAt\": \"2025-09-10T13:00:04.527862\", \"paymentMethod\": \"stripe\"}','{\"id\": \"d18d8cf4-2f5b-4dcb-9b19-f4a0bc194499\", \"user\": {\"id\": \"a63c03b7-43dd-41d8-8f20-269d14d0f5b5\", \"name\": \"Phương Nguyễn Ngọc\", \"email\": \"phuong9agt@gmail.com\"}, \"amount\": 35.98, \"course\": {\"id\": \"72eb8613-3192-4dc4-8917-d4baefe98582\", \"price\": 35.98, \"title\": \"video test\", \"instructorId\": \"user-003\", \"instructorName\": \"Charlie\"}, \"paidAt\": null, \"status\": \"PENDING\", \"userId\": \"a63c03b7-43dd-41d8-8f20-269d14d0f5b5\", \"courseId\": \"72eb8613-3192-4dc4-8917-d4baefe98582\", \"createdAt\": \"2025-09-10T13:00:04.527862\", \"sessionId\": \"cs_test_a17W3E2OJq4wHMf9hyDQWw2i8SUE7Snrbs3NvwVf4iuMW7OrI1UI2Cc9r6\", \"updatedAt\": \"2025-09-10T13:00:04.527862\", \"paymentMethod\": \"stripe\"}','2025-09-10 06:00:06'),(181,'a63c03b7-43dd-41d8-8f20-269d14d0f5b5','CREATE','PAYMENT','81f073f3-a63d-421d-8a8a-30a85a60112a',NULL,'{\"id\": \"81f073f3-a63d-421d-8a8a-30a85a60112a\", \"user\": {\"id\": \"a63c03b7-43dd-41d8-8f20-269d14d0f5b5\", \"name\": \"Phương Nguyễn Ngọc\", \"email\": \"phuong9agt@gmail.com\"}, \"amount\": 35.99, \"course\": {\"id\": \"9f1881cf-e4ad-4901-9e47-e28e4b553886\", \"price\": 35.99, \"title\": \"vitdien21\", \"instructorId\": \"user-003\", \"instructorName\": \"Charlie\"}, \"paidAt\": null, \"status\": \"PENDING\", \"userId\": \"a63c03b7-43dd-41d8-8f20-269d14d0f5b5\", \"courseId\": \"9f1881cf-e4ad-4901-9e47-e28e4b553886\", \"createdAt\": null, \"sessionId\": null, \"updatedAt\": null, \"paymentMethod\": \"stripe\"}','2025-09-10 06:01:29'),(182,'a63c03b7-43dd-41d8-8f20-269d14d0f5b5','UPDATE','PAYMENT','81f073f3-a63d-421d-8a8a-30a85a60112a','{\"id\": \"81f073f3-a63d-421d-8a8a-30a85a60112a\", \"user\": {\"id\": \"a63c03b7-43dd-41d8-8f20-269d14d0f5b5\", \"name\": \"Phương Nguyễn Ngọc\", \"email\": \"phuong9agt@gmail.com\"}, \"amount\": 35.99, \"course\": {\"id\": \"9f1881cf-e4ad-4901-9e47-e28e4b553886\", \"price\": 35.99, \"title\": \"vitdien21\", \"instructorId\": \"user-003\", \"instructorName\": \"Charlie\"}, \"paidAt\": null, \"status\": \"PENDING\", \"userId\": \"a63c03b7-43dd-41d8-8f20-269d14d0f5b5\", \"courseId\": \"9f1881cf-e4ad-4901-9e47-e28e4b553886\", \"createdAt\": \"2025-09-10T13:01:29.384661\", \"sessionId\": null, \"updatedAt\": \"2025-09-10T13:01:29.384661\", \"paymentMethod\": \"stripe\"}','{\"id\": \"81f073f3-a63d-421d-8a8a-30a85a60112a\", \"user\": {\"id\": \"a63c03b7-43dd-41d8-8f20-269d14d0f5b5\", \"name\": \"Phương Nguyễn Ngọc\", \"email\": \"phuong9agt@gmail.com\"}, \"amount\": 35.99, \"course\": {\"id\": \"9f1881cf-e4ad-4901-9e47-e28e4b553886\", \"price\": 35.99, \"title\": \"vitdien21\", \"instructorId\": \"user-003\", \"instructorName\": \"Charlie\"}, \"paidAt\": null, \"status\": \"PENDING\", \"userId\": \"a63c03b7-43dd-41d8-8f20-269d14d0f5b5\", \"courseId\": \"9f1881cf-e4ad-4901-9e47-e28e4b553886\", \"createdAt\": \"2025-09-10T13:01:29.384661\", \"sessionId\": \"cs_test_a1WDC8UDxxyMxC3CKwTx1KiV7U3KUUondxjtLVMnYDewmHjKhv7hdGmRwE\", \"updatedAt\": \"2025-09-10T13:01:29.384661\", \"paymentMethod\": \"stripe\"}','2025-09-10 06:01:30'),(183,'SYSTEM','UPDATE','PAYMENT','81f073f3-a63d-421d-8a8a-30a85a60112a','{\"id\": \"81f073f3-a63d-421d-8a8a-30a85a60112a\", \"user\": {\"id\": \"a63c03b7-43dd-41d8-8f20-269d14d0f5b5\", \"name\": \"Phương Nguyễn Ngọc\", \"email\": \"phuong9agt@gmail.com\"}, \"amount\": 35.99, \"course\": {\"id\": \"9f1881cf-e4ad-4901-9e47-e28e4b553886\", \"price\": 35.99, \"title\": \"vitdien21\", \"instructorId\": \"user-003\", \"instructorName\": \"Charlie\"}, \"paidAt\": null, \"status\": \"PENDING\", \"userId\": \"a63c03b7-43dd-41d8-8f20-269d14d0f5b5\", \"courseId\": \"9f1881cf-e4ad-4901-9e47-e28e4b553886\", \"createdAt\": \"2025-09-10T13:01:29\", \"sessionId\": \"cs_test_a1WDC8UDxxyMxC3CKwTx1KiV7U3KUUondxjtLVMnYDewmHjKhv7hdGmRwE\", \"updatedAt\": \"2025-09-10T13:01:30\", \"paymentMethod\": \"stripe\"}','{\"id\": \"81f073f3-a63d-421d-8a8a-30a85a60112a\", \"user\": {\"id\": \"a63c03b7-43dd-41d8-8f20-269d14d0f5b5\", \"name\": \"Phương Nguyễn Ngọc\", \"email\": \"phuong9agt@gmail.com\"}, \"amount\": 35.99, \"course\": {\"id\": \"9f1881cf-e4ad-4901-9e47-e28e4b553886\", \"price\": 35.99, \"title\": \"vitdien21\", \"instructorId\": \"user-003\", \"instructorName\": \"Charlie\"}, \"paidAt\": \"2025-09-10T13:01:37.4399536\", \"status\": \"COMPLETED\", \"userId\": \"a63c03b7-43dd-41d8-8f20-269d14d0f5b5\", \"courseId\": \"9f1881cf-e4ad-4901-9e47-e28e4b553886\", \"createdAt\": \"2025-09-10T13:01:29\", \"sessionId\": \"cs_test_a1WDC8UDxxyMxC3CKwTx1KiV7U3KUUondxjtLVMnYDewmHjKhv7hdGmRwE\", \"updatedAt\": \"2025-09-10T13:01:30\", \"paymentMethod\": \"stripe\"}','2025-09-10 06:01:37'),(184,'a63c03b7-43dd-41d8-8f20-269d14d0f5b5','CREATE','PAYMENT','6bda22c6-2d60-4d02-8059-3c745c6d5057',NULL,'{\"id\": \"6bda22c6-2d60-4d02-8059-3c745c6d5057\", \"user\": {\"id\": \"a63c03b7-43dd-41d8-8f20-269d14d0f5b5\", \"name\": \"Phương Nguyễn Ngọc\", \"email\": \"phuong9agt@gmail.com\"}, \"amount\": 127.49, \"course\": {\"id\": \"course-002\", \"price\": 149.99, \"title\": \"Machine Learning Fundamentals\", \"instructorId\": \"user-010\", \"instructorName\": \"Julia Anderson\"}, \"paidAt\": null, \"status\": \"PENDING\", \"userId\": \"a63c03b7-43dd-41d8-8f20-269d14d0f5b5\", \"courseId\": \"course-002\", \"createdAt\": null, \"sessionId\": null, \"updatedAt\": null, \"paymentMethod\": \"stripe\"}','2025-09-10 06:11:27'),(185,'a63c03b7-43dd-41d8-8f20-269d14d0f5b5','UPDATE','PAYMENT','6bda22c6-2d60-4d02-8059-3c745c6d5057','{\"id\": \"6bda22c6-2d60-4d02-8059-3c745c6d5057\", \"user\": {\"id\": \"a63c03b7-43dd-41d8-8f20-269d14d0f5b5\", \"name\": \"Phương Nguyễn Ngọc\", \"email\": \"phuong9agt@gmail.com\"}, \"amount\": 127.49, \"course\": {\"id\": \"course-002\", \"price\": 149.99, \"title\": \"Machine Learning Fundamentals\", \"instructorId\": \"user-010\", \"instructorName\": \"Julia Anderson\"}, \"paidAt\": null, \"status\": \"PENDING\", \"userId\": \"a63c03b7-43dd-41d8-8f20-269d14d0f5b5\", \"courseId\": \"course-002\", \"createdAt\": \"2025-09-10T13:11:27.358808\", \"sessionId\": null, \"updatedAt\": \"2025-09-10T13:11:27.358808\", \"paymentMethod\": \"stripe\"}','{\"id\": \"6bda22c6-2d60-4d02-8059-3c745c6d5057\", \"user\": {\"id\": \"a63c03b7-43dd-41d8-8f20-269d14d0f5b5\", \"name\": \"Phương Nguyễn Ngọc\", \"email\": \"phuong9agt@gmail.com\"}, \"amount\": 127.49, \"course\": {\"id\": \"course-002\", \"price\": 149.99, \"title\": \"Machine Learning Fundamentals\", \"instructorId\": \"user-010\", \"instructorName\": \"Julia Anderson\"}, \"paidAt\": null, \"status\": \"PENDING\", \"userId\": \"a63c03b7-43dd-41d8-8f20-269d14d0f5b5\", \"courseId\": \"course-002\", \"createdAt\": \"2025-09-10T13:11:27.358808\", \"sessionId\": \"cs_test_a1yx1yVwPg2nTuzoXBdPRLX3ZT5LpzRgX4yyxFr7i3cy0EgNnX5idaxRas\", \"updatedAt\": \"2025-09-10T13:11:27.358808\", \"paymentMethod\": \"stripe\"}','2025-09-10 06:11:28'),(186,'SYSTEM','UPDATE','PAYMENT','6bda22c6-2d60-4d02-8059-3c745c6d5057','{\"id\": \"6bda22c6-2d60-4d02-8059-3c745c6d5057\", \"user\": {\"id\": \"a63c03b7-43dd-41d8-8f20-269d14d0f5b5\", \"name\": \"Phương Nguyễn Ngọc\", \"email\": \"phuong9agt@gmail.com\"}, \"amount\": 127.49, \"course\": {\"id\": \"course-002\", \"price\": 149.99, \"title\": \"Machine Learning Fundamentals\", \"instructorId\": \"user-010\", \"instructorName\": \"Julia Anderson\"}, \"paidAt\": null, \"status\": \"PENDING\", \"userId\": \"a63c03b7-43dd-41d8-8f20-269d14d0f5b5\", \"courseId\": \"course-002\", \"createdAt\": \"2025-09-10T13:11:27\", \"sessionId\": \"cs_test_a1yx1yVwPg2nTuzoXBdPRLX3ZT5LpzRgX4yyxFr7i3cy0EgNnX5idaxRas\", \"updatedAt\": \"2025-09-10T13:11:28\", \"paymentMethod\": \"stripe\"}','{\"id\": \"6bda22c6-2d60-4d02-8059-3c745c6d5057\", \"user\": {\"id\": \"a63c03b7-43dd-41d8-8f20-269d14d0f5b5\", \"name\": \"Phương Nguyễn Ngọc\", \"email\": \"phuong9agt@gmail.com\"}, \"amount\": 127.49, \"course\": {\"id\": \"course-002\", \"price\": 149.99, \"title\": \"Machine Learning Fundamentals\", \"instructorId\": \"user-010\", \"instructorName\": \"Julia Anderson\"}, \"paidAt\": \"2025-09-10T13:11:48.9615518\", \"status\": \"COMPLETED\", \"userId\": \"a63c03b7-43dd-41d8-8f20-269d14d0f5b5\", \"courseId\": \"course-002\", \"createdAt\": \"2025-09-10T13:11:27\", \"sessionId\": \"cs_test_a1yx1yVwPg2nTuzoXBdPRLX3ZT5LpzRgX4yyxFr7i3cy0EgNnX5idaxRas\", \"updatedAt\": \"2025-09-10T13:11:28\", \"paymentMethod\": \"stripe\"}','2025-09-10 06:11:49'),(187,'a63c03b7-43dd-41d8-8f20-269d14d0f5b5','CREATE','PAYMENT','c6c37bc1-42a6-49ae-bdac-6d121107a050',NULL,'{\"id\": \"c6c37bc1-42a6-49ae-bdac-6d121107a050\", \"user\": {\"id\": \"a63c03b7-43dd-41d8-8f20-269d14d0f5b5\", \"name\": \"Phương Nguyễn Ngọc\", \"email\": \"phuong9agt@gmail.com\"}, \"amount\": 110.49, \"course\": {\"id\": \"course-003\", \"price\": 129.99, \"title\": \"Mobile App Development with React Native\", \"instructorId\": \"user-006\", \"instructorName\": \"Fiona Davis\"}, \"paidAt\": null, \"status\": \"PENDING\", \"userId\": \"a63c03b7-43dd-41d8-8f20-269d14d0f5b5\", \"courseId\": \"course-003\", \"createdAt\": null, \"sessionId\": null, \"updatedAt\": null, \"paymentMethod\": \"stripe\"}','2025-09-10 06:52:14'),(188,'a63c03b7-43dd-41d8-8f20-269d14d0f5b5','UPDATE','PAYMENT','c6c37bc1-42a6-49ae-bdac-6d121107a050','{\"id\": \"c6c37bc1-42a6-49ae-bdac-6d121107a050\", \"user\": {\"id\": \"a63c03b7-43dd-41d8-8f20-269d14d0f5b5\", \"name\": \"Phương Nguyễn Ngọc\", \"email\": \"phuong9agt@gmail.com\"}, \"amount\": 110.49, \"course\": {\"id\": \"course-003\", \"price\": 129.99, \"title\": \"Mobile App Development with React Native\", \"instructorId\": \"user-006\", \"instructorName\": \"Fiona Davis\"}, \"paidAt\": null, \"status\": \"PENDING\", \"userId\": \"a63c03b7-43dd-41d8-8f20-269d14d0f5b5\", \"courseId\": \"course-003\", \"createdAt\": \"2025-09-10T13:52:14.422884\", \"sessionId\": null, \"updatedAt\": \"2025-09-10T13:52:14.422884\", \"paymentMethod\": \"stripe\"}','{\"id\": \"c6c37bc1-42a6-49ae-bdac-6d121107a050\", \"user\": {\"id\": \"a63c03b7-43dd-41d8-8f20-269d14d0f5b5\", \"name\": \"Phương Nguyễn Ngọc\", \"email\": \"phuong9agt@gmail.com\"}, \"amount\": 110.49, \"course\": {\"id\": \"course-003\", \"price\": 129.99, \"title\": \"Mobile App Development with React Native\", \"instructorId\": \"user-006\", \"instructorName\": \"Fiona Davis\"}, \"paidAt\": null, \"status\": \"PENDING\", \"userId\": \"a63c03b7-43dd-41d8-8f20-269d14d0f5b5\", \"courseId\": \"course-003\", \"createdAt\": \"2025-09-10T13:52:14.422884\", \"sessionId\": \"cs_test_a1jvFMhuwbke47mC23UN18dfYJTIAsLbf0hnuPXefFLMrN2EZGXRHzYGCb\", \"updatedAt\": \"2025-09-10T13:52:14.422884\", \"paymentMethod\": \"stripe\"}','2025-09-10 06:52:15'),(189,'SYSTEM','UPDATE','PAYMENT','c6c37bc1-42a6-49ae-bdac-6d121107a050','{\"id\": \"c6c37bc1-42a6-49ae-bdac-6d121107a050\", \"user\": {\"id\": \"a63c03b7-43dd-41d8-8f20-269d14d0f5b5\", \"name\": \"Phương Nguyễn Ngọc\", \"email\": \"phuong9agt@gmail.com\"}, \"amount\": 110.49, \"course\": {\"id\": \"course-003\", \"price\": 129.99, \"title\": \"Mobile App Development with React Native\", \"instructorId\": \"user-006\", \"instructorName\": \"Fiona Davis\"}, \"paidAt\": null, \"status\": \"PENDING\", \"userId\": \"a63c03b7-43dd-41d8-8f20-269d14d0f5b5\", \"courseId\": \"course-003\", \"createdAt\": \"2025-09-10T13:52:14\", \"sessionId\": \"cs_test_a1jvFMhuwbke47mC23UN18dfYJTIAsLbf0hnuPXefFLMrN2EZGXRHzYGCb\", \"updatedAt\": \"2025-09-10T13:52:15\", \"paymentMethod\": \"stripe\"}','{\"id\": \"c6c37bc1-42a6-49ae-bdac-6d121107a050\", \"user\": {\"id\": \"a63c03b7-43dd-41d8-8f20-269d14d0f5b5\", \"name\": \"Phương Nguyễn Ngọc\", \"email\": \"phuong9agt@gmail.com\"}, \"amount\": 110.49, \"course\": {\"id\": \"course-003\", \"price\": 129.99, \"title\": \"Mobile App Development with React Native\", \"instructorId\": \"user-006\", \"instructorName\": \"Fiona Davis\"}, \"paidAt\": \"2025-09-10T13:52:37.1695123\", \"status\": \"COMPLETED\", \"userId\": \"a63c03b7-43dd-41d8-8f20-269d14d0f5b5\", \"courseId\": \"course-003\", \"createdAt\": \"2025-09-10T13:52:14\", \"sessionId\": \"cs_test_a1jvFMhuwbke47mC23UN18dfYJTIAsLbf0hnuPXefFLMrN2EZGXRHzYGCb\", \"updatedAt\": \"2025-09-10T13:52:15\", \"paymentMethod\": \"stripe\"}','2025-09-10 06:52:37'),(190,'a63c03b7-43dd-41d8-8f20-269d14d0f5b5','CREATE','PAYMENT','60a086a1-a61f-4d04-ae17-ad1359657370',NULL,'{\"id\": \"60a086a1-a61f-4d04-ae17-ad1359657370\", \"user\": {\"id\": \"a63c03b7-43dd-41d8-8f20-269d14d0f5b5\", \"name\": \"Phương Nguyễn Ngọc\", \"email\": \"phuong9agt@gmail.com\"}, \"amount\": 110.49, \"course\": {\"id\": \"course-013\", \"price\": 129.99, \"title\": \"Complete Vue.js Web Development\", \"instructorId\": \"user-005\", \"instructorName\": \"Edward Chen\"}, \"paidAt\": null, \"status\": \"PENDING\", \"userId\": \"a63c03b7-43dd-41d8-8f20-269d14d0f5b5\", \"courseId\": \"course-013\", \"createdAt\": null, \"sessionId\": null, \"updatedAt\": null, \"paymentMethod\": \"stripe\"}','2025-09-10 06:53:11'),(191,'a63c03b7-43dd-41d8-8f20-269d14d0f5b5','UPDATE','PAYMENT','60a086a1-a61f-4d04-ae17-ad1359657370','{\"id\": \"60a086a1-a61f-4d04-ae17-ad1359657370\", \"user\": {\"id\": \"a63c03b7-43dd-41d8-8f20-269d14d0f5b5\", \"name\": \"Phương Nguyễn Ngọc\", \"email\": \"phuong9agt@gmail.com\"}, \"amount\": 110.49, \"course\": {\"id\": \"course-013\", \"price\": 129.99, \"title\": \"Complete Vue.js Web Development\", \"instructorId\": \"user-005\", \"instructorName\": \"Edward Chen\"}, \"paidAt\": null, \"status\": \"PENDING\", \"userId\": \"a63c03b7-43dd-41d8-8f20-269d14d0f5b5\", \"courseId\": \"course-013\", \"createdAt\": \"2025-09-10T13:53:10.631298\", \"sessionId\": null, \"updatedAt\": \"2025-09-10T13:53:10.631298\", \"paymentMethod\": \"stripe\"}','{\"id\": \"60a086a1-a61f-4d04-ae17-ad1359657370\", \"user\": {\"id\": \"a63c03b7-43dd-41d8-8f20-269d14d0f5b5\", \"name\": \"Phương Nguyễn Ngọc\", \"email\": \"phuong9agt@gmail.com\"}, \"amount\": 110.49, \"course\": {\"id\": \"course-013\", \"price\": 129.99, \"title\": \"Complete Vue.js Web Development\", \"instructorId\": \"user-005\", \"instructorName\": \"Edward Chen\"}, \"paidAt\": null, \"status\": \"PENDING\", \"userId\": \"a63c03b7-43dd-41d8-8f20-269d14d0f5b5\", \"courseId\": \"course-013\", \"createdAt\": \"2025-09-10T13:53:10.631298\", \"sessionId\": \"cs_test_a1xmQWXCuW1aJYXleaaZBRaqjclltAYGcByxRe3CFjYylwtujOMm7VLiez\", \"updatedAt\": \"2025-09-10T13:53:10.631298\", \"paymentMethod\": \"stripe\"}','2025-09-10 06:53:11'),(192,'SYSTEM','UPDATE','PAYMENT','60a086a1-a61f-4d04-ae17-ad1359657370','{\"id\": \"60a086a1-a61f-4d04-ae17-ad1359657370\", \"user\": {\"id\": \"a63c03b7-43dd-41d8-8f20-269d14d0f5b5\", \"name\": \"Phương Nguyễn Ngọc\", \"email\": \"phuong9agt@gmail.com\"}, \"amount\": 110.49, \"course\": {\"id\": \"course-013\", \"price\": 129.99, \"title\": \"Complete Vue.js Web Development\", \"instructorId\": \"user-005\", \"instructorName\": \"Edward Chen\"}, \"paidAt\": null, \"status\": \"PENDING\", \"userId\": \"a63c03b7-43dd-41d8-8f20-269d14d0f5b5\", \"courseId\": \"course-013\", \"createdAt\": \"2025-09-10T13:53:11\", \"sessionId\": \"cs_test_a1xmQWXCuW1aJYXleaaZBRaqjclltAYGcByxRe3CFjYylwtujOMm7VLiez\", \"updatedAt\": \"2025-09-10T13:53:11\", \"paymentMethod\": \"stripe\"}','{\"id\": \"60a086a1-a61f-4d04-ae17-ad1359657370\", \"user\": {\"id\": \"a63c03b7-43dd-41d8-8f20-269d14d0f5b5\", \"name\": \"Phương Nguyễn Ngọc\", \"email\": \"phuong9agt@gmail.com\"}, \"amount\": 110.49, \"course\": {\"id\": \"course-013\", \"price\": 129.99, \"title\": \"Complete Vue.js Web Development\", \"instructorId\": \"user-005\", \"instructorName\": \"Edward Chen\"}, \"paidAt\": \"2025-09-10T13:53:18.1205497\", \"status\": \"COMPLETED\", \"userId\": \"a63c03b7-43dd-41d8-8f20-269d14d0f5b5\", \"courseId\": \"course-013\", \"createdAt\": \"2025-09-10T13:53:11\", \"sessionId\": \"cs_test_a1xmQWXCuW1aJYXleaaZBRaqjclltAYGcByxRe3CFjYylwtujOMm7VLiez\", \"updatedAt\": \"2025-09-10T13:53:11\", \"paymentMethod\": \"stripe\"}','2025-09-10 06:53:18'),(193,'a63c03b7-43dd-41d8-8f20-269d14d0f5b5','CREATE','PAYMENT','156e07d5-50d2-4b2e-9e49-5a295d63f539',NULL,'{\"id\": \"156e07d5-50d2-4b2e-9e49-5a295d63f539\", \"user\": {\"id\": \"a63c03b7-43dd-41d8-8f20-269d14d0f5b5\", \"name\": \"Phương Nguyễn Ngọc\", \"email\": \"phuong9agt@gmail.com\"}, \"amount\": 169.99, \"course\": {\"id\": \"course-004\", \"price\": 199.99, \"title\": \"Cybersecurity Essentials\", \"instructorId\": \"user-008\", \"instructorName\": \"Hannah Taylor\"}, \"paidAt\": null, \"status\": \"PENDING\", \"userId\": \"a63c03b7-43dd-41d8-8f20-269d14d0f5b5\", \"courseId\": \"course-004\", \"createdAt\": null, \"sessionId\": null, \"updatedAt\": null, \"paymentMethod\": \"stripe\"}','2025-09-11 05:50:22'),(194,'a63c03b7-43dd-41d8-8f20-269d14d0f5b5','UPDATE','PAYMENT','156e07d5-50d2-4b2e-9e49-5a295d63f539','{\"id\": \"156e07d5-50d2-4b2e-9e49-5a295d63f539\", \"user\": {\"id\": \"a63c03b7-43dd-41d8-8f20-269d14d0f5b5\", \"name\": \"Phương Nguyễn Ngọc\", \"email\": \"phuong9agt@gmail.com\"}, \"amount\": 169.99, \"course\": {\"id\": \"course-004\", \"price\": 199.99, \"title\": \"Cybersecurity Essentials\", \"instructorId\": \"user-008\", \"instructorName\": \"Hannah Taylor\"}, \"paidAt\": null, \"status\": \"PENDING\", \"userId\": \"a63c03b7-43dd-41d8-8f20-269d14d0f5b5\", \"courseId\": \"course-004\", \"createdAt\": \"2025-09-11T12:50:22.006186\", \"sessionId\": null, \"updatedAt\": \"2025-09-11T12:50:22.006186\", \"paymentMethod\": \"stripe\"}','{\"id\": \"156e07d5-50d2-4b2e-9e49-5a295d63f539\", \"user\": {\"id\": \"a63c03b7-43dd-41d8-8f20-269d14d0f5b5\", \"name\": \"Phương Nguyễn Ngọc\", \"email\": \"phuong9agt@gmail.com\"}, \"amount\": 169.99, \"course\": {\"id\": \"course-004\", \"price\": 199.99, \"title\": \"Cybersecurity Essentials\", \"instructorId\": \"user-008\", \"instructorName\": \"Hannah Taylor\"}, \"paidAt\": null, \"status\": \"PENDING\", \"userId\": \"a63c03b7-43dd-41d8-8f20-269d14d0f5b5\", \"courseId\": \"course-004\", \"createdAt\": \"2025-09-11T12:50:22.006186\", \"sessionId\": \"cs_test_a194qGVbk9H5g2t010G7vXutAkEUYlwvSZD8tzVNtb7E57WwIxvFv9bQPq\", \"updatedAt\": \"2025-09-11T12:50:22.006186\", \"paymentMethod\": \"stripe\"}','2025-09-11 05:50:23'),(195,'SYSTEM','UPDATE','PAYMENT','156e07d5-50d2-4b2e-9e49-5a295d63f539','{\"id\": \"156e07d5-50d2-4b2e-9e49-5a295d63f539\", \"user\": {\"id\": \"a63c03b7-43dd-41d8-8f20-269d14d0f5b5\", \"name\": \"Phương Nguyễn Ngọc\", \"email\": \"phuong9agt@gmail.com\"}, \"amount\": 169.99, \"course\": {\"id\": \"course-004\", \"price\": 199.99, \"title\": \"Cybersecurity Essentials\", \"instructorId\": \"user-008\", \"instructorName\": \"Hannah Taylor\"}, \"paidAt\": null, \"status\": \"PENDING\", \"userId\": \"a63c03b7-43dd-41d8-8f20-269d14d0f5b5\", \"courseId\": \"course-004\", \"createdAt\": \"2025-09-11T12:50:22\", \"sessionId\": \"cs_test_a194qGVbk9H5g2t010G7vXutAkEUYlwvSZD8tzVNtb7E57WwIxvFv9bQPq\", \"updatedAt\": \"2025-09-11T12:50:23\", \"paymentMethod\": \"stripe\"}','{\"id\": \"156e07d5-50d2-4b2e-9e49-5a295d63f539\", \"user\": {\"id\": \"a63c03b7-43dd-41d8-8f20-269d14d0f5b5\", \"name\": \"Phương Nguyễn Ngọc\", \"email\": \"phuong9agt@gmail.com\"}, \"amount\": 169.99, \"course\": {\"id\": \"course-004\", \"price\": 199.99, \"title\": \"Cybersecurity Essentials\", \"instructorId\": \"user-008\", \"instructorName\": \"Hannah Taylor\"}, \"paidAt\": \"2025-09-11T12:50:32.841396\", \"status\": \"COMPLETED\", \"userId\": \"a63c03b7-43dd-41d8-8f20-269d14d0f5b5\", \"courseId\": \"course-004\", \"createdAt\": \"2025-09-11T12:50:22\", \"sessionId\": \"cs_test_a194qGVbk9H5g2t010G7vXutAkEUYlwvSZD8tzVNtb7E57WwIxvFv9bQPq\", \"updatedAt\": \"2025-09-11T12:50:23\", \"paymentMethod\": \"stripe\"}','2025-09-11 05:50:33'),(196,'41af40ad-9423-42b6-a4ae-38a45b8ddf93','CREATE','PAYMENT','ca998ba9-5ecf-4d9e-abd6-20d2985a00e1',NULL,'{\"id\": \"ca998ba9-5ecf-4d9e-abd6-20d2985a00e1\", \"user\": {\"id\": \"41af40ad-9423-42b6-a4ae-38a45b8ddf93\", \"name\": \"Vịt Điên\", \"email\": \"vitdienclone@gmail.com\"}, \"amount\": 110.49, \"course\": {\"id\": \"course-013\", \"price\": 129.99, \"title\": \"Complete Vue.js Web Development\", \"instructorId\": \"user-005\", \"instructorName\": \"Edward Chen\"}, \"paidAt\": null, \"status\": \"PENDING\", \"userId\": \"41af40ad-9423-42b6-a4ae-38a45b8ddf93\", \"courseId\": \"course-013\", \"createdAt\": null, \"sessionId\": null, \"updatedAt\": null, \"paymentMethod\": \"stripe\"}','2025-09-12 06:34:24'),(197,'41af40ad-9423-42b6-a4ae-38a45b8ddf93','UPDATE','PAYMENT','ca998ba9-5ecf-4d9e-abd6-20d2985a00e1','{\"id\": \"ca998ba9-5ecf-4d9e-abd6-20d2985a00e1\", \"user\": {\"id\": \"41af40ad-9423-42b6-a4ae-38a45b8ddf93\", \"name\": \"Vịt Điên\", \"email\": \"vitdienclone@gmail.com\"}, \"amount\": 110.49, \"course\": {\"id\": \"course-013\", \"price\": 129.99, \"title\": \"Complete Vue.js Web Development\", \"instructorId\": \"user-005\", \"instructorName\": \"Edward Chen\"}, \"paidAt\": null, \"status\": \"PENDING\", \"userId\": \"41af40ad-9423-42b6-a4ae-38a45b8ddf93\", \"courseId\": \"course-013\", \"createdAt\": \"2025-09-12T13:34:23.769647\", \"sessionId\": null, \"updatedAt\": \"2025-09-12T13:34:23.769647\", \"paymentMethod\": \"stripe\"}','{\"id\": \"ca998ba9-5ecf-4d9e-abd6-20d2985a00e1\", \"user\": {\"id\": \"41af40ad-9423-42b6-a4ae-38a45b8ddf93\", \"name\": \"Vịt Điên\", \"email\": \"vitdienclone@gmail.com\"}, \"amount\": 110.49, \"course\": {\"id\": \"course-013\", \"price\": 129.99, \"title\": \"Complete Vue.js Web Development\", \"instructorId\": \"user-005\", \"instructorName\": \"Edward Chen\"}, \"paidAt\": null, \"status\": \"PENDING\", \"userId\": \"41af40ad-9423-42b6-a4ae-38a45b8ddf93\", \"courseId\": \"course-013\", \"createdAt\": \"2025-09-12T13:34:23.769647\", \"sessionId\": \"cs_test_a1FndIV3jXL07uq30d6Oeiju4FU2qLw9hZ67jzmC1viQhC5ZCwClqOcKZZ\", \"updatedAt\": \"2025-09-12T13:34:23.769647\", \"paymentMethod\": \"stripe\"}','2025-09-12 06:34:25'),(198,'SYSTEM','UPDATE','PAYMENT','ca998ba9-5ecf-4d9e-abd6-20d2985a00e1','{\"id\": \"ca998ba9-5ecf-4d9e-abd6-20d2985a00e1\", \"user\": {\"id\": \"41af40ad-9423-42b6-a4ae-38a45b8ddf93\", \"name\": \"Vịt Điên\", \"email\": \"vitdienclone@gmail.com\"}, \"amount\": 110.49, \"course\": {\"id\": \"course-013\", \"price\": 129.99, \"title\": \"Complete Vue.js Web Development\", \"instructorId\": \"user-005\", \"instructorName\": \"Edward Chen\"}, \"paidAt\": null, \"status\": \"PENDING\", \"userId\": \"41af40ad-9423-42b6-a4ae-38a45b8ddf93\", \"courseId\": \"course-013\", \"createdAt\": \"2025-09-12T13:34:24\", \"sessionId\": \"cs_test_a1FndIV3jXL07uq30d6Oeiju4FU2qLw9hZ67jzmC1viQhC5ZCwClqOcKZZ\", \"updatedAt\": \"2025-09-12T13:34:25\", \"paymentMethod\": \"stripe\"}','{\"id\": \"ca998ba9-5ecf-4d9e-abd6-20d2985a00e1\", \"user\": {\"id\": \"41af40ad-9423-42b6-a4ae-38a45b8ddf93\", \"name\": \"Vịt Điên\", \"email\": \"vitdienclone@gmail.com\"}, \"amount\": 110.49, \"course\": {\"id\": \"course-013\", \"price\": 129.99, \"title\": \"Complete Vue.js Web Development\", \"instructorId\": \"user-005\", \"instructorName\": \"Edward Chen\"}, \"paidAt\": \"2025-09-12T13:34:31.840241\", \"status\": \"COMPLETED\", \"userId\": \"41af40ad-9423-42b6-a4ae-38a45b8ddf93\", \"courseId\": \"course-013\", \"createdAt\": \"2025-09-12T13:34:24\", \"sessionId\": \"cs_test_a1FndIV3jXL07uq30d6Oeiju4FU2qLw9hZ67jzmC1viQhC5ZCwClqOcKZZ\", \"updatedAt\": \"2025-09-12T13:34:25\", \"paymentMethod\": \"stripe\"}','2025-09-12 06:34:32'),(199,'user-002','CREATE','PAYMENT','f99346df-4f4b-4e3c-9ca4-c9111b6146cc',NULL,'{\"id\": \"f99346df-4f4b-4e3c-9ca4-c9111b6146cc\", \"user\": {\"id\": \"user-002\", \"name\": \"Bob dsagdg\", \"email\": \"bob@example.com\"}, \"amount\": 149.99, \"course\": {\"id\": \"course-002\", \"price\": 149.99, \"title\": \"Machine Learning Fundamentals\", \"instructorId\": \"user-010\", \"instructorName\": \"Julia Anderson\"}, \"paidAt\": null, \"status\": \"PENDING\", \"userId\": \"user-002\", \"courseId\": \"course-002\", \"createdAt\": null, \"sessionId\": null, \"updatedAt\": null, \"paymentMethod\": \"stripe\"}','2025-09-14 08:45:37'),(200,'user-002','UPDATE','PAYMENT','f99346df-4f4b-4e3c-9ca4-c9111b6146cc','{\"id\": \"f99346df-4f4b-4e3c-9ca4-c9111b6146cc\", \"user\": {\"id\": \"user-002\", \"name\": \"Bob dsagdg\", \"email\": \"bob@example.com\"}, \"amount\": 149.99, \"course\": {\"id\": \"course-002\", \"price\": 149.99, \"title\": \"Machine Learning Fundamentals\", \"instructorId\": \"user-010\", \"instructorName\": \"Julia Anderson\"}, \"paidAt\": null, \"status\": \"PENDING\", \"userId\": \"user-002\", \"courseId\": \"course-002\", \"createdAt\": \"2025-09-14T15:45:36.464489\", \"sessionId\": null, \"updatedAt\": \"2025-09-14T15:45:36.464489\", \"paymentMethod\": \"stripe\"}','{\"id\": \"f99346df-4f4b-4e3c-9ca4-c9111b6146cc\", \"user\": {\"id\": \"user-002\", \"name\": \"Bob dsagdg\", \"email\": \"bob@example.com\"}, \"amount\": 149.99, \"course\": {\"id\": \"course-002\", \"price\": 149.99, \"title\": \"Machine Learning Fundamentals\", \"instructorId\": \"user-010\", \"instructorName\": \"Julia Anderson\"}, \"paidAt\": null, \"status\": \"PENDING\", \"userId\": \"user-002\", \"courseId\": \"course-002\", \"createdAt\": \"2025-09-14T15:45:36.464489\", \"sessionId\": \"cs_test_a1Xc9nRqIf80WPGDXB82iPRkFTwwabHjEYFqumV5ALmOGNMuIJrpgb2r0r\", \"updatedAt\": \"2025-09-14T15:45:36.464489\", \"paymentMethod\": \"stripe\"}','2025-09-14 08:45:38'),(201,'SYSTEM','UPDATE','PAYMENT','f99346df-4f4b-4e3c-9ca4-c9111b6146cc','{\"id\": \"f99346df-4f4b-4e3c-9ca4-c9111b6146cc\", \"user\": {\"id\": \"user-002\", \"name\": \"Bob dsagdg\", \"email\": \"bob@example.com\"}, \"amount\": 149.99, \"course\": {\"id\": \"course-002\", \"price\": 149.99, \"title\": \"Machine Learning Fundamentals\", \"instructorId\": \"user-010\", \"instructorName\": \"Julia Anderson\"}, \"paidAt\": null, \"status\": \"PENDING\", \"userId\": \"user-002\", \"courseId\": \"course-002\", \"createdAt\": \"2025-09-14T15:45:36\", \"sessionId\": \"cs_test_a1Xc9nRqIf80WPGDXB82iPRkFTwwabHjEYFqumV5ALmOGNMuIJrpgb2r0r\", \"updatedAt\": \"2025-09-14T15:45:38\", \"paymentMethod\": \"stripe\"}','{\"id\": \"f99346df-4f4b-4e3c-9ca4-c9111b6146cc\", \"user\": {\"id\": \"user-002\", \"name\": \"Bob dsagdg\", \"email\": \"bob@example.com\"}, \"amount\": 149.99, \"course\": {\"id\": \"course-002\", \"price\": 149.99, \"title\": \"Machine Learning Fundamentals\", \"instructorId\": \"user-010\", \"instructorName\": \"Julia Anderson\"}, \"paidAt\": \"2025-09-14T15:45:49.1027818\", \"status\": \"COMPLETED\", \"userId\": \"user-002\", \"courseId\": \"course-002\", \"createdAt\": \"2025-09-14T15:45:36\", \"sessionId\": \"cs_test_a1Xc9nRqIf80WPGDXB82iPRkFTwwabHjEYFqumV5ALmOGNMuIJrpgb2r0r\", \"updatedAt\": \"2025-09-14T15:45:38\", \"paymentMethod\": \"stripe\"}','2025-09-14 08:45:49'),(202,'user-002','CREATE','PAYMENT','d45894e0-ca99-4570-87e7-0b77fef4a8d6',NULL,'{\"id\": \"d45894e0-ca99-4570-87e7-0b77fef4a8d6\", \"user\": {\"id\": \"user-002\", \"name\": \"Bob dsagdg\", \"email\": \"bob@example.com\"}, \"amount\": 199.99, \"course\": {\"id\": \"course-004\", \"price\": 199.99, \"title\": \"Cybersecurity Essentials\", \"instructorId\": \"user-008\", \"instructorName\": \"Hannah Taylor\"}, \"paidAt\": null, \"status\": \"PENDING\", \"userId\": \"user-002\", \"courseId\": \"course-004\", \"createdAt\": null, \"sessionId\": null, \"updatedAt\": null, \"paymentMethod\": \"stripe\"}','2025-09-14 08:46:31'),(203,'user-002','UPDATE','PAYMENT','d45894e0-ca99-4570-87e7-0b77fef4a8d6','{\"id\": \"d45894e0-ca99-4570-87e7-0b77fef4a8d6\", \"user\": {\"id\": \"user-002\", \"name\": \"Bob dsagdg\", \"email\": \"bob@example.com\"}, \"amount\": 199.99, \"course\": {\"id\": \"course-004\", \"price\": 199.99, \"title\": \"Cybersecurity Essentials\", \"instructorId\": \"user-008\", \"instructorName\": \"Hannah Taylor\"}, \"paidAt\": null, \"status\": \"PENDING\", \"userId\": \"user-002\", \"courseId\": \"course-004\", \"createdAt\": \"2025-09-14T15:46:31.293545\", \"sessionId\": null, \"updatedAt\": \"2025-09-14T15:46:31.293545\", \"paymentMethod\": \"stripe\"}','{\"id\": \"d45894e0-ca99-4570-87e7-0b77fef4a8d6\", \"user\": {\"id\": \"user-002\", \"name\": \"Bob dsagdg\", \"email\": \"bob@example.com\"}, \"amount\": 199.99, \"course\": {\"id\": \"course-004\", \"price\": 199.99, \"title\": \"Cybersecurity Essentials\", \"instructorId\": \"user-008\", \"instructorName\": \"Hannah Taylor\"}, \"paidAt\": null, \"status\": \"PENDING\", \"userId\": \"user-002\", \"courseId\": \"course-004\", \"createdAt\": \"2025-09-14T15:46:31.293545\", \"sessionId\": \"cs_test_a16KSKsSudm9G2rlYPxfn0PNZwpnCFiukWtx64GSMjUXCcGtu8feMCQ5bD\", \"updatedAt\": \"2025-09-14T15:46:31.293545\", \"paymentMethod\": \"stripe\"}','2025-09-14 08:46:32'),(204,'SYSTEM','UPDATE','PAYMENT','d45894e0-ca99-4570-87e7-0b77fef4a8d6','{\"id\": \"d45894e0-ca99-4570-87e7-0b77fef4a8d6\", \"user\": {\"id\": \"user-002\", \"name\": \"Bob dsagdg\", \"email\": \"bob@example.com\"}, \"amount\": 199.99, \"course\": {\"id\": \"course-004\", \"price\": 199.99, \"title\": \"Cybersecurity Essentials\", \"instructorId\": \"user-008\", \"instructorName\": \"Hannah Taylor\"}, \"paidAt\": null, \"status\": \"PENDING\", \"userId\": \"user-002\", \"courseId\": \"course-004\", \"createdAt\": \"2025-09-14T15:46:31\", \"sessionId\": \"cs_test_a16KSKsSudm9G2rlYPxfn0PNZwpnCFiukWtx64GSMjUXCcGtu8feMCQ5bD\", \"updatedAt\": \"2025-09-14T15:46:32\", \"paymentMethod\": \"stripe\"}','{\"id\": \"d45894e0-ca99-4570-87e7-0b77fef4a8d6\", \"user\": {\"id\": \"user-002\", \"name\": \"Bob dsagdg\", \"email\": \"bob@example.com\"}, \"amount\": 199.99, \"course\": {\"id\": \"course-004\", \"price\": 199.99, \"title\": \"Cybersecurity Essentials\", \"instructorId\": \"user-008\", \"instructorName\": \"Hannah Taylor\"}, \"paidAt\": \"2025-09-14T15:46:37.5611073\", \"status\": \"COMPLETED\", \"userId\": \"user-002\", \"courseId\": \"course-004\", \"createdAt\": \"2025-09-14T15:46:31\", \"sessionId\": \"cs_test_a16KSKsSudm9G2rlYPxfn0PNZwpnCFiukWtx64GSMjUXCcGtu8feMCQ5bD\", \"updatedAt\": \"2025-09-14T15:46:32\", \"paymentMethod\": \"stripe\"}','2025-09-14 08:46:38'),(205,'user-002','CREATE','PAYMENT','3966bd21-916a-41fc-b70d-ce0377115dea',NULL,'{\"id\": \"3966bd21-916a-41fc-b70d-ce0377115dea\", \"user\": {\"id\": \"user-002\", \"name\": \"Bob dsagdg\", \"email\": \"bob@example.com\"}, \"amount\": 199.99, \"course\": {\"id\": \"course-007\", \"price\": 199.99, \"title\": \"Cloud Computing with AWS\", \"instructorId\": \"user-009\", \"instructorName\": \"Ian Miller\"}, \"paidAt\": null, \"status\": \"PENDING\", \"userId\": \"user-002\", \"courseId\": \"course-007\", \"createdAt\": null, \"sessionId\": null, \"updatedAt\": null, \"paymentMethod\": \"stripe\"}','2025-09-14 08:47:30'),(206,'user-002','UPDATE','PAYMENT','3966bd21-916a-41fc-b70d-ce0377115dea','{\"id\": \"3966bd21-916a-41fc-b70d-ce0377115dea\", \"user\": {\"id\": \"user-002\", \"name\": \"Bob dsagdg\", \"email\": \"bob@example.com\"}, \"amount\": 199.99, \"course\": {\"id\": \"course-007\", \"price\": 199.99, \"title\": \"Cloud Computing with AWS\", \"instructorId\": \"user-009\", \"instructorName\": \"Ian Miller\"}, \"paidAt\": null, \"status\": \"PENDING\", \"userId\": \"user-002\", \"courseId\": \"course-007\", \"createdAt\": \"2025-09-14T15:47:29.5988\", \"sessionId\": null, \"updatedAt\": \"2025-09-14T15:47:29.5988\", \"paymentMethod\": \"stripe\"}','{\"id\": \"3966bd21-916a-41fc-b70d-ce0377115dea\", \"user\": {\"id\": \"user-002\", \"name\": \"Bob dsagdg\", \"email\": \"bob@example.com\"}, \"amount\": 199.99, \"course\": {\"id\": \"course-007\", \"price\": 199.99, \"title\": \"Cloud Computing with AWS\", \"instructorId\": \"user-009\", \"instructorName\": \"Ian Miller\"}, \"paidAt\": null, \"status\": \"PENDING\", \"userId\": \"user-002\", \"courseId\": \"course-007\", \"createdAt\": \"2025-09-14T15:47:29.5988\", \"sessionId\": \"cs_test_a1KQbTVf78xOK8U4TzFNAQ98lBGEWYRpTvdWuGoli2qDunY0O0SsvtZrmI\", \"updatedAt\": \"2025-09-14T15:47:29.5988\", \"paymentMethod\": \"stripe\"}','2025-09-14 08:47:30'),(207,'SYSTEM','UPDATE','PAYMENT','3966bd21-916a-41fc-b70d-ce0377115dea','{\"id\": \"3966bd21-916a-41fc-b70d-ce0377115dea\", \"user\": {\"id\": \"user-002\", \"name\": \"Bob dsagdg\", \"email\": \"bob@example.com\"}, \"amount\": 199.99, \"course\": {\"id\": \"course-007\", \"price\": 199.99, \"title\": \"Cloud Computing with AWS\", \"instructorId\": \"user-009\", \"instructorName\": \"Ian Miller\"}, \"paidAt\": null, \"status\": \"PENDING\", \"userId\": \"user-002\", \"courseId\": \"course-007\", \"createdAt\": \"2025-09-14T15:47:30\", \"sessionId\": \"cs_test_a1KQbTVf78xOK8U4TzFNAQ98lBGEWYRpTvdWuGoli2qDunY0O0SsvtZrmI\", \"updatedAt\": \"2025-09-14T15:47:30\", \"paymentMethod\": \"stripe\"}','{\"id\": \"3966bd21-916a-41fc-b70d-ce0377115dea\", \"user\": {\"id\": \"user-002\", \"name\": \"Bob dsagdg\", \"email\": \"bob@example.com\"}, \"amount\": 199.99, \"course\": {\"id\": \"course-007\", \"price\": 199.99, \"title\": \"Cloud Computing with AWS\", \"instructorId\": \"user-009\", \"instructorName\": \"Ian Miller\"}, \"paidAt\": \"2025-09-14T15:47:35.809923\", \"status\": \"COMPLETED\", \"userId\": \"user-002\", \"courseId\": \"course-007\", \"createdAt\": \"2025-09-14T15:47:30\", \"sessionId\": \"cs_test_a1KQbTVf78xOK8U4TzFNAQ98lBGEWYRpTvdWuGoli2qDunY0O0SsvtZrmI\", \"updatedAt\": \"2025-09-14T15:47:30\", \"paymentMethod\": \"stripe\"}','2025-09-14 08:47:36'),(208,'ec592cdf-3410-4fdc-a79d-2ef048b15899','CREATE','PAYMENT','379af6b1-4ed2-4ab5-9455-b71c89aadee4',NULL,'{\"id\": \"379af6b1-4ed2-4ab5-9455-b71c89aadee4\", \"user\": {\"id\": \"ec592cdf-3410-4fdc-a79d-2ef048b15899\", \"name\": \"Vit Dien\", \"email\": \"lethuaquochuy1@gmail.com\"}, \"amount\": 35.98, \"course\": {\"id\": \"72eb8613-3192-4dc4-8917-d4baefe98582\", \"price\": 35.98, \"title\": \"video test\", \"instructorId\": \"user-003\", \"instructorName\": \"Charlie\"}, \"paidAt\": null, \"status\": \"PENDING\", \"userId\": \"ec592cdf-3410-4fdc-a79d-2ef048b15899\", \"courseId\": \"72eb8613-3192-4dc4-8917-d4baefe98582\", \"createdAt\": null, \"sessionId\": null, \"updatedAt\": null, \"paymentMethod\": \"stripe\"}','2025-09-16 03:31:52'),(209,'ec592cdf-3410-4fdc-a79d-2ef048b15899','UPDATE','PAYMENT','379af6b1-4ed2-4ab5-9455-b71c89aadee4','{\"id\": \"379af6b1-4ed2-4ab5-9455-b71c89aadee4\", \"user\": {\"id\": \"ec592cdf-3410-4fdc-a79d-2ef048b15899\", \"name\": \"Vit Dien\", \"email\": \"lethuaquochuy1@gmail.com\"}, \"amount\": 35.98, \"course\": {\"id\": \"72eb8613-3192-4dc4-8917-d4baefe98582\", \"price\": 35.98, \"title\": \"video test\", \"instructorId\": \"user-003\", \"instructorName\": \"Charlie\"}, \"paidAt\": null, \"status\": \"PENDING\", \"userId\": \"ec592cdf-3410-4fdc-a79d-2ef048b15899\", \"courseId\": \"72eb8613-3192-4dc4-8917-d4baefe98582\", \"createdAt\": \"2025-09-16T10:31:51.512784\", \"sessionId\": null, \"updatedAt\": \"2025-09-16T10:31:51.512784\", \"paymentMethod\": \"stripe\"}','{\"id\": \"379af6b1-4ed2-4ab5-9455-b71c89aadee4\", \"user\": {\"id\": \"ec592cdf-3410-4fdc-a79d-2ef048b15899\", \"name\": \"Vit Dien\", \"email\": \"lethuaquochuy1@gmail.com\"}, \"amount\": 35.98, \"course\": {\"id\": \"72eb8613-3192-4dc4-8917-d4baefe98582\", \"price\": 35.98, \"title\": \"video test\", \"instructorId\": \"user-003\", \"instructorName\": \"Charlie\"}, \"paidAt\": null, \"status\": \"PENDING\", \"userId\": \"ec592cdf-3410-4fdc-a79d-2ef048b15899\", \"courseId\": \"72eb8613-3192-4dc4-8917-d4baefe98582\", \"createdAt\": \"2025-09-16T10:31:51.512784\", \"sessionId\": \"cs_test_a1eZP9G93nr77uWOGXN30Sc2bjTmC3bOraVNqjze1pGfY2Nb8Bd6x35P5U\", \"updatedAt\": \"2025-09-16T10:31:51.512784\", \"paymentMethod\": \"stripe\"}','2025-09-16 03:31:53'),(210,'ec592cdf-3410-4fdc-a79d-2ef048b15899','CREATE','PAYMENT','01d9a54c-1b2a-44b8-bb3f-ad20905c7ef7',NULL,'{\"id\": \"01d9a54c-1b2a-44b8-bb3f-ad20905c7ef7\", \"user\": {\"id\": \"ec592cdf-3410-4fdc-a79d-2ef048b15899\", \"name\": \"Vit Dien\", \"email\": \"lethuaquochuy1@gmail.com\"}, \"amount\": 35.99, \"course\": {\"id\": \"9f1881cf-e4ad-4901-9e47-e28e4b553886\", \"price\": 35.99, \"title\": \"vitdien21\", \"instructorId\": \"user-003\", \"instructorName\": \"Charlie\"}, \"paidAt\": null, \"status\": \"PENDING\", \"userId\": \"ec592cdf-3410-4fdc-a79d-2ef048b15899\", \"courseId\": \"9f1881cf-e4ad-4901-9e47-e28e4b553886\", \"createdAt\": null, \"sessionId\": null, \"updatedAt\": null, \"paymentMethod\": \"stripe\"}','2025-09-16 03:32:45'),(211,'ec592cdf-3410-4fdc-a79d-2ef048b15899','UPDATE','PAYMENT','01d9a54c-1b2a-44b8-bb3f-ad20905c7ef7','{\"id\": \"01d9a54c-1b2a-44b8-bb3f-ad20905c7ef7\", \"user\": {\"id\": \"ec592cdf-3410-4fdc-a79d-2ef048b15899\", \"name\": \"Vit Dien\", \"email\": \"lethuaquochuy1@gmail.com\"}, \"amount\": 35.99, \"course\": {\"id\": \"9f1881cf-e4ad-4901-9e47-e28e4b553886\", \"price\": 35.99, \"title\": \"vitdien21\", \"instructorId\": \"user-003\", \"instructorName\": \"Charlie\"}, \"paidAt\": null, \"status\": \"PENDING\", \"userId\": \"ec592cdf-3410-4fdc-a79d-2ef048b15899\", \"courseId\": \"9f1881cf-e4ad-4901-9e47-e28e4b553886\", \"createdAt\": \"2025-09-16T10:32:44.703519\", \"sessionId\": null, \"updatedAt\": \"2025-09-16T10:32:44.703519\", \"paymentMethod\": \"stripe\"}','{\"id\": \"01d9a54c-1b2a-44b8-bb3f-ad20905c7ef7\", \"user\": {\"id\": \"ec592cdf-3410-4fdc-a79d-2ef048b15899\", \"name\": \"Vit Dien\", \"email\": \"lethuaquochuy1@gmail.com\"}, \"amount\": 35.99, \"course\": {\"id\": \"9f1881cf-e4ad-4901-9e47-e28e4b553886\", \"price\": 35.99, \"title\": \"vitdien21\", \"instructorId\": \"user-003\", \"instructorName\": \"Charlie\"}, \"paidAt\": null, \"status\": \"PENDING\", \"userId\": \"ec592cdf-3410-4fdc-a79d-2ef048b15899\", \"courseId\": \"9f1881cf-e4ad-4901-9e47-e28e4b553886\", \"createdAt\": \"2025-09-16T10:32:44.703519\", \"sessionId\": \"cs_test_a1loeKufQOU3u2oi06POm5sLDIRVraTy1idhrNyYndSIomymf5NTfwgD7J\", \"updatedAt\": \"2025-09-16T10:32:44.703519\", \"paymentMethod\": \"stripe\"}','2025-09-16 03:32:47'),(212,'41af40ad-9423-42b6-a4ae-38a45b8ddf93','CREATE','PAYMENT','d2bba42e-95ee-4fa4-b9b3-8b8744c18a8b',NULL,'{\"id\": \"d2bba42e-95ee-4fa4-b9b3-8b8744c18a8b\", \"user\": {\"id\": \"41af40ad-9423-42b6-a4ae-38a45b8ddf93\", \"name\": \"Vịt Điên\", \"email\": \"vitdienclone@gmail.com\"}, \"amount\": 30.59, \"course\": {\"id\": \"9f1881cf-e4ad-4901-9e47-e28e4b553886\", \"price\": 35.99, \"title\": \"vitdien21\", \"instructorId\": \"user-003\", \"instructorName\": \"Charlie\"}, \"paidAt\": null, \"status\": \"PENDING\", \"userId\": \"41af40ad-9423-42b6-a4ae-38a45b8ddf93\", \"courseId\": \"9f1881cf-e4ad-4901-9e47-e28e4b553886\", \"createdAt\": null, \"sessionId\": null, \"updatedAt\": null, \"paymentMethod\": \"stripe\"}','2025-09-21 05:36:18'),(213,'41af40ad-9423-42b6-a4ae-38a45b8ddf93','UPDATE','PAYMENT','d2bba42e-95ee-4fa4-b9b3-8b8744c18a8b','{\"id\": \"d2bba42e-95ee-4fa4-b9b3-8b8744c18a8b\", \"user\": {\"id\": \"41af40ad-9423-42b6-a4ae-38a45b8ddf93\", \"name\": \"Vịt Điên\", \"email\": \"vitdienclone@gmail.com\"}, \"amount\": 30.59, \"course\": {\"id\": \"9f1881cf-e4ad-4901-9e47-e28e4b553886\", \"price\": 35.99, \"title\": \"vitdien21\", \"instructorId\": \"user-003\", \"instructorName\": \"Charlie\"}, \"paidAt\": null, \"status\": \"PENDING\", \"userId\": \"41af40ad-9423-42b6-a4ae-38a45b8ddf93\", \"courseId\": \"9f1881cf-e4ad-4901-9e47-e28e4b553886\", \"createdAt\": \"2025-09-21T12:36:17.675219\", \"sessionId\": null, \"updatedAt\": \"2025-09-21T12:36:17.675219\", \"paymentMethod\": \"stripe\"}','{\"id\": \"d2bba42e-95ee-4fa4-b9b3-8b8744c18a8b\", \"user\": {\"id\": \"41af40ad-9423-42b6-a4ae-38a45b8ddf93\", \"name\": \"Vịt Điên\", \"email\": \"vitdienclone@gmail.com\"}, \"amount\": 30.59, \"course\": {\"id\": \"9f1881cf-e4ad-4901-9e47-e28e4b553886\", \"price\": 35.99, \"title\": \"vitdien21\", \"instructorId\": \"user-003\", \"instructorName\": \"Charlie\"}, \"paidAt\": null, \"status\": \"PENDING\", \"userId\": \"41af40ad-9423-42b6-a4ae-38a45b8ddf93\", \"courseId\": \"9f1881cf-e4ad-4901-9e47-e28e4b553886\", \"createdAt\": \"2025-09-21T12:36:17.675219\", \"sessionId\": \"cs_test_a1Q0AZjjDFLTwFP6anhcL0jZi31wb7438RoZrUjYXUIk3i01QpG0eTvXMU\", \"updatedAt\": \"2025-09-21T12:36:17.675219\", \"paymentMethod\": \"stripe\"}','2025-09-21 05:36:19'),(214,'SYSTEM','UPDATE','PAYMENT','d2bba42e-95ee-4fa4-b9b3-8b8744c18a8b','{\"id\": \"d2bba42e-95ee-4fa4-b9b3-8b8744c18a8b\", \"user\": {\"id\": \"41af40ad-9423-42b6-a4ae-38a45b8ddf93\", \"name\": \"Vịt Điên\", \"email\": \"vitdienclone@gmail.com\"}, \"amount\": 30.59, \"course\": {\"id\": \"9f1881cf-e4ad-4901-9e47-e28e4b553886\", \"price\": 35.99, \"title\": \"vitdien21\", \"instructorId\": \"user-003\", \"instructorName\": \"Charlie\"}, \"paidAt\": null, \"status\": \"PENDING\", \"userId\": \"41af40ad-9423-42b6-a4ae-38a45b8ddf93\", \"courseId\": \"9f1881cf-e4ad-4901-9e47-e28e4b553886\", \"createdAt\": \"2025-09-21T12:36:18\", \"sessionId\": \"cs_test_a1Q0AZjjDFLTwFP6anhcL0jZi31wb7438RoZrUjYXUIk3i01QpG0eTvXMU\", \"updatedAt\": \"2025-09-21T12:36:19\", \"paymentMethod\": \"stripe\"}','{\"id\": \"d2bba42e-95ee-4fa4-b9b3-8b8744c18a8b\", \"user\": {\"id\": \"41af40ad-9423-42b6-a4ae-38a45b8ddf93\", \"name\": \"Vịt Điên\", \"email\": \"vitdienclone@gmail.com\"}, \"amount\": 30.59, \"course\": {\"id\": \"9f1881cf-e4ad-4901-9e47-e28e4b553886\", \"price\": 35.99, \"title\": \"vitdien21\", \"instructorId\": \"user-003\", \"instructorName\": \"Charlie\"}, \"paidAt\": \"2025-09-21T12:36:27.9339183\", \"status\": \"COMPLETED\", \"userId\": \"41af40ad-9423-42b6-a4ae-38a45b8ddf93\", \"courseId\": \"9f1881cf-e4ad-4901-9e47-e28e4b553886\", \"createdAt\": \"2025-09-21T12:36:18\", \"sessionId\": \"cs_test_a1Q0AZjjDFLTwFP6anhcL0jZi31wb7438RoZrUjYXUIk3i01QpG0eTvXMU\", \"updatedAt\": \"2025-09-21T12:36:19\", \"paymentMethod\": \"stripe\"}','2025-09-21 05:36:28'),(215,'41af40ad-9423-42b6-a4ae-38a45b8ddf93','CREATE','PAYMENT','dad3c24a-4bb2-4b13-86a8-522f403ff725',NULL,'{\"id\": \"dad3c24a-4bb2-4b13-86a8-522f403ff725\", \"user\": {\"id\": \"41af40ad-9423-42b6-a4ae-38a45b8ddf93\", \"name\": \"Vịt Điên\", \"email\": \"vitdienclone@gmail.com\"}, \"amount\": 35.98, \"course\": {\"id\": \"72eb8613-3192-4dc4-8917-d4baefe98582\", \"price\": 35.98, \"title\": \"video test\", \"instructorId\": \"user-003\", \"instructorName\": \"Charlie\"}, \"paidAt\": null, \"status\": \"PENDING\", \"userId\": \"41af40ad-9423-42b6-a4ae-38a45b8ddf93\", \"courseId\": \"72eb8613-3192-4dc4-8917-d4baefe98582\", \"createdAt\": null, \"sessionId\": null, \"updatedAt\": null, \"paymentMethod\": \"stripe\"}','2025-09-21 06:18:16'),(216,'41af40ad-9423-42b6-a4ae-38a45b8ddf93','UPDATE','PAYMENT','dad3c24a-4bb2-4b13-86a8-522f403ff725','{\"id\": \"dad3c24a-4bb2-4b13-86a8-522f403ff725\", \"user\": {\"id\": \"41af40ad-9423-42b6-a4ae-38a45b8ddf93\", \"name\": \"Vịt Điên\", \"email\": \"vitdienclone@gmail.com\"}, \"amount\": 35.98, \"course\": {\"id\": \"72eb8613-3192-4dc4-8917-d4baefe98582\", \"price\": 35.98, \"title\": \"video test\", \"instructorId\": \"user-003\", \"instructorName\": \"Charlie\"}, \"paidAt\": null, \"status\": \"PENDING\", \"userId\": \"41af40ad-9423-42b6-a4ae-38a45b8ddf93\", \"courseId\": \"72eb8613-3192-4dc4-8917-d4baefe98582\", \"createdAt\": \"2025-09-21T13:18:16.433823\", \"sessionId\": null, \"updatedAt\": \"2025-09-21T13:18:16.433823\", \"paymentMethod\": \"stripe\"}','{\"id\": \"dad3c24a-4bb2-4b13-86a8-522f403ff725\", \"user\": {\"id\": \"41af40ad-9423-42b6-a4ae-38a45b8ddf93\", \"name\": \"Vịt Điên\", \"email\": \"vitdienclone@gmail.com\"}, \"amount\": 35.98, \"course\": {\"id\": \"72eb8613-3192-4dc4-8917-d4baefe98582\", \"price\": 35.98, \"title\": \"video test\", \"instructorId\": \"user-003\", \"instructorName\": \"Charlie\"}, \"paidAt\": null, \"status\": \"PENDING\", \"userId\": \"41af40ad-9423-42b6-a4ae-38a45b8ddf93\", \"courseId\": \"72eb8613-3192-4dc4-8917-d4baefe98582\", \"createdAt\": \"2025-09-21T13:18:16.433823\", \"sessionId\": \"cs_test_a1UQNmAYymH4gs8GjcfmOwGRkvL93brLjCzf0Tv18n1991N4HlqGwnYLeH\", \"updatedAt\": \"2025-09-21T13:18:16.433823\", \"paymentMethod\": \"stripe\"}','2025-09-21 06:18:17'),(217,'ec592cdf-3410-4fdc-a79d-2ef048b15899','CREATE','PAYMENT','64d957b0-ab5a-4326-8f47-5bddb4e07f3c',NULL,'{\"id\": \"64d957b0-ab5a-4326-8f47-5bddb4e07f3c\", \"user\": {\"id\": \"ec592cdf-3410-4fdc-a79d-2ef048b15899\", \"name\": \"Vit Dien\", \"email\": \"lethuaquochuy1@gmail.com\"}, \"amount\": 166.59, \"course\": {\"id\": \"course-015\", \"price\": 169.99, \"title\": \"Flutter Mobile App Development\", \"instructorId\": \"user-007\", \"instructorName\": \"George Wilson\"}, \"paidAt\": null, \"status\": \"PENDING\", \"userId\": \"ec592cdf-3410-4fdc-a79d-2ef048b15899\", \"courseId\": \"course-015\", \"createdAt\": null, \"sessionId\": null, \"updatedAt\": null, \"paymentMethod\": \"stripe\"}','2025-09-21 06:22:19'),(218,'ec592cdf-3410-4fdc-a79d-2ef048b15899','UPDATE','PAYMENT','64d957b0-ab5a-4326-8f47-5bddb4e07f3c','{\"id\": \"64d957b0-ab5a-4326-8f47-5bddb4e07f3c\", \"user\": {\"id\": \"ec592cdf-3410-4fdc-a79d-2ef048b15899\", \"name\": \"Vit Dien\", \"email\": \"lethuaquochuy1@gmail.com\"}, \"amount\": 166.59, \"course\": {\"id\": \"course-015\", \"price\": 169.99, \"title\": \"Flutter Mobile App Development\", \"instructorId\": \"user-007\", \"instructorName\": \"George Wilson\"}, \"paidAt\": null, \"status\": \"PENDING\", \"userId\": \"ec592cdf-3410-4fdc-a79d-2ef048b15899\", \"courseId\": \"course-015\", \"createdAt\": \"2025-09-21T13:22:18.886476\", \"sessionId\": null, \"updatedAt\": \"2025-09-21T13:22:18.886476\", \"paymentMethod\": \"stripe\"}','{\"id\": \"64d957b0-ab5a-4326-8f47-5bddb4e07f3c\", \"user\": {\"id\": \"ec592cdf-3410-4fdc-a79d-2ef048b15899\", \"name\": \"Vit Dien\", \"email\": \"lethuaquochuy1@gmail.com\"}, \"amount\": 166.59, \"course\": {\"id\": \"course-015\", \"price\": 169.99, \"title\": \"Flutter Mobile App Development\", \"instructorId\": \"user-007\", \"instructorName\": \"George Wilson\"}, \"paidAt\": null, \"status\": \"PENDING\", \"userId\": \"ec592cdf-3410-4fdc-a79d-2ef048b15899\", \"courseId\": \"course-015\", \"createdAt\": \"2025-09-21T13:22:18.886476\", \"sessionId\": \"cs_test_a1eTJWi6hLgOl8XzG0mJZoBOKIGhdzKdzWdntqR8XuquVdJKoWPpmviECK\", \"updatedAt\": \"2025-09-21T13:22:18.886476\", \"paymentMethod\": \"stripe\"}','2025-09-21 06:22:20'),(219,'ec592cdf-3410-4fdc-a79d-2ef048b15899','CREATE','PAYMENT','51bf5e25-71f1-4731-a758-791a983dffe6',NULL,'{\"id\": \"51bf5e25-71f1-4731-a758-791a983dffe6\", \"user\": {\"id\": \"ec592cdf-3410-4fdc-a79d-2ef048b15899\", \"name\": \"Vit Dien\", \"email\": \"lethuaquochuy1@gmail.com\"}, \"amount\": 127.39, \"course\": {\"id\": \"course-013\", \"price\": 129.99, \"title\": \"Complete Vue.js Web Development\", \"instructorId\": \"user-005\", \"instructorName\": \"Edward Chen\"}, \"paidAt\": null, \"status\": \"PENDING\", \"userId\": \"ec592cdf-3410-4fdc-a79d-2ef048b15899\", \"courseId\": \"course-013\", \"createdAt\": null, \"sessionId\": null, \"updatedAt\": null, \"paymentMethod\": \"stripe\"}','2025-09-21 06:25:47'),(220,'ec592cdf-3410-4fdc-a79d-2ef048b15899','UPDATE','PAYMENT','51bf5e25-71f1-4731-a758-791a983dffe6','{\"id\": \"51bf5e25-71f1-4731-a758-791a983dffe6\", \"user\": {\"id\": \"ec592cdf-3410-4fdc-a79d-2ef048b15899\", \"name\": \"Vit Dien\", \"email\": \"lethuaquochuy1@gmail.com\"}, \"amount\": 127.39, \"course\": {\"id\": \"course-013\", \"price\": 129.99, \"title\": \"Complete Vue.js Web Development\", \"instructorId\": \"user-005\", \"instructorName\": \"Edward Chen\"}, \"paidAt\": null, \"status\": \"PENDING\", \"userId\": \"ec592cdf-3410-4fdc-a79d-2ef048b15899\", \"courseId\": \"course-013\", \"createdAt\": \"2025-09-21T13:25:46.768465\", \"sessionId\": null, \"updatedAt\": \"2025-09-21T13:25:46.768465\", \"paymentMethod\": \"stripe\"}','{\"id\": \"51bf5e25-71f1-4731-a758-791a983dffe6\", \"user\": {\"id\": \"ec592cdf-3410-4fdc-a79d-2ef048b15899\", \"name\": \"Vit Dien\", \"email\": \"lethuaquochuy1@gmail.com\"}, \"amount\": 127.39, \"course\": {\"id\": \"course-013\", \"price\": 129.99, \"title\": \"Complete Vue.js Web Development\", \"instructorId\": \"user-005\", \"instructorName\": \"Edward Chen\"}, \"paidAt\": null, \"status\": \"PENDING\", \"userId\": \"ec592cdf-3410-4fdc-a79d-2ef048b15899\", \"courseId\": \"course-013\", \"createdAt\": \"2025-09-21T13:25:46.768465\", \"sessionId\": \"cs_test_a1muoed4otqa81nRAIsWZGKK0L7oEEhZ6USqXjOhuSsrbQRszrm2YLBn5l\", \"updatedAt\": \"2025-09-21T13:25:46.768465\", \"paymentMethod\": \"stripe\"}','2025-09-21 06:25:48'),(221,'SYSTEM','UPDATE','PAYMENT','51bf5e25-71f1-4731-a758-791a983dffe6','{\"id\": \"51bf5e25-71f1-4731-a758-791a983dffe6\", \"user\": {\"id\": \"ec592cdf-3410-4fdc-a79d-2ef048b15899\", \"name\": \"Vit Dien\", \"email\": \"lethuaquochuy1@gmail.com\"}, \"amount\": 127.39, \"course\": {\"id\": \"course-013\", \"price\": 129.99, \"title\": \"Complete Vue.js Web Development\", \"instructorId\": \"user-005\", \"instructorName\": \"Edward Chen\"}, \"paidAt\": null, \"status\": \"PENDING\", \"userId\": \"ec592cdf-3410-4fdc-a79d-2ef048b15899\", \"courseId\": \"course-013\", \"createdAt\": \"2025-09-21T13:25:47\", \"sessionId\": \"cs_test_a1muoed4otqa81nRAIsWZGKK0L7oEEhZ6USqXjOhuSsrbQRszrm2YLBn5l\", \"updatedAt\": \"2025-09-21T13:25:48\", \"paymentMethod\": \"stripe\"}','{\"id\": \"51bf5e25-71f1-4731-a758-791a983dffe6\", \"user\": {\"id\": \"ec592cdf-3410-4fdc-a79d-2ef048b15899\", \"name\": \"Vit Dien\", \"email\": \"lethuaquochuy1@gmail.com\"}, \"amount\": 127.39, \"course\": {\"id\": \"course-013\", \"price\": 129.99, \"title\": \"Complete Vue.js Web Development\", \"instructorId\": \"user-005\", \"instructorName\": \"Edward Chen\"}, \"paidAt\": \"2025-09-21T13:27:28.9077825\", \"status\": \"COMPLETED\", \"userId\": \"ec592cdf-3410-4fdc-a79d-2ef048b15899\", \"courseId\": \"course-013\", \"createdAt\": \"2025-09-21T13:25:47\", \"sessionId\": \"cs_test_a1muoed4otqa81nRAIsWZGKK0L7oEEhZ6USqXjOhuSsrbQRszrm2YLBn5l\", \"updatedAt\": \"2025-09-21T13:25:48\", \"paymentMethod\": \"stripe\"}','2025-09-21 06:27:29'),(222,'user-003','UPDATE','Course','2ac197b4-cb91-40e7-99d6-e69e425f6ea9','{\"id\": \"2ac197b4-cb91-40e7-99d6-e69e425f6ea9\", \"level\": \"BEGINNER\", \"price\": 24.0, \"title\": \"aaaaaaaaaaaaaaa\", \"createdAt\": \"2025-08-27T14:01:57\", \"isDeleted\": false, \"updatedAt\": \"2025-09-21T15:05:43\", \"isApproved\": false, \"categoryIds\": [\"cat-007\"], \"description\": \"aaaaaaaaaaaaaaaaaaaaaaaa\", \"isPublished\": true, \"thumbnailId\": \"course-management/t1liet_1756278112348_cb66aecb.png\", \"instructorId\": \"user-003\", \"thumbnailUrl\": \"https://res.cloudinary.com/djg6scfth/image/upload/v1756278115/course-management/t1liet_1756278112348_cb66aecb.png.png\", \"categoryNames\": [\"Cloud Computing\"], \"instructorName\": \"Charlie\"}','{\"id\": \"2ac197b4-cb91-40e7-99d6-e69e425f6ea9\", \"level\": \"BEGINNER\", \"price\": 366, \"title\": \"aaaaaaaaaaaaaaa\", \"createdAt\": \"2025-08-27T14:01:57\", \"isDeleted\": false, \"updatedAt\": \"2025-09-21T15:05:52.143754\", \"isApproved\": false, \"categoryIds\": [\"cat-007\"], \"description\": \"aaaaaaaaaaaaaaaaaaaaaaaa\", \"isPublished\": true, \"thumbnailId\": \"course-management/t1liet_1756278112348_cb66aecb.png\", \"instructorId\": \"user-003\", \"thumbnailUrl\": \"https://res.cloudinary.com/djg6scfth/image/upload/v1756278115/course-management/t1liet_1756278112348_cb66aecb.png.png\", \"categoryNames\": [\"Cloud Computing\"], \"instructorName\": \"Charlie\"}','2025-09-21 08:05:52'),(223,'user-003','DELETE','Course','2ac197b4-cb91-40e7-99d6-e69e425f6ea9','{\"id\": \"2ac197b4-cb91-40e7-99d6-e69e425f6ea9\", \"level\": \"BEGINNER\", \"price\": 366.0, \"title\": \"aaaaaaaaaaaaaaa\", \"createdAt\": \"2025-08-27T14:01:57\", \"isDeleted\": false, \"updatedAt\": \"2025-09-21T15:05:52\", \"isApproved\": false, \"categoryIds\": [\"cat-007\"], \"description\": \"aaaaaaaaaaaaaaaaaaaaaaaa\", \"isPublished\": true, \"thumbnailId\": \"course-management/t1liet_1756278112348_cb66aecb.png\", \"instructorId\": \"user-003\", \"thumbnailUrl\": \"https://res.cloudinary.com/djg6scfth/image/upload/v1756278115/course-management/t1liet_1756278112348_cb66aecb.png.png\", \"categoryNames\": [\"Cloud Computing\"], \"instructorName\": \"Charlie\"}',NULL,'2025-09-21 08:06:10'),(224,'4b36f90c-ae3d-4458-8b04-045e77b8d9c1','CREATE','PAYMENT','2978787c-2192-470f-9717-56d06dc59415',NULL,'{\"id\": \"2978787c-2192-470f-9717-56d06dc59415\", \"user\": {\"id\": \"4b36f90c-ae3d-4458-8b04-045e77b8d9c1\", \"name\": \"Sơn Trịnh\", \"email\": \"ttsondhqt@gmail.com\"}, \"amount\": 84.15, \"course\": {\"id\": \"2c4fccd5-49b6-44cc-bdec-d0e951db3619\", \"price\": 99.0, \"title\": \"vitdien\", \"instructorId\": \"user-003\", \"instructorName\": \"Charlie\"}, \"paidAt\": null, \"status\": \"PENDING\", \"userId\": \"4b36f90c-ae3d-4458-8b04-045e77b8d9c1\", \"courseId\": \"2c4fccd5-49b6-44cc-bdec-d0e951db3619\", \"createdAt\": null, \"sessionId\": null, \"updatedAt\": null, \"paymentMethod\": \"stripe\"}','2025-09-22 01:37:31'),(225,'4b36f90c-ae3d-4458-8b04-045e77b8d9c1','UPDATE','PAYMENT','2978787c-2192-470f-9717-56d06dc59415','{\"id\": \"2978787c-2192-470f-9717-56d06dc59415\", \"user\": {\"id\": \"4b36f90c-ae3d-4458-8b04-045e77b8d9c1\", \"name\": \"Sơn Trịnh\", \"email\": \"ttsondhqt@gmail.com\"}, \"amount\": 84.15, \"course\": {\"id\": \"2c4fccd5-49b6-44cc-bdec-d0e951db3619\", \"price\": 99.0, \"title\": \"vitdien\", \"instructorId\": \"user-003\", \"instructorName\": \"Charlie\"}, \"paidAt\": null, \"status\": \"PENDING\", \"userId\": \"4b36f90c-ae3d-4458-8b04-045e77b8d9c1\", \"courseId\": \"2c4fccd5-49b6-44cc-bdec-d0e951db3619\", \"createdAt\": \"2025-09-22T08:37:31.361149\", \"sessionId\": null, \"updatedAt\": \"2025-09-22T08:37:31.361149\", \"paymentMethod\": \"stripe\"}','{\"id\": \"2978787c-2192-470f-9717-56d06dc59415\", \"user\": {\"id\": \"4b36f90c-ae3d-4458-8b04-045e77b8d9c1\", \"name\": \"Sơn Trịnh\", \"email\": \"ttsondhqt@gmail.com\"}, \"amount\": 84.15, \"course\": {\"id\": \"2c4fccd5-49b6-44cc-bdec-d0e951db3619\", \"price\": 99.0, \"title\": \"vitdien\", \"instructorId\": \"user-003\", \"instructorName\": \"Charlie\"}, \"paidAt\": null, \"status\": \"PENDING\", \"userId\": \"4b36f90c-ae3d-4458-8b04-045e77b8d9c1\", \"courseId\": \"2c4fccd5-49b6-44cc-bdec-d0e951db3619\", \"createdAt\": \"2025-09-22T08:37:31.361149\", \"sessionId\": \"cs_test_a1nKkuC2lrum4gplaypToofuYR9UoPd1emQinCofINJZPAGwxOTOrigoyG\", \"updatedAt\": \"2025-09-22T08:37:31.361149\", \"paymentMethod\": \"stripe\"}','2025-09-22 01:37:32'),(226,'SYSTEM','UPDATE','PAYMENT','2978787c-2192-470f-9717-56d06dc59415','{\"id\": \"2978787c-2192-470f-9717-56d06dc59415\", \"user\": {\"id\": \"4b36f90c-ae3d-4458-8b04-045e77b8d9c1\", \"name\": \"Sơn Trịnh\", \"email\": \"ttsondhqt@gmail.com\"}, \"amount\": 84.15, \"course\": {\"id\": \"2c4fccd5-49b6-44cc-bdec-d0e951db3619\", \"price\": 99.0, \"title\": \"vitdien\", \"instructorId\": \"user-003\", \"instructorName\": \"Charlie\"}, \"paidAt\": null, \"status\": \"PENDING\", \"userId\": \"4b36f90c-ae3d-4458-8b04-045e77b8d9c1\", \"courseId\": \"2c4fccd5-49b6-44cc-bdec-d0e951db3619\", \"createdAt\": \"2025-09-22T08:37:31\", \"sessionId\": \"cs_test_a1nKkuC2lrum4gplaypToofuYR9UoPd1emQinCofINJZPAGwxOTOrigoyG\", \"updatedAt\": \"2025-09-22T08:37:32\", \"paymentMethod\": \"stripe\"}','{\"id\": \"2978787c-2192-470f-9717-56d06dc59415\", \"user\": {\"id\": \"4b36f90c-ae3d-4458-8b04-045e77b8d9c1\", \"name\": \"Sơn Trịnh\", \"email\": \"ttsondhqt@gmail.com\"}, \"amount\": 84.15, \"course\": {\"id\": \"2c4fccd5-49b6-44cc-bdec-d0e951db3619\", \"price\": 99.0, \"title\": \"vitdien\", \"instructorId\": \"user-003\", \"instructorName\": \"Charlie\"}, \"paidAt\": \"2025-09-22T08:37:43.6161704\", \"status\": \"COMPLETED\", \"userId\": \"4b36f90c-ae3d-4458-8b04-045e77b8d9c1\", \"courseId\": \"2c4fccd5-49b6-44cc-bdec-d0e951db3619\", \"createdAt\": \"2025-09-22T08:37:31\", \"sessionId\": \"cs_test_a1nKkuC2lrum4gplaypToofuYR9UoPd1emQinCofINJZPAGwxOTOrigoyG\", \"updatedAt\": \"2025-09-22T08:37:32\", \"paymentMethod\": \"stripe\"}','2025-09-22 01:37:44'),(227,'user-003','CREATE','Course','fe33fc8c-d4ef-45cf-bbdd-182823f81f7b',NULL,'{\"id\": \"fe33fc8c-d4ef-45cf-bbdd-182823f81f7b\", \"level\": \"INTERMEDIATE\", \"price\": 36, \"title\": \"test123\", \"createdAt\": \"2025-09-22T08:49:17.893199\", \"isDeleted\": false, \"updatedAt\": \"2025-09-22T08:49:17.905818\", \"isApproved\": false, \"categoryIds\": [\"6c4d515e-f978-4652-9a22-e9dd56565b22\", \"cat-007\"], \"description\": \"test 1234567889sagfasga\", \"isPublished\": false, \"thumbnailId\": \"course-management/10_1758505756136_f057506e.jpeg\", \"instructorId\": \"user-003\", \"thumbnailUrl\": \"https://res.cloudinary.com/djg6scfth/image/upload/v1758505757/course-management/10_1758505756136_f057506e.jpeg.jpg\", \"categoryNames\": [\"HuyMapNe\", \"Cloud Computing\"], \"instructorName\": \"Charlie\"}','2025-09-22 01:49:18'),(228,'4b36f90c-ae3d-4458-8b04-045e77b8d9c1','CREATE','PAYMENT','09330282-dd89-4b09-83e0-8e499e252276',NULL,'{\"id\": \"09330282-dd89-4b09-83e0-8e499e252276\", \"user\": {\"id\": \"4b36f90c-ae3d-4458-8b04-045e77b8d9c1\", \"name\": \"Sơn Trịnh\", \"email\": \"ttsondhqt@gmail.com\"}, \"amount\": 30.58, \"course\": {\"id\": \"72eb8613-3192-4dc4-8917-d4baefe98582\", \"price\": 35.98, \"title\": \"video test\", \"instructorId\": \"user-003\", \"instructorName\": \"Charlie\"}, \"paidAt\": null, \"status\": \"PENDING\", \"userId\": \"4b36f90c-ae3d-4458-8b04-045e77b8d9c1\", \"courseId\": \"72eb8613-3192-4dc4-8917-d4baefe98582\", \"createdAt\": null, \"sessionId\": null, \"updatedAt\": null, \"paymentMethod\": \"stripe\"}','2025-09-22 02:14:14'),(229,'4b36f90c-ae3d-4458-8b04-045e77b8d9c1','UPDATE','PAYMENT','09330282-dd89-4b09-83e0-8e499e252276','{\"id\": \"09330282-dd89-4b09-83e0-8e499e252276\", \"user\": {\"id\": \"4b36f90c-ae3d-4458-8b04-045e77b8d9c1\", \"name\": \"Sơn Trịnh\", \"email\": \"ttsondhqt@gmail.com\"}, \"amount\": 30.58, \"course\": {\"id\": \"72eb8613-3192-4dc4-8917-d4baefe98582\", \"price\": 35.98, \"title\": \"video test\", \"instructorId\": \"user-003\", \"instructorName\": \"Charlie\"}, \"paidAt\": null, \"status\": \"PENDING\", \"userId\": \"4b36f90c-ae3d-4458-8b04-045e77b8d9c1\", \"courseId\": \"72eb8613-3192-4dc4-8917-d4baefe98582\", \"createdAt\": \"2025-09-22T09:14:13.490852\", \"sessionId\": null, \"updatedAt\": \"2025-09-22T09:14:13.490852\", \"paymentMethod\": \"stripe\"}','{\"id\": \"09330282-dd89-4b09-83e0-8e499e252276\", \"user\": {\"id\": \"4b36f90c-ae3d-4458-8b04-045e77b8d9c1\", \"name\": \"Sơn Trịnh\", \"email\": \"ttsondhqt@gmail.com\"}, \"amount\": 30.58, \"course\": {\"id\": \"72eb8613-3192-4dc4-8917-d4baefe98582\", \"price\": 35.98, \"title\": \"video test\", \"instructorId\": \"user-003\", \"instructorName\": \"Charlie\"}, \"paidAt\": null, \"status\": \"PENDING\", \"userId\": \"4b36f90c-ae3d-4458-8b04-045e77b8d9c1\", \"courseId\": \"72eb8613-3192-4dc4-8917-d4baefe98582\", \"createdAt\": \"2025-09-22T09:14:13.490852\", \"sessionId\": \"cs_test_a1Oy7rEJCIt1VdRgtDkBeP2sUoM8hZWx7zDTFZRKnpARR2KB0EisVZkE4K\", \"updatedAt\": \"2025-09-22T09:14:13.490852\", \"paymentMethod\": \"stripe\"}','2025-09-22 02:14:15'),(230,'SYSTEM','UPDATE','PAYMENT','09330282-dd89-4b09-83e0-8e499e252276','{\"id\": \"09330282-dd89-4b09-83e0-8e499e252276\", \"user\": {\"id\": \"4b36f90c-ae3d-4458-8b04-045e77b8d9c1\", \"name\": \"Sơn Trịnh\", \"email\": \"ttsondhqt@gmail.com\"}, \"amount\": 30.58, \"course\": {\"id\": \"72eb8613-3192-4dc4-8917-d4baefe98582\", \"price\": 35.98, \"title\": \"video test\", \"instructorId\": \"user-003\", \"instructorName\": \"Charlie\"}, \"paidAt\": null, \"status\": \"PENDING\", \"userId\": \"4b36f90c-ae3d-4458-8b04-045e77b8d9c1\", \"courseId\": \"72eb8613-3192-4dc4-8917-d4baefe98582\", \"createdAt\": \"2025-09-22T09:14:13\", \"sessionId\": \"cs_test_a1Oy7rEJCIt1VdRgtDkBeP2sUoM8hZWx7zDTFZRKnpARR2KB0EisVZkE4K\", \"updatedAt\": \"2025-09-22T09:14:15\", \"paymentMethod\": \"stripe\"}','{\"id\": \"09330282-dd89-4b09-83e0-8e499e252276\", \"user\": {\"id\": \"4b36f90c-ae3d-4458-8b04-045e77b8d9c1\", \"name\": \"Sơn Trịnh\", \"email\": \"ttsondhqt@gmail.com\"}, \"amount\": 30.58, \"course\": {\"id\": \"72eb8613-3192-4dc4-8917-d4baefe98582\", \"price\": 35.98, \"title\": \"video test\", \"instructorId\": \"user-003\", \"instructorName\": \"Charlie\"}, \"paidAt\": \"2025-09-22T09:15:03.6340558\", \"status\": \"COMPLETED\", \"userId\": \"4b36f90c-ae3d-4458-8b04-045e77b8d9c1\", \"courseId\": \"72eb8613-3192-4dc4-8917-d4baefe98582\", \"createdAt\": \"2025-09-22T09:14:13\", \"sessionId\": \"cs_test_a1Oy7rEJCIt1VdRgtDkBeP2sUoM8hZWx7zDTFZRKnpARR2KB0EisVZkE4K\", \"updatedAt\": \"2025-09-22T09:14:15\", \"paymentMethod\": \"stripe\"}','2025-09-22 02:15:04'),(231,'b080d1b9-3ec3-4f31-b512-8ba5e2d95122','CREATE','PAYMENT','d910a979-ed70-4c85-8717-4276a770e87d',NULL,'{\"id\": \"d910a979-ed70-4c85-8717-4276a770e87d\", \"user\": {\"id\": \"b080d1b9-3ec3-4f31-b512-8ba5e2d95122\", \"name\": \"Minh Tam Testo\", \"email\": \"mtest@gmail.com\"}, \"amount\": 35.99, \"course\": {\"id\": \"9f1881cf-e4ad-4901-9e47-e28e4b553886\", \"price\": 35.99, \"title\": \"vitdien21\", \"instructorId\": \"user-003\", \"instructorName\": \"Charlie\"}, \"paidAt\": null, \"status\": \"PENDING\", \"userId\": \"b080d1b9-3ec3-4f31-b512-8ba5e2d95122\", \"courseId\": \"9f1881cf-e4ad-4901-9e47-e28e4b553886\", \"createdAt\": null, \"sessionId\": null, \"updatedAt\": null, \"paymentMethod\": \"stripe\"}','2025-09-22 03:33:40'),(232,'b080d1b9-3ec3-4f31-b512-8ba5e2d95122','UPDATE','PAYMENT','d910a979-ed70-4c85-8717-4276a770e87d','{\"id\": \"d910a979-ed70-4c85-8717-4276a770e87d\", \"user\": {\"id\": \"b080d1b9-3ec3-4f31-b512-8ba5e2d95122\", \"name\": \"Minh Tam Testo\", \"email\": \"mtest@gmail.com\"}, \"amount\": 35.99, \"course\": {\"id\": \"9f1881cf-e4ad-4901-9e47-e28e4b553886\", \"price\": 35.99, \"title\": \"vitdien21\", \"instructorId\": \"user-003\", \"instructorName\": \"Charlie\"}, \"paidAt\": null, \"status\": \"PENDING\", \"userId\": \"b080d1b9-3ec3-4f31-b512-8ba5e2d95122\", \"courseId\": \"9f1881cf-e4ad-4901-9e47-e28e4b553886\", \"createdAt\": \"2025-09-22T10:33:39.708514\", \"sessionId\": null, \"updatedAt\": \"2025-09-22T10:33:39.709052\", \"paymentMethod\": \"stripe\"}','{\"id\": \"d910a979-ed70-4c85-8717-4276a770e87d\", \"user\": {\"id\": \"b080d1b9-3ec3-4f31-b512-8ba5e2d95122\", \"name\": \"Minh Tam Testo\", \"email\": \"mtest@gmail.com\"}, \"amount\": 35.99, \"course\": {\"id\": \"9f1881cf-e4ad-4901-9e47-e28e4b553886\", \"price\": 35.99, \"title\": \"vitdien21\", \"instructorId\": \"user-003\", \"instructorName\": \"Charlie\"}, \"paidAt\": null, \"status\": \"PENDING\", \"userId\": \"b080d1b9-3ec3-4f31-b512-8ba5e2d95122\", \"courseId\": \"9f1881cf-e4ad-4901-9e47-e28e4b553886\", \"createdAt\": \"2025-09-22T10:33:39.708514\", \"sessionId\": \"cs_test_a103nfI5o6aCQEx9UISVkfbSdXl3sfjPWkJSEc4wkgfPHIHMJETWVczKrm\", \"updatedAt\": \"2025-09-22T10:33:39.709052\", \"paymentMethod\": \"stripe\"}','2025-09-22 03:33:41'),(233,'b080d1b9-3ec3-4f31-b512-8ba5e2d95122','CREATE','PAYMENT','29be9673-36cd-47ee-bdc7-c0a6e9bdf44c',NULL,'{\"id\": \"29be9673-36cd-47ee-bdc7-c0a6e9bdf44c\", \"user\": {\"id\": \"b080d1b9-3ec3-4f31-b512-8ba5e2d95122\", \"name\": \"Minh Tam Testo\", \"email\": \"mtest@gmail.com\"}, \"amount\": 99.0, \"course\": {\"id\": \"2c4fccd5-49b6-44cc-bdec-d0e951db3619\", \"price\": 99.0, \"title\": \"vitdien\", \"instructorId\": \"user-003\", \"instructorName\": \"Charlie\"}, \"paidAt\": null, \"status\": \"PENDING\", \"userId\": \"b080d1b9-3ec3-4f31-b512-8ba5e2d95122\", \"courseId\": \"2c4fccd5-49b6-44cc-bdec-d0e951db3619\", \"createdAt\": null, \"sessionId\": null, \"updatedAt\": null, \"paymentMethod\": \"stripe\"}','2025-09-22 03:39:05'),(234,'b080d1b9-3ec3-4f31-b512-8ba5e2d95122','UPDATE','PAYMENT','29be9673-36cd-47ee-bdc7-c0a6e9bdf44c','{\"id\": \"29be9673-36cd-47ee-bdc7-c0a6e9bdf44c\", \"user\": {\"id\": \"b080d1b9-3ec3-4f31-b512-8ba5e2d95122\", \"name\": \"Minh Tam Testo\", \"email\": \"mtest@gmail.com\"}, \"amount\": 99.0, \"course\": {\"id\": \"2c4fccd5-49b6-44cc-bdec-d0e951db3619\", \"price\": 99.0, \"title\": \"vitdien\", \"instructorId\": \"user-003\", \"instructorName\": \"Charlie\"}, \"paidAt\": null, \"status\": \"PENDING\", \"userId\": \"b080d1b9-3ec3-4f31-b512-8ba5e2d95122\", \"courseId\": \"2c4fccd5-49b6-44cc-bdec-d0e951db3619\", \"createdAt\": \"2025-09-22T10:39:04.441952\", \"sessionId\": null, \"updatedAt\": \"2025-09-22T10:39:04.441952\", \"paymentMethod\": \"stripe\"}','{\"id\": \"29be9673-36cd-47ee-bdc7-c0a6e9bdf44c\", \"user\": {\"id\": \"b080d1b9-3ec3-4f31-b512-8ba5e2d95122\", \"name\": \"Minh Tam Testo\", \"email\": \"mtest@gmail.com\"}, \"amount\": 99.0, \"course\": {\"id\": \"2c4fccd5-49b6-44cc-bdec-d0e951db3619\", \"price\": 99.0, \"title\": \"vitdien\", \"instructorId\": \"user-003\", \"instructorName\": \"Charlie\"}, \"paidAt\": null, \"status\": \"PENDING\", \"userId\": \"b080d1b9-3ec3-4f31-b512-8ba5e2d95122\", \"courseId\": \"2c4fccd5-49b6-44cc-bdec-d0e951db3619\", \"createdAt\": \"2025-09-22T10:39:04.441952\", \"sessionId\": \"cs_test_a14AouVUcKiEVMGLy9CTLx5JywsBe88mJlFzBoNz6uv4sloNz0rpbcleHG\", \"updatedAt\": \"2025-09-22T10:39:04.441952\", \"paymentMethod\": \"stripe\"}','2025-09-22 03:39:06'),(235,'user-001','UPDATE','PAYMENT','29be9673-36cd-47ee-bdc7-c0a6e9bdf44c','{\"id\": \"29be9673-36cd-47ee-bdc7-c0a6e9bdf44c\", \"user\": {\"id\": \"b080d1b9-3ec3-4f31-b512-8ba5e2d95122\", \"name\": \"Minh Tam Testo\", \"email\": \"mtest@gmail.com\"}, \"amount\": 99.0, \"course\": {\"id\": \"2c4fccd5-49b6-44cc-bdec-d0e951db3619\", \"price\": 99.0, \"title\": \"vitdien\", \"instructorId\": \"user-003\", \"instructorName\": \"Charlie\"}, \"paidAt\": \"2025-09-22T10:45:03.228751\", \"status\": \"COMPLETED\", \"userId\": \"b080d1b9-3ec3-4f31-b512-8ba5e2d95122\", \"courseId\": \"2c4fccd5-49b6-44cc-bdec-d0e951db3619\", \"createdAt\": \"2025-09-22T10:39:04\", \"sessionId\": \"cs_test_a14AouVUcKiEVMGLy9CTLx5JywsBe88mJlFzBoNz6uv4sloNz0rpbcleHG\", \"updatedAt\": \"2025-09-22T10:45:03.424021\", \"paymentMethod\": \"stripe\"}','{\"id\": \"29be9673-36cd-47ee-bdc7-c0a6e9bdf44c\", \"user\": {\"id\": \"b080d1b9-3ec3-4f31-b512-8ba5e2d95122\", \"name\": \"Minh Tam Testo\", \"email\": \"mtest@gmail.com\"}, \"amount\": 99.0, \"course\": {\"id\": \"2c4fccd5-49b6-44cc-bdec-d0e951db3619\", \"price\": 99.0, \"title\": \"vitdien\", \"instructorId\": \"user-003\", \"instructorName\": \"Charlie\"}, \"paidAt\": \"2025-09-22T10:45:03.228751\", \"status\": \"COMPLETED\", \"userId\": \"b080d1b9-3ec3-4f31-b512-8ba5e2d95122\", \"courseId\": \"2c4fccd5-49b6-44cc-bdec-d0e951db3619\", \"createdAt\": \"2025-09-22T10:39:04\", \"sessionId\": \"cs_test_a14AouVUcKiEVMGLy9CTLx5JywsBe88mJlFzBoNz6uv4sloNz0rpbcleHG\", \"updatedAt\": \"2025-09-22T10:45:03.424021\", \"paymentMethod\": \"stripe\"}','2025-09-22 03:45:04'),(236,'user-001','UPDATE','PAYMENT','d910a979-ed70-4c85-8717-4276a770e87d','{\"id\": \"d910a979-ed70-4c85-8717-4276a770e87d\", \"user\": {\"id\": \"b080d1b9-3ec3-4f31-b512-8ba5e2d95122\", \"name\": \"Minh Tam Testo\", \"email\": \"mtest@gmail.com\"}, \"amount\": 35.99, \"course\": {\"id\": \"9f1881cf-e4ad-4901-9e47-e28e4b553886\", \"price\": 35.99, \"title\": \"vitdien21\", \"instructorId\": \"user-003\", \"instructorName\": \"Charlie\"}, \"paidAt\": \"2025-09-22T10:45:56.4529274\", \"status\": \"COMPLETED\", \"userId\": \"b080d1b9-3ec3-4f31-b512-8ba5e2d95122\", \"courseId\": \"9f1881cf-e4ad-4901-9e47-e28e4b553886\", \"createdAt\": \"2025-09-22T10:33:40\", \"sessionId\": \"cs_test_a103nfI5o6aCQEx9UISVkfbSdXl3sfjPWkJSEc4wkgfPHIHMJETWVczKrm\", \"updatedAt\": \"2025-09-22T10:45:56.570709\", \"paymentMethod\": \"stripe\"}','{\"id\": \"d910a979-ed70-4c85-8717-4276a770e87d\", \"user\": {\"id\": \"b080d1b9-3ec3-4f31-b512-8ba5e2d95122\", \"name\": \"Minh Tam Testo\", \"email\": \"mtest@gmail.com\"}, \"amount\": 35.99, \"course\": {\"id\": \"9f1881cf-e4ad-4901-9e47-e28e4b553886\", \"price\": 35.99, \"title\": \"vitdien21\", \"instructorId\": \"user-003\", \"instructorName\": \"Charlie\"}, \"paidAt\": \"2025-09-22T10:45:56.4529274\", \"status\": \"COMPLETED\", \"userId\": \"b080d1b9-3ec3-4f31-b512-8ba5e2d95122\", \"courseId\": \"9f1881cf-e4ad-4901-9e47-e28e4b553886\", \"createdAt\": \"2025-09-22T10:33:40\", \"sessionId\": \"cs_test_a103nfI5o6aCQEx9UISVkfbSdXl3sfjPWkJSEc4wkgfPHIHMJETWVczKrm\", \"updatedAt\": \"2025-09-22T10:45:56.570709\", \"paymentMethod\": \"stripe\"}','2025-09-22 03:45:58'),(237,'user-003','CREATE','Course','35aaf1ad-eb77-42d9-93bb-cc2ea54482d9',NULL,'{\"id\": \"35aaf1ad-eb77-42d9-93bb-cc2ea54482d9\", \"level\": \"BEGINNER\", \"price\": 99, \"title\": \"Course 2\", \"createdAt\": \"2025-09-22T17:05:05.896538\", \"isDeleted\": false, \"updatedAt\": \"2025-09-22T17:05:05.93375\", \"isApproved\": false, \"categoryIds\": [\"cat-006\"], \"description\": \"asfdasdffdasfsadfasdf\", \"isPublished\": false, \"thumbnailId\": \"course-management/empty-course_1758535503681_8345126a.webp\", \"instructorId\": \"user-003\", \"thumbnailUrl\": \"https://res.cloudinary.com/dghnd5kqw/image/upload/v1758535504/course-management/empty-course_1758535503681_8345126a.webp.webp\", \"categoryNames\": [\"Machine Learning\"], \"instructorName\": \"Charlie\"}','2025-09-22 10:05:06'),(238,'user-003','CREATE','Section','7eb83f59-9f24-4717-98ba-dc511f5a2c49',NULL,'{\"id\": \"7eb83f59-9f24-4717-98ba-dc511f5a2c49\", \"title\": \"Section 1\", \"courseId\": \"35aaf1ad-eb77-42d9-93bb-cc2ea54482d9\", \"createdAt\": \"2025-09-22T17:05:24.338807\", \"updatedAt\": \"2025-09-22T17:05:24.338807\", \"orderIndex\": 0, \"courseTitle\": \"Course 2\", \"description\": \"asdfasdfsadf\", \"lessonCount\": 0}','2025-09-22 10:05:24'),(239,'user-003','CREATE','Lesson','3e7a7a57-d760-465f-9f3e-f87cfe7bbbc0',NULL,'{\"id\": \"3e7a7a57-d760-465f-9f3e-f87cfe7bbbc0\", \"type\": \"VIDEO\", \"title\": \"Lesson 1\", \"courseId\": \"35aaf1ad-eb77-42d9-93bb-cc2ea54482d9\", \"createdAt\": null, \"sectionId\": \"7eb83f59-9f24-4717-98ba-dc511f5a2c49\", \"updatedAt\": null, \"orderIndex\": 0, \"courseTitle\": \"Course 2\", \"sectionTitle\": \"Section 1\", \"videoContent\": {\"id\": \"8fa9b45b-5bec-42d2-a585-f41dd1be87f3\", \"url\": \"https://res.cloudinary.com/dghnd5kqw/video/upload/v1758535525/course-videos/course_video_1758535524602_586b8d69.mp4.mp4\", \"duration\": 4, \"createdAt\": \"2025-09-22T17:05:28.7391492\", \"uploadedBy\": \"user-003\"}}','2025-09-22 10:05:29'),(240,'user-003','DELETE','Course','35aaf1ad-eb77-42d9-93bb-cc2ea54482d9','{\"id\": \"35aaf1ad-eb77-42d9-93bb-cc2ea54482d9\", \"level\": \"BEGINNER\", \"price\": 99.0, \"title\": \"Course 2\", \"createdAt\": \"2025-09-22T17:05:06\", \"isDeleted\": false, \"updatedAt\": \"2025-09-22T17:05:06\", \"isApproved\": false, \"categoryIds\": [\"cat-006\"], \"description\": \"asfdasdffdasfsadfasdf\", \"isPublished\": false, \"thumbnailId\": \"course-management/empty-course_1758535503681_8345126a.webp\", \"instructorId\": \"user-003\", \"thumbnailUrl\": \"https://res.cloudinary.com/dghnd5kqw/image/upload/v1758535504/course-management/empty-course_1758535503681_8345126a.webp.webp\", \"categoryNames\": [\"Machine Learning\"], \"instructorName\": \"Charlie\"}',NULL,'2025-09-22 10:05:43'),(241,'4b36f90c-ae3d-4458-8b04-045e77b8d9c1','CREATE','PAYMENT','e371a189-1af0-4b7a-915d-9749ba9eb9cd',NULL,'{\"id\": \"e371a189-1af0-4b7a-915d-9749ba9eb9cd\", \"user\": {\"id\": \"4b36f90c-ae3d-4458-8b04-045e77b8d9c1\", \"name\": \"Sơn Trịnh\", \"email\": \"ttsondhqt@gmail.com\"}, \"amount\": 212.49, \"course\": {\"id\": \"course-006\", \"price\": 249.99, \"title\": \"Full Stack Web Development\", \"instructorId\": \"user-003\", \"instructorName\": \"Charlie\"}, \"paidAt\": null, \"status\": \"PENDING\", \"userId\": \"4b36f90c-ae3d-4458-8b04-045e77b8d9c1\", \"courseId\": \"course-006\", \"createdAt\": null, \"sessionId\": null, \"updatedAt\": null, \"paymentMethod\": \"stripe\"}','2025-09-22 10:41:44'),(242,'4b36f90c-ae3d-4458-8b04-045e77b8d9c1','UPDATE','PAYMENT','e371a189-1af0-4b7a-915d-9749ba9eb9cd','{\"id\": \"e371a189-1af0-4b7a-915d-9749ba9eb9cd\", \"user\": {\"id\": \"4b36f90c-ae3d-4458-8b04-045e77b8d9c1\", \"name\": \"Sơn Trịnh\", \"email\": \"ttsondhqt@gmail.com\"}, \"amount\": 212.49, \"course\": {\"id\": \"course-006\", \"price\": 249.99, \"title\": \"Full Stack Web Development\", \"instructorId\": \"user-003\", \"instructorName\": \"Charlie\"}, \"paidAt\": null, \"status\": \"PENDING\", \"userId\": \"4b36f90c-ae3d-4458-8b04-045e77b8d9c1\", \"courseId\": \"course-006\", \"createdAt\": \"2025-09-22T17:41:43.844602\", \"sessionId\": null, \"updatedAt\": \"2025-09-22T17:41:43.844602\", \"paymentMethod\": \"stripe\"}','{\"id\": \"e371a189-1af0-4b7a-915d-9749ba9eb9cd\", \"user\": {\"id\": \"4b36f90c-ae3d-4458-8b04-045e77b8d9c1\", \"name\": \"Sơn Trịnh\", \"email\": \"ttsondhqt@gmail.com\"}, \"amount\": 212.49, \"course\": {\"id\": \"course-006\", \"price\": 249.99, \"title\": \"Full Stack Web Development\", \"instructorId\": \"user-003\", \"instructorName\": \"Charlie\"}, \"paidAt\": null, \"status\": \"PENDING\", \"userId\": \"4b36f90c-ae3d-4458-8b04-045e77b8d9c1\", \"courseId\": \"course-006\", \"createdAt\": \"2025-09-22T17:41:43.844602\", \"sessionId\": \"cs_test_a1Cwnh8xPLHMc0Tszn4BItVyFNU4GPT4HXNL81sfJoPWNYhF7aIOqVSuNN\", \"updatedAt\": \"2025-09-22T17:41:43.844602\", \"paymentMethod\": \"stripe\"}','2025-09-22 10:41:45'),(243,'SYSTEM','UPDATE','PAYMENT','e371a189-1af0-4b7a-915d-9749ba9eb9cd','{\"id\": \"e371a189-1af0-4b7a-915d-9749ba9eb9cd\", \"user\": {\"id\": \"4b36f90c-ae3d-4458-8b04-045e77b8d9c1\", \"name\": \"Sơn Trịnh\", \"email\": \"ttsondhqt@gmail.com\"}, \"amount\": 212.49, \"course\": {\"id\": \"course-006\", \"price\": 249.99, \"title\": \"Full Stack Web Development\", \"instructorId\": \"user-003\", \"instructorName\": \"Charlie\"}, \"paidAt\": null, \"status\": \"PENDING\", \"userId\": \"4b36f90c-ae3d-4458-8b04-045e77b8d9c1\", \"courseId\": \"course-006\", \"createdAt\": \"2025-09-22T17:41:44\", \"sessionId\": \"cs_test_a1Cwnh8xPLHMc0Tszn4BItVyFNU4GPT4HXNL81sfJoPWNYhF7aIOqVSuNN\", \"updatedAt\": \"2025-09-22T17:41:45\", \"paymentMethod\": \"stripe\"}','{\"id\": \"e371a189-1af0-4b7a-915d-9749ba9eb9cd\", \"user\": {\"id\": \"4b36f90c-ae3d-4458-8b04-045e77b8d9c1\", \"name\": \"Sơn Trịnh\", \"email\": \"ttsondhqt@gmail.com\"}, \"amount\": 212.49, \"course\": {\"id\": \"course-006\", \"price\": 249.99, \"title\": \"Full Stack Web Development\", \"instructorId\": \"user-003\", \"instructorName\": \"Charlie\"}, \"paidAt\": \"2025-09-22T17:42:03.1125528\", \"status\": \"COMPLETED\", \"userId\": \"4b36f90c-ae3d-4458-8b04-045e77b8d9c1\", \"courseId\": \"course-006\", \"createdAt\": \"2025-09-22T17:41:44\", \"sessionId\": \"cs_test_a1Cwnh8xPLHMc0Tszn4BItVyFNU4GPT4HXNL81sfJoPWNYhF7aIOqVSuNN\", \"updatedAt\": \"2025-09-22T17:41:45\", \"paymentMethod\": \"stripe\"}','2025-09-22 10:42:03'),(244,'user-003','CREATE','Course','2418b04a-1ee8-4dff-95f9-3033983e614f',NULL,'{\"id\": \"2418b04a-1ee8-4dff-95f9-3033983e614f\", \"level\": \"BEGINNER\", \"price\": 0, \"title\": \"Course 3\", \"createdAt\": \"2025-09-22T18:12:17.748162\", \"isDeleted\": false, \"updatedAt\": \"2025-09-22T18:12:17.758551\", \"isApproved\": false, \"categoryIds\": [\"cat-005\"], \"description\": \"asdfasdf asdfasd afsd\", \"isPublished\": false, \"thumbnailId\": \"course-management/course-image2_1758539535323_9daf148c.jpg\", \"instructorId\": \"user-003\", \"thumbnailUrl\": \"https://res.cloudinary.com/dghnd5kqw/image/upload/v1758539536/course-management/course-image2_1758539535323_9daf148c.jpg.jpg\", \"categoryNames\": [\"Cybersecurity\"], \"instructorName\": \"Charlie\"}','2025-09-22 11:12:18'),(245,'user-003','DELETE','Course','2418b04a-1ee8-4dff-95f9-3033983e614f','{\"id\": \"2418b04a-1ee8-4dff-95f9-3033983e614f\", \"level\": \"BEGINNER\", \"price\": 0.0, \"title\": \"Course 3\", \"createdAt\": \"2025-09-22T18:12:18\", \"isDeleted\": false, \"updatedAt\": \"2025-09-22T18:12:18\", \"isApproved\": false, \"categoryIds\": [\"cat-005\"], \"description\": \"asdfasdf asdfasd afsd\", \"isPublished\": false, \"thumbnailId\": \"course-management/course-image2_1758539535323_9daf148c.jpg\", \"instructorId\": \"user-003\", \"thumbnailUrl\": \"https://res.cloudinary.com/dghnd5kqw/image/upload/v1758539536/course-management/course-image2_1758539535323_9daf148c.jpg.jpg\", \"categoryNames\": [\"Cybersecurity\"], \"instructorName\": \"Charlie\"}',NULL,'2025-09-22 11:14:01'),(246,'user-003','CREATE','Course','0e7694ed-dd1e-4575-a568-19b1daebecbf',NULL,'{\"id\": \"0e7694ed-dd1e-4575-a568-19b1daebecbf\", \"level\": \"BEGINNER\", \"price\": 0, \"title\": \"Course 4\", \"createdAt\": \"2025-09-22T18:14:18.068378\", \"isDeleted\": false, \"updatedAt\": \"2025-09-22T18:14:18.088728\", \"isApproved\": false, \"categoryIds\": [\"cat-006\"], \"description\": \"fadsf dasf a dasf asd \", \"isPublished\": false, \"thumbnailId\": \"course-management/course-image2_1758539655701_e8c23f96.jpg\", \"instructorId\": \"user-003\", \"thumbnailUrl\": \"https://res.cloudinary.com/dghnd5kqw/image/upload/v1758539656/course-management/course-image2_1758539655701_e8c23f96.jpg.jpg\", \"categoryNames\": [\"Machine Learning\"], \"instructorName\": \"Charlie\"}','2025-09-22 11:14:18'),(247,'user-003','DELETE','Course','0e7694ed-dd1e-4575-a568-19b1daebecbf','{\"id\": \"0e7694ed-dd1e-4575-a568-19b1daebecbf\", \"level\": \"BEGINNER\", \"price\": 0.0, \"title\": \"Course 4\", \"createdAt\": \"2025-09-22T18:14:18\", \"isDeleted\": false, \"updatedAt\": \"2025-09-22T18:14:18\", \"isApproved\": false, \"categoryIds\": [\"cat-006\"], \"description\": \"fadsf dasf a dasf asd \", \"isPublished\": false, \"thumbnailId\": \"course-management/course-image2_1758539655701_e8c23f96.jpg\", \"instructorId\": \"user-003\", \"thumbnailUrl\": \"https://res.cloudinary.com/dghnd5kqw/image/upload/v1758539656/course-management/course-image2_1758539655701_e8c23f96.jpg.jpg\", \"categoryNames\": [\"Machine Learning\"], \"instructorName\": \"Charlie\"}',NULL,'2025-09-22 11:36:34'),(248,'user-003','CREATE','Course','7d91b7de-0908-4bf7-a3f5-bfdfe94dfd24',NULL,'{\"id\": \"7d91b7de-0908-4bf7-a3f5-bfdfe94dfd24\", \"level\": \"INTERMEDIATE\", \"price\": 99, \"title\": \"Course 5\", \"createdAt\": \"2025-09-22T18:36:58.706254\", \"isDeleted\": false, \"updatedAt\": \"2025-09-22T18:36:58.722815\", \"isApproved\": false, \"categoryIds\": [\"cat-003\", \"cat-006\"], \"description\": \"adsf adsfasd adsfa adsf\", \"isPublished\": false, \"thumbnailId\": \"course-management/course-image_1758541016360_88f9ea31.jpg\", \"instructorId\": \"user-003\", \"thumbnailUrl\": \"https://res.cloudinary.com/dghnd5kqw/image/upload/v1758541017/course-management/course-image_1758541016360_88f9ea31.jpg.jpg\", \"categoryNames\": [\"Data Science\", \"Machine Learning\"], \"instructorName\": \"Charlie\"}','2025-09-22 11:36:59'),(249,'user-003','CREATE','Section','01c7310f-4a09-457b-88d0-96da84d9e5a9',NULL,'{\"id\": \"01c7310f-4a09-457b-88d0-96da84d9e5a9\", \"title\": \"Section 1\", \"courseId\": \"7d91b7de-0908-4bf7-a3f5-bfdfe94dfd24\", \"createdAt\": \"2025-09-22T18:37:14.601172\", \"updatedAt\": \"2025-09-22T18:37:14.601172\", \"orderIndex\": 0, \"courseTitle\": \"Course 5\", \"description\": \"asdfasd asdf\", \"lessonCount\": 0}','2025-09-22 11:37:15'),(250,'user-003','CREATE','Section','e0346bb9-33ef-47ea-ab88-97afe24fa01c',NULL,'{\"id\": \"e0346bb9-33ef-47ea-ab88-97afe24fa01c\", \"title\": \"Section 1\", \"courseId\": \"7d91b7de-0908-4bf7-a3f5-bfdfe94dfd24\", \"createdAt\": \"2025-09-22T18:37:16.264684\", \"updatedAt\": \"2025-09-22T18:37:16.264684\", \"orderIndex\": 1, \"courseTitle\": \"Course 5\", \"description\": \"asdfasd asdf\", \"lessonCount\": 0}','2025-09-22 11:37:16'),(251,'user-003','CREATE','Lesson','9ba37bdb-dafd-4a05-8f33-a68e67c8b9ab',NULL,'{\"id\": \"9ba37bdb-dafd-4a05-8f33-a68e67c8b9ab\", \"type\": \"VIDEO\", \"title\": \"Lesson 1\", \"courseId\": \"7d91b7de-0908-4bf7-a3f5-bfdfe94dfd24\", \"createdAt\": null, \"sectionId\": \"01c7310f-4a09-457b-88d0-96da84d9e5a9\", \"updatedAt\": null, \"orderIndex\": 0, \"courseTitle\": \"Course 5\", \"sectionTitle\": \"Section 1\", \"videoContent\": {\"id\": \"572554fa-8cee-45c1-bf24-d9a02dadb22b\", \"url\": \"https://res.cloudinary.com/dghnd5kqw/video/upload/v1758541035/course-videos/course_video_1758541034836_f4f4fdfc.mp4.mp4\", \"duration\": 4, \"createdAt\": \"2025-09-22T18:37:19.8310491\", \"uploadedBy\": \"user-003\"}}','2025-09-22 11:37:20'),(252,'user-003','CREATE','Lesson','78346eaf-8333-4872-9da0-3ed5e69d0d38',NULL,'{\"id\": \"78346eaf-8333-4872-9da0-3ed5e69d0d38\", \"type\": \"VIDEO\", \"title\": \"Lesson 1\", \"courseId\": \"7d91b7de-0908-4bf7-a3f5-bfdfe94dfd24\", \"createdAt\": null, \"sectionId\": \"e0346bb9-33ef-47ea-ab88-97afe24fa01c\", \"updatedAt\": null, \"orderIndex\": 0, \"courseTitle\": \"Course 5\", \"sectionTitle\": \"Section 1\", \"videoContent\": {\"id\": \"a9be853a-a279-4698-901d-b5d98b554635\", \"url\": \"https://res.cloudinary.com/dghnd5kqw/video/upload/v1758541037/course-videos/course_video_1758541036463_6052dc9a.mp4.mp4\", \"duration\": 4, \"createdAt\": \"2025-09-22T18:37:20.6558924\", \"uploadedBy\": \"user-003\"}}','2025-09-22 11:37:21'),(253,'user-003','UPDATE','Course','7d91b7de-0908-4bf7-a3f5-bfdfe94dfd24','{\"id\": \"7d91b7de-0908-4bf7-a3f5-bfdfe94dfd24\", \"level\": \"INTERMEDIATE\", \"price\": 99.0, \"title\": \"Course 5\", \"createdAt\": \"2025-09-22T18:36:59\", \"isDeleted\": false, \"updatedAt\": \"2025-09-22T18:36:59\", \"isApproved\": false, \"categoryIds\": [\"cat-003\", \"cat-006\"], \"description\": \"adsf adsfasd adsfa adsf\", \"isPublished\": false, \"thumbnailId\": \"course-management/course-image_1758541016360_88f9ea31.jpg\", \"instructorId\": \"user-003\", \"thumbnailUrl\": \"https://res.cloudinary.com/dghnd5kqw/image/upload/v1758541017/course-management/course-image_1758541016360_88f9ea31.jpg.jpg\", \"categoryNames\": [\"Data Science\", \"Machine Learning\"], \"instructorName\": \"Charlie\"}','{\"id\": \"7d91b7de-0908-4bf7-a3f5-bfdfe94dfd24\", \"level\": \"INTERMEDIATE\", \"price\": 99.0, \"title\": \"Course 5 - update\", \"createdAt\": \"2025-09-22T18:36:59\", \"isDeleted\": false, \"updatedAt\": \"2025-09-22T18:38:08.750768\", \"isApproved\": false, \"categoryIds\": [\"cat-003\", \"cat-006\"], \"description\": \"adsf adsfasd adsfa adsf\", \"isPublished\": false, \"thumbnailId\": \"course-management/course-image_1758541016360_88f9ea31.jpg\", \"instructorId\": \"user-003\", \"thumbnailUrl\": \"https://res.cloudinary.com/dghnd5kqw/image/upload/v1758541017/course-management/course-image_1758541016360_88f9ea31.jpg.jpg\", \"categoryNames\": [\"Data Science\", \"Machine Learning\"], \"instructorName\": \"Charlie\"}','2025-09-22 11:38:09'),(254,'user-003','UPDATE','Section','01c7310f-4a09-457b-88d0-96da84d9e5a9','{\"id\": \"01c7310f-4a09-457b-88d0-96da84d9e5a9\", \"title\": \"Section 1\", \"courseId\": \"7d91b7de-0908-4bf7-a3f5-bfdfe94dfd24\", \"createdAt\": \"2025-09-22T18:37:15\", \"updatedAt\": \"2025-09-22T18:37:15\", \"orderIndex\": 0, \"courseTitle\": \"Course 5 - update\", \"description\": \"asdfasd asdf\", \"lessonCount\": 1}','{\"id\": \"01c7310f-4a09-457b-88d0-96da84d9e5a9\", \"title\": \"Section 1\", \"courseId\": \"7d91b7de-0908-4bf7-a3f5-bfdfe94dfd24\", \"createdAt\": \"2025-09-22T18:37:15\", \"updatedAt\": \"2025-09-22T18:40:34.005217\", \"orderIndex\": 0, \"courseTitle\": \"Course 5 - update\", \"description\": \"asdfasd asdf asdf\", \"lessonCount\": 1}','2025-09-22 11:40:34'),(255,'user-003','CREATE','Course','4a3e4d30-4b9b-4740-8ac6-2ec4fdec27a1',NULL,'{\"id\": \"4a3e4d30-4b9b-4740-8ac6-2ec4fdec27a1\", \"level\": \"ADVANCED\", \"price\": 155, \"title\": \"Course 6\", \"createdAt\": \"2025-09-22T22:24:02.530817\", \"isDeleted\": false, \"updatedAt\": \"2025-09-22T22:24:02.54749\", \"isApproved\": false, \"categoryIds\": [\"cat-006\"], \"description\": \"asdf asdfasd asdf asdf\", \"isPublished\": false, \"thumbnailId\": \"course-management/course-image_1758554639716_f3e46a18.jpg\", \"instructorId\": \"user-003\", \"thumbnailUrl\": \"https://res.cloudinary.com/dghnd5kqw/image/upload/v1758554640/course-management/course-image_1758554639716_f3e46a18.jpg.jpg\", \"categoryNames\": [\"Machine Learning\"], \"instructorName\": \"Charlie\"}','2025-09-22 15:24:03'),(256,'user-003','CREATE','Section','517a0077-3067-4245-a4a4-e8096aacf47d',NULL,'{\"id\": \"517a0077-3067-4245-a4a4-e8096aacf47d\", \"title\": \"Section 1\", \"courseId\": \"4a3e4d30-4b9b-4740-8ac6-2ec4fdec27a1\", \"createdAt\": \"2025-09-22T22:24:27.60189\", \"updatedAt\": \"2025-09-22T22:24:27.60189\", \"orderIndex\": 0, \"courseTitle\": \"Course 6\", \"description\": \"asdf asdf\", \"lessonCount\": 0}','2025-09-22 15:24:28'),(257,'user-003','CREATE','Lesson','e9306f31-c7cc-4de1-b17a-294ac4d56490',NULL,'{\"id\": \"e9306f31-c7cc-4de1-b17a-294ac4d56490\", \"type\": \"VIDEO\", \"title\": \"Lesson 1\", \"courseId\": \"4a3e4d30-4b9b-4740-8ac6-2ec4fdec27a1\", \"createdAt\": null, \"sectionId\": \"517a0077-3067-4245-a4a4-e8096aacf47d\", \"updatedAt\": null, \"orderIndex\": 0, \"courseTitle\": \"Course 6\", \"sectionTitle\": \"Section 1\", \"videoContent\": {\"id\": \"69587b83-8a0e-451c-9809-3353168c516d\", \"url\": \"https://res.cloudinary.com/dghnd5kqw/video/upload/v1758554669/course-videos/course_video_1758554667843_54200047.mp4.mp4\", \"duration\": 4, \"createdAt\": \"2025-09-22T22:24:32.3069322\", \"uploadedBy\": \"user-003\"}}','2025-09-22 15:24:32'),(258,'user-003','DELETE','Course','4a3e4d30-4b9b-4740-8ac6-2ec4fdec27a1','{\"id\": \"4a3e4d30-4b9b-4740-8ac6-2ec4fdec27a1\", \"level\": \"ADVANCED\", \"price\": 155.0, \"title\": \"Course 6\", \"createdAt\": \"2025-09-22T22:24:03\", \"isDeleted\": false, \"updatedAt\": \"2025-09-22T22:24:03\", \"isApproved\": false, \"categoryIds\": [\"cat-006\"], \"description\": \"asdf asdfasd asdf asdf\", \"isPublished\": false, \"thumbnailId\": \"course-management/course-image_1758554639716_f3e46a18.jpg\", \"instructorId\": \"user-003\", \"thumbnailUrl\": \"https://res.cloudinary.com/dghnd5kqw/image/upload/v1758554640/course-management/course-image_1758554639716_f3e46a18.jpg.jpg\", \"categoryNames\": [\"Machine Learning\"], \"instructorName\": \"Charlie\"}',NULL,'2025-09-22 15:30:48'),(259,'user-003','DELETE','Course','7d91b7de-0908-4bf7-a3f5-bfdfe94dfd24','{\"id\": \"7d91b7de-0908-4bf7-a3f5-bfdfe94dfd24\", \"level\": \"INTERMEDIATE\", \"price\": 99.0, \"title\": \"Course 5 - update\", \"createdAt\": \"2025-09-22T18:36:59\", \"isDeleted\": false, \"updatedAt\": \"2025-09-22T18:38:09\", \"isApproved\": false, \"categoryIds\": [\"cat-003\", \"cat-006\"], \"description\": \"adsf adsfasd adsfa adsf\", \"isPublished\": false, \"thumbnailId\": \"course-management/course-image_1758541016360_88f9ea31.jpg\", \"instructorId\": \"user-003\", \"thumbnailUrl\": \"https://res.cloudinary.com/dghnd5kqw/image/upload/v1758541017/course-management/course-image_1758541016360_88f9ea31.jpg.jpg\", \"categoryNames\": [\"Data Science\", \"Machine Learning\"], \"instructorName\": \"Charlie\"}',NULL,'2025-09-22 15:30:53'),(260,'user-003','CREATE','Course','c3e42fc0-bd33-4af4-ab10-52d79a5876a4',NULL,'{\"id\": \"c3e42fc0-bd33-4af4-ab10-52d79a5876a4\", \"level\": \"ADVANCED\", \"price\": 199, \"title\": \"Course 7\", \"createdAt\": \"2025-09-22T22:31:33.427285\", \"isDeleted\": false, \"updatedAt\": \"2025-09-22T22:31:33.427285\", \"isApproved\": false, \"categoryIds\": [\"cat-009\", \"cat-004\"], \"description\": \"asdf asdfasd dasf asdf\", \"isPublished\": false, \"thumbnailId\": \"course-management/course-image_1758555091195_c88aaff0.jpg\", \"instructorId\": \"user-003\", \"thumbnailUrl\": \"https://res.cloudinary.com/dghnd5kqw/image/upload/v1758555091/course-management/course-image_1758555091195_c88aaff0.jpg.jpg\", \"categoryNames\": [\"Software Architecture\", \"DevOps\"], \"instructorName\": \"Charlie\"}','2025-09-22 15:31:33'),(261,'user-003','CREATE','Section','f3a95c03-c5f6-4378-83ca-a04b81cfc5ce',NULL,'{\"id\": \"f3a95c03-c5f6-4378-83ca-a04b81cfc5ce\", \"title\": \"Section 1\", \"courseId\": \"c3e42fc0-bd33-4af4-ab10-52d79a5876a4\", \"createdAt\": \"2025-09-22T22:32:37.43872\", \"updatedAt\": \"2025-09-22T22:32:37.43872\", \"orderIndex\": 0, \"courseTitle\": \"Course 7\", \"description\": \"asdf asdfasd asdf \", \"lessonCount\": 0}','2025-09-22 15:32:38'),(262,'user-003','CREATE','Lesson','951e0149-5cb8-4cca-91af-c9acd3eb37ff',NULL,'{\"id\": \"951e0149-5cb8-4cca-91af-c9acd3eb37ff\", \"type\": \"VIDEO\", \"title\": \"Lesson 1\", \"courseId\": \"c3e42fc0-bd33-4af4-ab10-52d79a5876a4\", \"createdAt\": null, \"sectionId\": \"f3a95c03-c5f6-4378-83ca-a04b81cfc5ce\", \"updatedAt\": null, \"orderIndex\": 0, \"courseTitle\": \"Course 7\", \"sectionTitle\": \"Section 1\", \"videoContent\": {\"id\": \"68798714-38dd-4f59-b798-1cd428b5befa\", \"url\": \"https://res.cloudinary.com/dghnd5kqw/video/upload/v1758555158/course-videos/course_video_1758555157614_adb4bb7f.mp4.mp4\", \"duration\": 4, \"createdAt\": \"2025-09-22T22:32:42.7700498\", \"uploadedBy\": \"user-003\"}}','2025-09-22 15:32:43'),(263,'user-003','UPDATE','Section','f3a95c03-c5f6-4378-83ca-a04b81cfc5ce','{\"id\": \"f3a95c03-c5f6-4378-83ca-a04b81cfc5ce\", \"title\": \"Section 1\", \"courseId\": \"c3e42fc0-bd33-4af4-ab10-52d79a5876a4\", \"createdAt\": \"2025-09-22T22:32:37\", \"updatedAt\": \"2025-09-22T22:32:37\", \"orderIndex\": 0, \"courseTitle\": \"Course 7\", \"description\": \"asdf asdfasd asdf \", \"lessonCount\": 1}','{\"id\": \"f3a95c03-c5f6-4378-83ca-a04b81cfc5ce\", \"title\": \"Section 1\", \"courseId\": \"c3e42fc0-bd33-4af4-ab10-52d79a5876a4\", \"createdAt\": \"2025-09-22T22:32:37\", \"updatedAt\": \"2025-09-22T22:33:38.685548\", \"orderIndex\": 0, \"courseTitle\": \"Course 7\", \"description\": \"asdf asdfasd asdf asdf asd\", \"lessonCount\": 1}','2025-09-22 15:33:39'),(264,'user-003','DELETE','Course','c3e42fc0-bd33-4af4-ab10-52d79a5876a4','{\"id\": \"c3e42fc0-bd33-4af4-ab10-52d79a5876a4\", \"level\": \"ADVANCED\", \"price\": 199.0, \"title\": \"Course 7\", \"createdAt\": \"2025-09-22T22:31:33\", \"isDeleted\": false, \"updatedAt\": \"2025-09-22T22:31:33\", \"isApproved\": false, \"categoryIds\": [\"cat-004\", \"cat-009\"], \"description\": \"asdf asdfasd dasf asdf\", \"isPublished\": false, \"thumbnailId\": \"course-management/course-image_1758555091195_c88aaff0.jpg\", \"instructorId\": \"user-003\", \"thumbnailUrl\": \"https://res.cloudinary.com/dghnd5kqw/image/upload/v1758555091/course-management/course-image_1758555091195_c88aaff0.jpg.jpg\", \"categoryNames\": [\"DevOps\", \"Software Architecture\"], \"instructorName\": \"Charlie\"}',NULL,'2025-09-23 01:57:07'),(265,'user-003','CREATE','Section','f9f2db68-ed75-40e6-ba61-b48101ce90da',NULL,'{\"id\": \"f9f2db68-ed75-40e6-ba61-b48101ce90da\", \"title\": \"Section 1\", \"courseId\": \"fe33fc8c-d4ef-45cf-bbdd-182823f81f7b\", \"createdAt\": \"2025-09-23T10:53:11.664409\", \"updatedAt\": \"2025-09-23T10:53:11.664409\", \"orderIndex\": 0, \"courseTitle\": \"test123\", \"description\": \"adf adsf asdf\", \"lessonCount\": 0}','2025-09-23 03:53:12'),(266,'user-003','CREATE','Lesson','c23f65db-ec45-4798-b878-ec39fd20d6d2',NULL,'{\"id\": \"c23f65db-ec45-4798-b878-ec39fd20d6d2\", \"type\": \"VIDEO\", \"title\": \"lesson 1\", \"courseId\": \"fe33fc8c-d4ef-45cf-bbdd-182823f81f7b\", \"createdAt\": null, \"sectionId\": \"f9f2db68-ed75-40e6-ba61-b48101ce90da\", \"updatedAt\": null, \"orderIndex\": 0, \"courseTitle\": \"test123\", \"sectionTitle\": \"Section 1\", \"videoContent\": {\"id\": \"add7ae8a-3757-4214-be23-72c6a967a3a6\", \"url\": \"https://res.cloudinary.com/dghnd5kqw/video/upload/v1758599594/course-videos/course_video_1758599592199_f0079076.mp4.mp4\", \"duration\": 4, \"createdAt\": \"2025-09-23T10:53:16.8032406\", \"uploadedBy\": \"user-003\"}}','2025-09-23 03:53:17'),(267,'user-003','UPDATE','Course','fe33fc8c-d4ef-45cf-bbdd-182823f81f7b','{\"id\": \"fe33fc8c-d4ef-45cf-bbdd-182823f81f7b\", \"level\": \"INTERMEDIATE\", \"price\": 36.0, \"title\": \"test123\", \"createdAt\": \"2025-09-22T08:49:18\", \"isDeleted\": false, \"updatedAt\": \"2025-09-23T10:53:54\", \"isApproved\": false, \"categoryIds\": [\"6c4d515e-f978-4652-9a22-e9dd56565b22\", \"cat-007\"], \"description\": \"test 1234567889sagfasga\", \"isPublished\": false, \"thumbnailId\": \"course-management/10_1758505756136_f057506e.jpeg\", \"instructorId\": \"user-003\", \"thumbnailUrl\": \"https://res.cloudinary.com/djg6scfth/image/upload/v1758505757/course-management/10_1758505756136_f057506e.jpeg.jpg\", \"categoryNames\": [\"HuyMapNe\", \"Cloud Computing\"], \"instructorName\": \"Charlie\"}','{\"id\": \"fe33fc8c-d4ef-45cf-bbdd-182823f81f7b\", \"level\": \"INTERMEDIATE\", \"price\": 36.0, \"title\": \"How to get 1 billion in one day\", \"createdAt\": \"2025-09-22T08:49:18\", \"isDeleted\": false, \"updatedAt\": \"2025-09-23T10:54:52.548049\", \"isApproved\": false, \"categoryIds\": [\"6c4d515e-f978-4652-9a22-e9dd56565b22\", \"cat-007\"], \"description\": \"test 1234567889sagfasga\", \"isPublished\": false, \"thumbnailId\": \"course-management/10_1758505756136_f057506e.jpeg\", \"instructorId\": \"user-003\", \"thumbnailUrl\": \"https://res.cloudinary.com/djg6scfth/image/upload/v1758505757/course-management/10_1758505756136_f057506e.jpeg.jpg\", \"categoryNames\": [\"HuyMapNe\", \"Cloud Computing\"], \"instructorName\": \"Charlie\"}','2025-09-23 03:54:53'),(268,'ec592cdf-3410-4fdc-a79d-2ef048b15899','CREATE','PAYMENT','0cc26a99-9caa-45ad-a1b6-bc904167af71',NULL,'{\"id\": \"0cc26a99-9caa-45ad-a1b6-bc904167af71\", \"user\": {\"id\": \"ec592cdf-3410-4fdc-a79d-2ef048b15899\", \"name\": \"Vit Dien\", \"email\": \"lethuaquochuy1@gmail.com\"}, \"amount\": 34.2, \"course\": {\"id\": \"fe33fc8c-d4ef-45cf-bbdd-182823f81f7b\", \"price\": 36.0, \"title\": \"How to get 1 billion in one day\", \"instructorId\": \"user-003\", \"instructorName\": \"Charlie\"}, \"paidAt\": null, \"status\": \"PENDING\", \"userId\": \"ec592cdf-3410-4fdc-a79d-2ef048b15899\", \"courseId\": \"fe33fc8c-d4ef-45cf-bbdd-182823f81f7b\", \"createdAt\": null, \"sessionId\": null, \"updatedAt\": null, \"paymentMethod\": \"stripe\"}','2025-09-23 21:42:15'),(269,'ec592cdf-3410-4fdc-a79d-2ef048b15899','UPDATE','PAYMENT','0cc26a99-9caa-45ad-a1b6-bc904167af71','{\"id\": \"0cc26a99-9caa-45ad-a1b6-bc904167af71\", \"user\": {\"id\": \"ec592cdf-3410-4fdc-a79d-2ef048b15899\", \"name\": \"Vit Dien\", \"email\": \"lethuaquochuy1@gmail.com\"}, \"amount\": 34.2, \"course\": {\"id\": \"fe33fc8c-d4ef-45cf-bbdd-182823f81f7b\", \"price\": 36.0, \"title\": \"How to get 1 billion in one day\", \"instructorId\": \"user-003\", \"instructorName\": \"Charlie\"}, \"paidAt\": null, \"status\": \"PENDING\", \"userId\": \"ec592cdf-3410-4fdc-a79d-2ef048b15899\", \"courseId\": \"fe33fc8c-d4ef-45cf-bbdd-182823f81f7b\", \"createdAt\": \"2025-09-24T04:42:14.952545\", \"sessionId\": null, \"updatedAt\": \"2025-09-24T04:42:14.95256\", \"paymentMethod\": \"stripe\"}','{\"id\": \"0cc26a99-9caa-45ad-a1b6-bc904167af71\", \"user\": {\"id\": \"ec592cdf-3410-4fdc-a79d-2ef048b15899\", \"name\": \"Vit Dien\", \"email\": \"lethuaquochuy1@gmail.com\"}, \"amount\": 34.2, \"course\": {\"id\": \"fe33fc8c-d4ef-45cf-bbdd-182823f81f7b\", \"price\": 36.0, \"title\": \"How to get 1 billion in one day\", \"instructorId\": \"user-003\", \"instructorName\": \"Charlie\"}, \"paidAt\": null, \"status\": \"PENDING\", \"userId\": \"ec592cdf-3410-4fdc-a79d-2ef048b15899\", \"courseId\": \"fe33fc8c-d4ef-45cf-bbdd-182823f81f7b\", \"createdAt\": \"2025-09-24T04:42:14.952545\", \"sessionId\": \"cs_test_a108CFcDLAA6tFdmmOqGdATPMzTZzkFhCyRm2duD0nsqoI16YdFS29VxAy\", \"updatedAt\": \"2025-09-24T04:42:14.95256\", \"paymentMethod\": \"stripe\"}','2025-09-23 21:42:18'),(270,'user-001','UPDATE','PAYMENT','0cc26a99-9caa-45ad-a1b6-bc904167af71','{\"id\": \"0cc26a99-9caa-45ad-a1b6-bc904167af71\", \"user\": {\"id\": \"ec592cdf-3410-4fdc-a79d-2ef048b15899\", \"name\": \"Vit Dien\", \"email\": \"lethuaquochuy1@gmail.com\"}, \"amount\": 34.2, \"course\": {\"id\": \"fe33fc8c-d4ef-45cf-bbdd-182823f81f7b\", \"price\": 36.0, \"title\": \"How to get 1 billion in one day\", \"instructorId\": \"user-003\", \"instructorName\": \"Charlie\"}, \"paidAt\": \"2025-09-24T04:43:53.560651377\", \"status\": \"COMPLETED\", \"userId\": \"ec592cdf-3410-4fdc-a79d-2ef048b15899\", \"courseId\": \"fe33fc8c-d4ef-45cf-bbdd-182823f81f7b\", \"createdAt\": \"2025-09-24T04:42:15\", \"sessionId\": \"cs_test_a108CFcDLAA6tFdmmOqGdATPMzTZzkFhCyRm2duD0nsqoI16YdFS29VxAy\", \"updatedAt\": \"2025-09-24T04:43:53.693634\", \"paymentMethod\": \"stripe\"}','{\"id\": \"0cc26a99-9caa-45ad-a1b6-bc904167af71\", \"user\": {\"id\": \"ec592cdf-3410-4fdc-a79d-2ef048b15899\", \"name\": \"Vit Dien\", \"email\": \"lethuaquochuy1@gmail.com\"}, \"amount\": 34.2, \"course\": {\"id\": \"fe33fc8c-d4ef-45cf-bbdd-182823f81f7b\", \"price\": 36.0, \"title\": \"How to get 1 billion in one day\", \"instructorId\": \"user-003\", \"instructorName\": \"Charlie\"}, \"paidAt\": \"2025-09-24T04:43:53.560651377\", \"status\": \"COMPLETED\", \"userId\": \"ec592cdf-3410-4fdc-a79d-2ef048b15899\", \"courseId\": \"fe33fc8c-d4ef-45cf-bbdd-182823f81f7b\", \"createdAt\": \"2025-09-24T04:42:15\", \"sessionId\": \"cs_test_a108CFcDLAA6tFdmmOqGdATPMzTZzkFhCyRm2duD0nsqoI16YdFS29VxAy\", \"updatedAt\": \"2025-09-24T04:43:53.693634\", \"paymentMethod\": \"stripe\"}','2025-09-23 21:43:55'),(271,'ec592cdf-3410-4fdc-a79d-2ef048b15899','CREATE','PAYMENT','1245fc1e-8dde-43df-b919-633d0704c3fa',NULL,'{\"id\": \"1245fc1e-8dde-43df-b919-633d0704c3fa\", \"user\": {\"id\": \"ec592cdf-3410-4fdc-a79d-2ef048b15899\", \"name\": \"Vit Dien\", \"email\": \"lethuaquochuy1@gmail.com\"}, \"amount\": 189.99, \"course\": {\"id\": \"course-014\", \"price\": 199.99, \"title\": \"DevOps and Docker Containerization\", \"instructorId\": \"user-006\", \"instructorName\": \"Fiona Davis\"}, \"paidAt\": null, \"status\": \"PENDING\", \"userId\": \"ec592cdf-3410-4fdc-a79d-2ef048b15899\", \"courseId\": \"course-014\", \"createdAt\": null, \"sessionId\": null, \"updatedAt\": null, \"paymentMethod\": \"stripe\"}','2025-09-23 21:45:24'),(272,'ec592cdf-3410-4fdc-a79d-2ef048b15899','UPDATE','PAYMENT','1245fc1e-8dde-43df-b919-633d0704c3fa','{\"id\": \"1245fc1e-8dde-43df-b919-633d0704c3fa\", \"user\": {\"id\": \"ec592cdf-3410-4fdc-a79d-2ef048b15899\", \"name\": \"Vit Dien\", \"email\": \"lethuaquochuy1@gmail.com\"}, \"amount\": 189.99, \"course\": {\"id\": \"course-014\", \"price\": 199.99, \"title\": \"DevOps and Docker Containerization\", \"instructorId\": \"user-006\", \"instructorName\": \"Fiona Davis\"}, \"paidAt\": null, \"status\": \"PENDING\", \"userId\": \"ec592cdf-3410-4fdc-a79d-2ef048b15899\", \"courseId\": \"course-014\", \"createdAt\": \"2025-09-24T04:45:24.130791\", \"sessionId\": null, \"updatedAt\": \"2025-09-24T04:45:24.13083\", \"paymentMethod\": \"stripe\"}','{\"id\": \"1245fc1e-8dde-43df-b919-633d0704c3fa\", \"user\": {\"id\": \"ec592cdf-3410-4fdc-a79d-2ef048b15899\", \"name\": \"Vit Dien\", \"email\": \"lethuaquochuy1@gmail.com\"}, \"amount\": 189.99, \"course\": {\"id\": \"course-014\", \"price\": 199.99, \"title\": \"DevOps and Docker Containerization\", \"instructorId\": \"user-006\", \"instructorName\": \"Fiona Davis\"}, \"paidAt\": null, \"status\": \"PENDING\", \"userId\": \"ec592cdf-3410-4fdc-a79d-2ef048b15899\", \"courseId\": \"course-014\", \"createdAt\": \"2025-09-24T04:45:24.130791\", \"sessionId\": \"cs_test_a1a6UvYmlj10jiWPTcjIDdJ4JwIcHkwXzQoQdhfmYv2kb2uEfEoWIOeTnz\", \"updatedAt\": \"2025-09-24T04:45:24.13083\", \"paymentMethod\": \"stripe\"}','2025-09-23 21:45:25'),(273,'SYSTEM','UPDATE','PAYMENT','1245fc1e-8dde-43df-b919-633d0704c3fa','{\"id\": \"1245fc1e-8dde-43df-b919-633d0704c3fa\", \"user\": {\"id\": \"ec592cdf-3410-4fdc-a79d-2ef048b15899\", \"name\": \"Vit Dien\", \"email\": \"lethuaquochuy1@gmail.com\"}, \"amount\": 189.99, \"course\": {\"id\": \"course-014\", \"price\": 199.99, \"title\": \"DevOps and Docker Containerization\", \"instructorId\": \"user-006\", \"instructorName\": \"Fiona Davis\"}, \"paidAt\": null, \"status\": \"PENDING\", \"userId\": \"ec592cdf-3410-4fdc-a79d-2ef048b15899\", \"courseId\": \"course-014\", \"createdAt\": \"2025-09-24T04:45:24\", \"sessionId\": \"cs_test_a1a6UvYmlj10jiWPTcjIDdJ4JwIcHkwXzQoQdhfmYv2kb2uEfEoWIOeTnz\", \"updatedAt\": \"2025-09-24T04:45:25\", \"paymentMethod\": \"stripe\"}','{\"id\": \"1245fc1e-8dde-43df-b919-633d0704c3fa\", \"user\": {\"id\": \"ec592cdf-3410-4fdc-a79d-2ef048b15899\", \"name\": \"Vit Dien\", \"email\": \"lethuaquochuy1@gmail.com\"}, \"amount\": 189.99, \"course\": {\"id\": \"course-014\", \"price\": 199.99, \"title\": \"DevOps and Docker Containerization\", \"instructorId\": \"user-006\", \"instructorName\": \"Fiona Davis\"}, \"paidAt\": \"2025-09-24T04:45:33.325787315\", \"status\": \"COMPLETED\", \"userId\": \"ec592cdf-3410-4fdc-a79d-2ef048b15899\", \"courseId\": \"course-014\", \"createdAt\": \"2025-09-24T04:45:24\", \"sessionId\": \"cs_test_a1a6UvYmlj10jiWPTcjIDdJ4JwIcHkwXzQoQdhfmYv2kb2uEfEoWIOeTnz\", \"updatedAt\": \"2025-09-24T04:45:25\", \"paymentMethod\": \"stripe\"}','2025-09-23 21:45:33'),(274,'user-003','CREATE','Course','63459fb6-0eb1-42f8-802e-f51ca751f296',NULL,'{\"id\": \"63459fb6-0eb1-42f8-802e-f51ca751f296\", \"level\": \"ADVANCED\", \"price\": 35.99, \"title\": \"Bao lâu nữa thì bán được 1 tỷ gói mè?\", \"createdAt\": \"2025-09-24T04:48:55.348981\", \"isDeleted\": false, \"updatedAt\": \"2025-09-24T04:48:55.357013\", \"isApproved\": false, \"categoryIds\": [\"cat-006\", \"6c4d515e-f978-4652-9a22-e9dd56565b22\"], \"description\": \"Bao lâu nữa thì bán được 1 tỷ gói mè?\", \"isPublished\": false, \"thumbnailId\": \"course-management/dogaccepttingfate_1758689331636_36e2ec5c.jpg\", \"instructorId\": \"user-003\", \"thumbnailUrl\": \"https://res.cloudinary.com/djg6scfth/image/upload/v1758689333/course-management/dogaccepttingfate_1758689331636_36e2ec5c.jpg.jpg\", \"categoryNames\": [\"Machine Learning\", \"HuyMapNe\"], \"instructorName\": \"Charlie\"}','2025-09-23 21:48:55'),(275,'user-003','CREATE','Section','5d661887-dcb8-4dd7-a1e6-963a9218434b',NULL,'{\"id\": \"5d661887-dcb8-4dd7-a1e6-963a9218434b\", \"title\": \"Mang mè về cho tiện\", \"courseId\": \"63459fb6-0eb1-42f8-802e-f51ca751f296\", \"createdAt\": \"2025-09-24T04:54:55.817272\", \"updatedAt\": \"2025-09-24T04:54:55.817304\", \"orderIndex\": 0, \"courseTitle\": \"Bao lâu nữa thì bán được 1 tỷ gói mè?\", \"description\": \"Mang mè về cho tiện\", \"lessonCount\": 0}','2025-09-23 21:54:56'),(276,'user-003','CREATE','Lesson','49dc08da-476e-425c-970e-02f0a0a60485',NULL,'{\"id\": \"49dc08da-476e-425c-970e-02f0a0a60485\", \"type\": \"VIDEO\", \"title\": \"Lesson1\", \"courseId\": \"63459fb6-0eb1-42f8-802e-f51ca751f296\", \"createdAt\": null, \"sectionId\": \"5d661887-dcb8-4dd7-a1e6-963a9218434b\", \"updatedAt\": null, \"orderIndex\": 0, \"courseTitle\": \"Bao lâu nữa thì bán được 1 tỷ gói mè?\", \"sectionTitle\": \"Mang mè về cho tiện\", \"videoContent\": {\"id\": \"96c4143c-c787-4d00-843c-168efef49a86\", \"url\": \"https://res.cloudinary.com/djg6scfth/video/upload/v1758689699/course-videos/tlietfaker_1758689696177_6526bb7b.mp4.mp4\", \"duration\": 12, \"createdAt\": \"2025-09-24T04:55:05.127464417\", \"uploadedBy\": \"user-003\"}}','2025-09-23 21:55:05'),(277,'ec592cdf-3410-4fdc-a79d-2ef048b15899','CREATE','PAYMENT','a02561f1-be8a-44e9-b02d-85bc8712e047',NULL,'{\"id\": \"a02561f1-be8a-44e9-b02d-85bc8712e047\", \"user\": {\"id\": \"ec592cdf-3410-4fdc-a79d-2ef048b15899\", \"name\": \"Vit Dien\", \"email\": \"lethuaquochuy1@gmail.com\"}, \"amount\": 35.99, \"course\": {\"id\": \"63459fb6-0eb1-42f8-802e-f51ca751f296\", \"price\": 35.99, \"title\": \"Bao lâu nữa thì bán được 1 tỷ gói mè?\", \"instructorId\": \"user-003\", \"instructorName\": \"Charlie\"}, \"paidAt\": null, \"status\": \"PENDING\", \"userId\": \"ec592cdf-3410-4fdc-a79d-2ef048b15899\", \"courseId\": \"63459fb6-0eb1-42f8-802e-f51ca751f296\", \"createdAt\": null, \"sessionId\": null, \"updatedAt\": null, \"paymentMethod\": \"stripe\"}','2025-09-23 22:15:57'),(278,'ec592cdf-3410-4fdc-a79d-2ef048b15899','UPDATE','PAYMENT','a02561f1-be8a-44e9-b02d-85bc8712e047','{\"id\": \"a02561f1-be8a-44e9-b02d-85bc8712e047\", \"user\": {\"id\": \"ec592cdf-3410-4fdc-a79d-2ef048b15899\", \"name\": \"Vit Dien\", \"email\": \"lethuaquochuy1@gmail.com\"}, \"amount\": 35.99, \"course\": {\"id\": \"63459fb6-0eb1-42f8-802e-f51ca751f296\", \"price\": 35.99, \"title\": \"Bao lâu nữa thì bán được 1 tỷ gói mè?\", \"instructorId\": \"user-003\", \"instructorName\": \"Charlie\"}, \"paidAt\": null, \"status\": \"PENDING\", \"userId\": \"ec592cdf-3410-4fdc-a79d-2ef048b15899\", \"courseId\": \"63459fb6-0eb1-42f8-802e-f51ca751f296\", \"createdAt\": \"2025-09-24T05:15:57.02949\", \"sessionId\": null, \"updatedAt\": \"2025-09-24T05:15:57.029514\", \"paymentMethod\": \"stripe\"}','{\"id\": \"a02561f1-be8a-44e9-b02d-85bc8712e047\", \"user\": {\"id\": \"ec592cdf-3410-4fdc-a79d-2ef048b15899\", \"name\": \"Vit Dien\", \"email\": \"lethuaquochuy1@gmail.com\"}, \"amount\": 35.99, \"course\": {\"id\": \"63459fb6-0eb1-42f8-802e-f51ca751f296\", \"price\": 35.99, \"title\": \"Bao lâu nữa thì bán được 1 tỷ gói mè?\", \"instructorId\": \"user-003\", \"instructorName\": \"Charlie\"}, \"paidAt\": null, \"status\": \"PENDING\", \"userId\": \"ec592cdf-3410-4fdc-a79d-2ef048b15899\", \"courseId\": \"63459fb6-0eb1-42f8-802e-f51ca751f296\", \"createdAt\": \"2025-09-24T05:15:57.02949\", \"sessionId\": \"cs_test_a18tf8wimkz1B5d0fomUIpgi8vlPAzwELZpzBo498J2IMU9VcNXDOOKZI9\", \"updatedAt\": \"2025-09-24T05:15:57.029514\", \"paymentMethod\": \"stripe\"}','2025-09-23 22:15:58'),(279,'SYSTEM','UPDATE','PAYMENT','a02561f1-be8a-44e9-b02d-85bc8712e047','{\"id\": \"a02561f1-be8a-44e9-b02d-85bc8712e047\", \"user\": {\"id\": \"ec592cdf-3410-4fdc-a79d-2ef048b15899\", \"name\": \"Vit Dien\", \"email\": \"lethuaquochuy1@gmail.com\"}, \"amount\": 35.99, \"course\": {\"id\": \"63459fb6-0eb1-42f8-802e-f51ca751f296\", \"price\": 35.99, \"title\": \"Bao lâu nữa thì bán được 1 tỷ gói mè?\", \"instructorId\": \"user-003\", \"instructorName\": \"Charlie\"}, \"paidAt\": null, \"status\": \"PENDING\", \"userId\": \"ec592cdf-3410-4fdc-a79d-2ef048b15899\", \"courseId\": \"63459fb6-0eb1-42f8-802e-f51ca751f296\", \"createdAt\": \"2025-09-24T05:15:57\", \"sessionId\": \"cs_test_a18tf8wimkz1B5d0fomUIpgi8vlPAzwELZpzBo498J2IMU9VcNXDOOKZI9\", \"updatedAt\": \"2025-09-24T05:15:58\", \"paymentMethod\": \"stripe\"}','{\"id\": \"a02561f1-be8a-44e9-b02d-85bc8712e047\", \"user\": {\"id\": \"ec592cdf-3410-4fdc-a79d-2ef048b15899\", \"name\": \"Vit Dien\", \"email\": \"lethuaquochuy1@gmail.com\"}, \"amount\": 35.99, \"course\": {\"id\": \"63459fb6-0eb1-42f8-802e-f51ca751f296\", \"price\": 35.99, \"title\": \"Bao lâu nữa thì bán được 1 tỷ gói mè?\", \"instructorId\": \"user-003\", \"instructorName\": \"Charlie\"}, \"paidAt\": \"2025-09-24T05:16:28.86091713\", \"status\": \"COMPLETED\", \"userId\": \"ec592cdf-3410-4fdc-a79d-2ef048b15899\", \"courseId\": \"63459fb6-0eb1-42f8-802e-f51ca751f296\", \"createdAt\": \"2025-09-24T05:15:57\", \"sessionId\": \"cs_test_a18tf8wimkz1B5d0fomUIpgi8vlPAzwELZpzBo498J2IMU9VcNXDOOKZI9\", \"updatedAt\": \"2025-09-24T05:15:58\", \"paymentMethod\": \"stripe\"}','2025-09-23 22:16:29'),(280,'ec592cdf-3410-4fdc-a79d-2ef048b15899','CREATE','PAYMENT','f5ffd976-7f76-4251-af38-1cd8aa9033fb',NULL,'{\"id\": \"f5ffd976-7f76-4251-af38-1cd8aa9033fb\", \"user\": {\"id\": \"ec592cdf-3410-4fdc-a79d-2ef048b15899\", \"name\": \"Vit Dien\", \"email\": \"lethuaquochuy1@gmail.com\"}, \"amount\": 99.0, \"course\": {\"id\": \"2c4fccd5-49b6-44cc-bdec-d0e951db3619\", \"price\": 99.0, \"title\": \"vitdien\", \"instructorId\": \"user-003\", \"instructorName\": \"Charlie\"}, \"paidAt\": null, \"status\": \"PENDING\", \"userId\": \"ec592cdf-3410-4fdc-a79d-2ef048b15899\", \"courseId\": \"2c4fccd5-49b6-44cc-bdec-d0e951db3619\", \"createdAt\": null, \"sessionId\": null, \"updatedAt\": null, \"paymentMethod\": \"stripe\"}','2025-09-23 23:37:29'),(281,'ec592cdf-3410-4fdc-a79d-2ef048b15899','UPDATE','PAYMENT','f5ffd976-7f76-4251-af38-1cd8aa9033fb','{\"id\": \"f5ffd976-7f76-4251-af38-1cd8aa9033fb\", \"user\": {\"id\": \"ec592cdf-3410-4fdc-a79d-2ef048b15899\", \"name\": \"Vit Dien\", \"email\": \"lethuaquochuy1@gmail.com\"}, \"amount\": 99.0, \"course\": {\"id\": \"2c4fccd5-49b6-44cc-bdec-d0e951db3619\", \"price\": 99.0, \"title\": \"vitdien\", \"instructorId\": \"user-003\", \"instructorName\": \"Charlie\"}, \"paidAt\": null, \"status\": \"PENDING\", \"userId\": \"ec592cdf-3410-4fdc-a79d-2ef048b15899\", \"courseId\": \"2c4fccd5-49b6-44cc-bdec-d0e951db3619\", \"createdAt\": \"2025-09-24T06:37:29.199142\", \"sessionId\": null, \"updatedAt\": \"2025-09-24T06:37:29.199161\", \"paymentMethod\": \"stripe\"}','{\"id\": \"f5ffd976-7f76-4251-af38-1cd8aa9033fb\", \"user\": {\"id\": \"ec592cdf-3410-4fdc-a79d-2ef048b15899\", \"name\": \"Vit Dien\", \"email\": \"lethuaquochuy1@gmail.com\"}, \"amount\": 99.0, \"course\": {\"id\": \"2c4fccd5-49b6-44cc-bdec-d0e951db3619\", \"price\": 99.0, \"title\": \"vitdien\", \"instructorId\": \"user-003\", \"instructorName\": \"Charlie\"}, \"paidAt\": null, \"status\": \"PENDING\", \"userId\": \"ec592cdf-3410-4fdc-a79d-2ef048b15899\", \"courseId\": \"2c4fccd5-49b6-44cc-bdec-d0e951db3619\", \"createdAt\": \"2025-09-24T06:37:29.199142\", \"sessionId\": \"cs_test_a1jF9LUAIq32omisqp5hrxh65K36I6dc2p4tTv4Vfk9c9Rvpr08mWhiNRa\", \"updatedAt\": \"2025-09-24T06:37:29.199161\", \"paymentMethod\": \"stripe\"}','2025-09-23 23:37:30'),(282,'SYSTEM','UPDATE','PAYMENT','f5ffd976-7f76-4251-af38-1cd8aa9033fb','{\"id\": \"f5ffd976-7f76-4251-af38-1cd8aa9033fb\", \"user\": {\"id\": \"ec592cdf-3410-4fdc-a79d-2ef048b15899\", \"name\": \"Vit Dien\", \"email\": \"lethuaquochuy1@gmail.com\"}, \"amount\": 99.0, \"course\": {\"id\": \"2c4fccd5-49b6-44cc-bdec-d0e951db3619\", \"price\": 99.0, \"title\": \"vitdien\", \"instructorId\": \"user-003\", \"instructorName\": \"Charlie\"}, \"paidAt\": null, \"status\": \"PENDING\", \"userId\": \"ec592cdf-3410-4fdc-a79d-2ef048b15899\", \"courseId\": \"2c4fccd5-49b6-44cc-bdec-d0e951db3619\", \"createdAt\": \"2025-09-24T06:37:29\", \"sessionId\": \"cs_test_a1jF9LUAIq32omisqp5hrxh65K36I6dc2p4tTv4Vfk9c9Rvpr08mWhiNRa\", \"updatedAt\": \"2025-09-24T06:37:30\", \"paymentMethod\": \"stripe\"}','{\"id\": \"f5ffd976-7f76-4251-af38-1cd8aa9033fb\", \"user\": {\"id\": \"ec592cdf-3410-4fdc-a79d-2ef048b15899\", \"name\": \"Vit Dien\", \"email\": \"lethuaquochuy1@gmail.com\"}, \"amount\": 99.0, \"course\": {\"id\": \"2c4fccd5-49b6-44cc-bdec-d0e951db3619\", \"price\": 99.0, \"title\": \"vitdien\", \"instructorId\": \"user-003\", \"instructorName\": \"Charlie\"}, \"paidAt\": \"2025-09-24T06:37:37.218460085\", \"status\": \"COMPLETED\", \"userId\": \"ec592cdf-3410-4fdc-a79d-2ef048b15899\", \"courseId\": \"2c4fccd5-49b6-44cc-bdec-d0e951db3619\", \"createdAt\": \"2025-09-24T06:37:29\", \"sessionId\": \"cs_test_a1jF9LUAIq32omisqp5hrxh65K36I6dc2p4tTv4Vfk9c9Rvpr08mWhiNRa\", \"updatedAt\": \"2025-09-24T06:37:30\", \"paymentMethod\": \"stripe\"}','2025-09-23 23:37:38');
/*!40000 ALTER TABLE `system_logs` ENABLE KEYS */;

--
-- Table structure for table `user_roles`
--

DROP TABLE IF EXISTS `user_roles`;
/*!40101 SET @saved_cs_client     = @@character_set_client */;
/*!50503 SET character_set_client = utf8mb4 */;
CREATE TABLE `user_roles` (
  `id` varchar(36) NOT NULL,
  `role` varchar(36) NOT NULL,
  `description` varchar(500) DEFAULT NULL,
  PRIMARY KEY (`id`)
) ENGINE=InnoDB DEFAULT CHARSET=utf8mb4 COLLATE=utf8mb4_0900_ai_ci;
/*!40101 SET character_set_client = @saved_cs_client */;

--
-- Dumping data for table `user_roles`
--

/*!40000 ALTER TABLE `user_roles` DISABLE KEYS */;
INSERT INTO `user_roles` VALUES ('3c306425-fe1b-40c0-9357-35746862fcba','TESTDSA',NULL),('88cb0a41-0d50-48bc-934b-0ba3099ab17a','TEST_THREE',NULL),('9c7f9aee-759c-4c00-bc77-85bb9a399d8e','TEST_TWO',NULL),('ceb2e856-9c0a-45ec-84b1-22b16ef6024e','DEV',NULL),('d3cd5bf4-cedf-4fd1-ba1d-7ff340934518','SYBAU',NULL),('f0a6315f-9e67-498e-9b36-2fc668d8faa6','FUNDEEP',NULL),('f4bb6937-1f4d-47f3-9097-76430dabfb77','MANAGER',NULL),('role-001','STUDENT','Student role with basic course access'),('role-002','INSTRUCTOR','Instructor role with course creation and management capabilities'),('role-003','ADMIN','Administrator role with full system access and management capabilities');
/*!40000 ALTER TABLE `user_roles` ENABLE KEYS */;

--
-- Table structure for table `users`
--

DROP TABLE IF EXISTS `users`;
/*!40101 SET @saved_cs_client     = @@character_set_client */;
/*!50503 SET character_set_client = utf8mb4 */;
CREATE TABLE `users` (
  `id` varchar(36) NOT NULL,
  `name` varchar(255) NOT NULL,
  `email` varchar(255) NOT NULL,
  `password` varchar(255) NOT NULL,
  `is_active` bit(1) DEFAULT NULL,
  `thumbnail_url` varchar(255) DEFAULT NULL,
  `thumbnail_id` varchar(255) DEFAULT NULL,
  `bio` varchar(255) DEFAULT NULL,
  `role_id` varchar(36) NOT NULL,
  `created_at` timestamp NULL DEFAULT CURRENT_TIMESTAMP,
  `updated_at` timestamp NULL DEFAULT CURRENT_TIMESTAMP,
  PRIMARY KEY (`id`),
  UNIQUE KEY `email` (`email`),
  KEY `fk_user_roles` (`role_id`),
  CONSTRAINT `fk_user_roles` FOREIGN KEY (`role_id`) REFERENCES `user_roles` (`id`) ON DELETE RESTRICT
) ENGINE=InnoDB DEFAULT CHARSET=utf8mb4 COLLATE=utf8mb4_0900_ai_ci;
/*!40101 SET character_set_client = @saved_cs_client */;

--
-- Dumping data for table `users`
--

/*!40000 ALTER TABLE `users` DISABLE KEYS */;
INSERT INTO `users` VALUES ('1953adde-7b54-4865-b45f-611ed31773a9','john_doeeeeee','john.doeeeeeeeee@example.com','$2a$10$wyFubWlqQ/YyvtyXpTkjEeJIf9SVwg1cbVEIrjWc1sFy3SExSWNOm',0x01,'','','','d3cd5bf4-cedf-4fd1-ba1d-7ff340934518','2025-09-09 14:14:32','2025-09-09 14:14:32'),('23e9766b-76bb-43c7-9392-15c689bf5956','NGUYỄN NGỌC PHƯƠNG','phuongnn.21it@vku.udn.vn','$2a$10$00L3BwadhvooBjL5rsokJO17rcYfrJxrsY7sSjtX3nq2oni4st1BC',0x01,'','','','role-001','2025-09-10 07:05:24','2025-09-10 07:05:24'),('264b89f7-6c95-4d1c-8303-7832f601bc3c','TRỊNH THÁI SƠN','sontt.21it@vku.udn.vn','$2a$10$BlLRS.in/3MqSfnn1FcOKeeRjYH5r20mfYngHYtlTYWKBg.GrjRzG',0x01,'','','','role-001','2025-09-15 08:38:59','2025-09-15 08:38:59'),('316c28f6-2b46-46ab-9481-9ce170684fc1','Phuong ','phuong@gmail.com','$2a$10$gFgyaxJJH9ipKCcOGceEQO1B71JPcYWwR0UQWN.zqTTwcvAEplEsu',0x01,'','','','d3cd5bf4-cedf-4fd1-ba1d-7ff340934518','2025-09-09 14:06:30','2025-09-11 06:23:21'),('32f6c71a-97ff-48c4-a31b-b34ce0e75e46','john_doe','john.doe@example.com','$2a$10$21DA0lUZ/BR8qfF6nRFZK.YBh8tKi/7tU7bNg37E6ktxvohn4ex2C',0x01,'','','','f4bb6937-1f4d-47f3-9097-76430dabfb77','2025-08-26 07:30:40','2025-08-26 07:30:40'),('3f1320c3-4d2c-43a0-97bf-340deb6c9f51','john_dooooe','john.doe@exampleee.com','$2a$10$ucme.Ni2b8kaunmGdXmpWOkttkjmS7syQ.qhAQPKHcsqWzlOD9JIq',0x01,'','','','d3cd5bf4-cedf-4fd1-ba1d-7ff340934518','2025-09-10 04:07:59','2025-09-10 04:07:59'),('41af40ad-9423-42b6-a4ae-38a45b8ddf93','Vịt Điên','vitdienclone@gmail.com','$2a$10$wkSOxNjly.8MncaaA4Myuea0x50cACJuHKXdpbHqJONhjProHlIlO',0x01,'','','','role-001','2025-08-26 02:30:11','2025-08-26 02:30:11'),('49cc08f5-8427-4730-9ac5-cf896f8bad83','Jeong Ah Lee Sin','testvc@gmail.com','$2a$10$vGZiiG6/6w5fvfTpFjmBzOjNdf3uIHiwFj86wbe8PAvkzAJAAJw86',0x01,'','','','role-002','2025-08-22 11:17:18','2025-08-22 11:17:18'),('4b36f90c-ae3d-4458-8b04-045e77b8d9c1','Sơn Trịnh','ttsondhqt@gmail.com','$2a$10$aT7RTxmIlqiSw0.inyDWVOt.Liq5MPqU9AzrRk1UWKxOrYcdAbwB6',0x01,'','','','role-001','2025-09-15 08:32:37','2025-09-15 08:32:37'),('59c711ff-7ae9-44f3-b958-0e94a67774e0','test1112343','test1112343@gmail.com','$2a$10$niApnwEN8oORrzHM.aPZl.LhlJ2iDeP2kTMFegQV61fNWJZs.Evqy',0x01,'','','','role-002','2025-09-05 03:12:54','2025-09-05 03:12:54'),('5b0aa024-020f-433d-be04-ef490ed7e440','LÊ THỪA QUỐC HUY','huyltq.21it@vku.udn.vn','$2a$10$/r5ab49N6hnX4EuGO.X7FesGzC4.LiJ/50h.80iUcLlfCj07HLA4q',0x01,'','','','role-001','2025-08-26 03:04:03','2025-08-26 03:04:03'),('6aef4b2e-b2b3-4e7c-a906-efba390ad82f','18 Lê Thiện Trị','mingtam.713@gmail.com','$2a$10$mKx0VxU0EuROOPqOWVkjA.Z5YY7gza3.0qvcsWGTAbBeQNBa1SROO',0x01,'','','','role-002','2025-08-22 09:31:06','2025-08-22 09:31:06'),('7b5cbac5-f23c-4a6e-8469-9d2c94e57eab','test11123','test11123@gmail.com','$2a$10$I90fJdcO5x8YgCOL40xHWOOTtbKGgsweRvP0L4sI67oLEsIUlL8sm',0x01,'','','','role-002','2025-09-05 02:44:35','2025-09-05 02:44:35'),('831b9f6c-06cb-425e-aca8-5b834fb3dff6','vit dien','lethuaquochuy3@gmail.com','$2a$10$zjX3NkPXFe1gZScQ/IBT5uJU6M6N1evanlIiaCbFEvXMgjp251XIe',0x01,'','','','role-001','2025-09-22 02:50:31','2025-09-22 02:50:31'),('853abbb1-f740-447b-9f58-2eb2e57b62bd','mingtam','mingtam@gmail.com','$2a$10$O2ac24vfL.NgArfwb5825.UulkC261i0DvJecFE4LSn1S960scxOW',0x01,'','','','role-001','2025-09-22 12:45:23','2025-09-22 12:45:23'),('9e7cef07-1c10-46c8-b3dc-7886851df800','Huy Lê Thừa Quốc','quochuy.9052@gmail.com','$2a$10$YaIGObsIBFblkbnthrsBSODeTiHnOhNJGnpCPSp1OUr4FQDARZ42i',0x01,'','','','role-001','2025-08-24 11:51:10','2025-08-24 11:51:10'),('9f0e6dc0-7be0-4e75-a8b0-b5e8f1f860ee','Phuong Ngoc','phuongngoccc@example.com','$2a$10$Q.ruMORnEIM5He2GIyE/xuF0YGfyiAxDX6XgKVU9WkTisgWr8yHri',0x01,'','','','ceb2e856-9c0a-45ec-84b1-22b16ef6024e','2025-09-10 04:47:51','2025-09-21 09:14:54'),('9fd268db-7480-4610-8a5e-b05c781b9850','abc xuaiduysa','abc@gmail.com','$2a$10$XYwsfiwlzV1CLnJAbcduteJoWVh2MIYFlYfLEVJnG3E4C0Q8ddvfC',0x01,'','','','role-002','2025-08-26 02:57:40','2025-08-26 02:57:40'),('a5389ec9-1104-426c-94af-3cfa5f0e76c4','test1112343','test1112343d@gmail.com','$2a$10$K94b3yfHH5Gw0YLlWmB2WOBvLTENL4xlHvfmS.jizc6EHyL8tzQnC',0x01,'','','','role-002','2025-09-05 03:15:57','2025-09-05 03:15:57'),('a5641aa3-f250-4d47-aa0f-ef9cc0539e63','test111234','test111234@gmail.com','$2a$10$xqXIen6ye.pdzWC7KoKQJ.Ov1FkD7BLWlkG8t.i5JRSuwQmILXUTG',0x01,'','','','role-002','2025-09-05 03:07:03','2025-09-05 03:07:03'),('a63c03b7-43dd-41d8-8f20-269d14d0f5b5','Phương Nguyễn Ngọc','phuong9agt@gmail.com','$2a$10$isZ5zSfQfJamMpEVcSsqo.TWNueVP.jhxiCk8XVpeq2vdi8e/JzSK',0x01,'','','','role-001','2025-09-10 05:59:44','2025-09-10 05:59:44'),('ae74ec1e-2ed4-4948-84a9-df50baae62d6','tét avavsdv','test111aa@gmail.com','$2a$10$eiuioL501tbgdBWg1yl2hO5jxF1R6jWS/OUSwF7n8zqVfMhJY81AK',0x01,'','','','role-002','2025-09-09 13:09:30','2025-09-09 13:09:30'),('b080d1b9-3ec3-4f31-b512-8ba5e2d95122','Minh Tam Testo','mtest@gmail.com','$2a$10$8Fqeag01mGDl9aq5jvfsDu2tCFN7nVt5cce/6lczv4/5UKaNjn71y',0x01,'','','','role-001','2025-09-22 03:33:17','2025-09-22 03:33:17'),('b4d02e45-4c19-409d-b8a9-83b4662ce1bf','aaa aaa','huy8426@gmail.com','$2a$10$x8y2wTHNl3hDO5yyhWmb2umFxDEPXzuGvIRxnmNtTtiFOt7RZzeg.',0x01,'','','1251251325325','role-001','2025-08-24 13:57:13','2025-08-26 02:59:03'),('b90728f2-8b58-41e5-bfb4-8d9baffc0ea2','Quốc Huy','lethuaquochuy@gmail.com','$2a$10$OsvKE28uYJBmxSgrgDlrmOBSLGafmqOrqNvnUFk//v01wFTBPQawK',0x01,'','','','role-001','2025-08-27 05:37:31','2025-08-27 05:37:31'),('bb9c8df4-4d63-45c8-b544-0dd69532927e','test111','test111@gmail.com','$2a$10$7pAS9LAmqT.98Ggja/tZ5OmlJz85Lq9fr6.HkFbF1n2uBvguP0X/i',0x01,'','','','role-002','2025-09-05 02:38:27','2025-09-05 02:38:27'),('bca96255-9f14-4ce1-9f2e-9338a5ade8a0','Minh Tam','caominhtam.lop92@gmail.com','$2a$10$dEk.PPN6j5wo195lWr5xP.TxuFgAA6a6OfSRZQu7xeXT2GhWFL8W.',0x01,'','','','role-002','2025-08-21 08:39:47','2025-08-21 08:39:47'),('cec05942-5bfd-4fb3-9ec5-5b8401c85d56','Tao met qua roi','test12@gmail.com','$2a$10$TNNN0RtmRmC91tSisVZemei30MOT5IdR58JFAV5.Ld0iMopguiHe.',0x01,'','','','role-002','2025-08-22 10:12:15','2025-08-22 10:12:15'),('d5ede92d-4bd0-4229-a3a6-43e0e47ab184','test1112','test1112@gmail.com','$2a$10$dskTCagSskWc9.Kn8vgigeIjV5tq9KQyDZgt4mzHrrSiM63BJLLGm',0x01,'','','','role-002','2025-09-05 02:42:37','2025-09-05 02:42:37'),('d6578966-4035-41a9-b304-4fa85dbc3f2e','Generic H2 (Embedded)','tamcm.21it@vku.udn.vn','$2a$10$OFvD6P7sGZZEHYYcN9fxeO9LpcFU9TE.NucJiFYAKQfyGifpqp.9.',0x01,'','','','role-002','2025-08-22 09:57:19','2025-08-22 09:57:19'),('dad1198c-86f0-49e0-812d-ccb8ab9e53b7','testuser','testuser@gmail.com','$2a$10$KyeEtiqDHVbxXeTDuZ8wj.1x1WhIc.JCR3iVkfiLQ2RNlL6kkTbn6',0x01,'','','','3c306425-fe1b-40c0-9357-35746862fcba','2025-09-21 06:01:19','2025-09-21 06:01:19'),('e1a97a29-6f5a-4e01-99a5-c7fb35f40b89','Test instructor','ti@gmail.com','$2a$10$fy2AnQU4UvvvDHUhMBExzuLtH2Xfu2p8xaBiGYpFND7Yen8mstR9G',0x01,'','','','role-002','2025-08-24 13:43:33','2025-08-24 13:43:33'),('e75b04c4-5631-4432-99c3-f9189edca6cc','Lee Jeong Ah','mylove@gmail.com','$2a$10$ozHweG0D1NgBckIYXRt5rOJjCHMloZy3p995EMbgS/B2AuyPNa0MK',0x01,'','','','role-002','2025-08-22 10:18:14','2025-08-22 10:18:14'),('ec592cdf-3410-4fdc-a79d-2ef048b15899','Vit Dien','lethuaquochuy1@gmail.com','$2a$10$dmogF6BQW.lSpKDBs8gGgu3AZ9f8N/eTK9r0FPTPbPTUZ23pfIUvC',0x01,'','','','role-001','2025-09-16 03:31:14','2025-09-16 03:31:14'),('ef77d3be-d19f-4d84-b77c-46a385576e53','Ming Tam Test','sybau@gmail.com','$2a$10$q/eBMmkH4hGzIhBtXhTcPujhrcMk4M/Bk4Jqf767sH3fg/6LLO5YC',0x01,'','','','9c7f9aee-759c-4c00-bc77-85bb9a399d8e','2025-09-21 09:09:51','2025-09-22 07:54:51'),('SYSTEM','System User','system@ktc.com','$2a$10$dXJ3SW6G7P4GeKjVkqTz.O5xY8JbxgE9r7SjbL2LvP7iGMt1x8k.2',0x01,'https://ui-avatars.com/api/?name=System+User&background=64748b&color=fff',NULL,'System user for automated operations and webhook processing','role-003','2025-08-21 08:37:20','2025-08-21 08:37:20'),('user-001','Alice','alice@example.com','$2a$10$0EIyXA/TZqL4PW4ojYJFROnF.AmJgIoht5O.r5Gmrp21b9JfLHsx2',0x01,'https://ui-avatars.com/api/?name=Alice&background=6366f1&color=fff',NULL,'System administrator with extensive experience in managing learning platforms','role-003','2025-08-21 08:37:11','2025-08-21 08:37:11'),('user-002','Bobb ngu','bob@example.com','$2a$10$Cd7U0cfpsMT8r1vPnHTID.mwqcY9Ao8J4jUxG4FBtwXvKQLZ8OGcC',0x01,'https://res.cloudinary.com/djg6scfth/image/upload/v1756177197/course-management/t1liet_1756177193815_ad5cfb8e.png.png','course-management/t1liet_1756177193815_ad5cfb8e.png','I\'m Bobbbbb ngu','role-001','2025-08-21 08:37:11','2025-09-22 02:43:44'),('user-003','Charlie','charlie@example.com','$2a$10$/gEUnxYgII3vj.6cNVP39OTewhRYHlrtnqNyWF0mSQknB5ajJv6ti',0x01,'https://res.cloudinary.com/dd4znnno1/image/upload/v1756198692/course-management/meme-of-the-day-shocked-miles-morales-v0-9ydzqmbx5t5b1_1756198688253_85ff6023.webp.webp','course-management/meme-of-the-day-shocked-miles-morales-v0-9ydzqmbx5t5b1_1756198688253_85ff6023.webp','Senior software developer and instructor with 10+ years of experience','role-002','2025-08-21 08:37:11','2025-08-26 08:58:13'),('user-004','Diana Roberts','diana@example.com','$2a$10$Cd7U0cfpsMT8r1vPnHTID.mwqcY9Ao8J4jUxG4FBtwXvKQLZ8OGcC',0x01,'https://ui-avatars.com/api/?name=Diana+Roberts&background=ec4899&color=fff',NULL,'Frontend developer passionate about user experience and modern web technologies','role-002','2025-08-21 08:37:11','2025-08-21 08:37:11'),('user-005','Edward Chen','edward@example.com','$2a$10$Cd7U0cfpsMT8r1vPnHTID.mwqcY9Ao8J4jUxG4FBtwXvKQLZ8OGcC',0x01,'https://ui-avatars.com/api/?name=Edward+Chen&background=8b5cf6&color=fff',NULL,'Data scientist and machine learning enthusiast','role-001','2025-08-21 08:37:11','2025-08-21 08:37:11'),('user-006','Fiona Davis','fiona@example.com','$2a$10$Cd7U0cfpsMT8r1vPnHTID.mwqcY9Ao8J4jUxG4FBtwXvKQLZ8OGcC',0x01,'https://ui-avatars.com/api/?name=Fiona+Davis&background=06b6d4&color=fff',NULL,'Mobile app developer with expertise in React Native and Flutter','role-002','2025-08-21 08:37:11','2025-08-21 08:37:11'),('user-007','George Wilson','george@example.com','$2a$10$Cd7U0cfpsMT8r1vPnHTID.mwqcY9Ao8J4jUxG4FBtwXvKQLZ8OGcC',0x01,'https://ui-avatars.com/api/?name=George+Wilson&background=ef4444&color=fff',NULL,'DevOps engineer focused on cloud infrastructure and automation','role-001','2025-08-21 08:37:11','2025-08-21 08:37:11'),('user-008','Hannah Taylor','hannah@example.com','$2a$10$Cd7U0cfpsMT8r1vPnHTID.mwqcY9Ao8J4jUxG4FBtwXvKQLZ8OGcC',0x01,'https://ui-avatars.com/api/?name=Hannah+Taylor&background=84cc16&color=fff',NULL,'Cybersecurity specialist and ethical hacker','role-002','2025-08-21 08:37:11','2025-08-21 08:37:11'),('user-009','Ian Miller','ian@example.com','$2a$10$Cd7U0cfpsMT8r1vPnHTID.mwqcY9Ao8J4jUxG4FBtwXvKQLZ8OGcC',0x01,'https://ui-avatars.com/api/?name=Ian+Miller&background=f97316&color=fff',NULL,'Full-stack developer and coding bootcamp graduate','role-001','2025-08-21 08:37:11','2025-08-21 08:37:11'),('user-010','Julia Anderson','julia@example.com','$2a$10$Cd7U0cfpsMT8r1vPnHTID.mwqcY9Ao8J4jUxG4FBtwXvKQLZ8OGcC',0x01,'https://ui-avatars.com/api/?name=Julia+Anderson&background=a855f7&color=fff',NULL,'AI researcher and deep learning expert','role-002','2025-08-21 08:37:11','2025-08-21 08:37:11'),('user-011','Kevin Lee','kevin@example.com','$2a$10$Cd7U0cfpsMT8r1vPnHTID.mwqcY9Ao8J4jUxG4FBtwXvKQLZ8OGcC',0x01,'https://ui-avatars.com/api/?name=Kevin+Lee&background=14b8a6&color=fff',NULL,'Computer science student interested in algorithms and data structures','role-001','2025-08-21 08:37:11','2025-08-21 08:37:11'),('user-012','Lisa Brown','lisa@example.com','$2a$10$Cd7U0cfpsMT8r1vPnHTID.mwqcY9Ao8J4jUxG4FBtwXvKQLZ8OGcC',0x01,'https://ui-avatars.com/api/?name=Lisa+Brown&background=3b82f6&color=fff',NULL,'Business analyst transitioning to data science','role-001','2025-08-21 08:37:11','2025-08-21 08:37:11');
/*!40000 ALTER TABLE `users` ENABLE KEYS */;

--
-- Table structure for table `video_contents`
--

DROP TABLE IF EXISTS `video_contents`;
/*!40101 SET @saved_cs_client     = @@character_set_client */;
/*!50503 SET character_set_client = utf8mb4 */;
CREATE TABLE `video_contents` (
  `id` varchar(36) NOT NULL,
  `url` text NOT NULL,
  `duration` int DEFAULT NULL,
  `title` varchar(255) NOT NULL,
  `thumbnail_url` varchar(255) NOT NULL,
  `uploaded_by` varchar(36) NOT NULL,
  `created_at` timestamp NULL DEFAULT CURRENT_TIMESTAMP,
  `updated_at` timestamp NULL DEFAULT CURRENT_TIMESTAMP,
  PRIMARY KEY (`id`),
  KEY `fk_video_uploader` (`uploaded_by`),
  CONSTRAINT `fk_video_uploader` FOREIGN KEY (`uploaded_by`) REFERENCES `users` (`id`) ON DELETE CASCADE
) ENGINE=InnoDB DEFAULT CHARSET=utf8mb4 COLLATE=utf8mb4_0900_ai_ci;
/*!40101 SET character_set_client = @saved_cs_client */;

--
-- Dumping data for table `video_contents`
--

/*!40000 ALTER TABLE `video_contents` DISABLE KEYS */;
INSERT INTO `video_contents` VALUES ('00906ee1-1212-4b5f-aaa9-3be5f87e7043','https://res.cloudinary.com/dghnd5kqw/video/upload/v1757167153/course-videos/course_video_1757167150129_3fb0f904.mp4.mp4',4,'course video.mp4','https://res.cloudinary.com/dghnd5kqw/video/upload/c_fill,h_300,q_auto,so_50p,w_400/v1/course-videos/course_video_1757167150129_3fb0f904.mp4.jpg','user-003','2025-09-06 13:59:16','2025-09-06 13:59:16'),('02ee673f-51c8-4771-ac48-7dbfd7f424ac','https://res.cloudinary.com/djg6scfth/video/upload/v1756277710/course-videos/null_1756277706158_6bb154c9.mp4',10,'null','https://res.cloudinary.com/djg6scfth/video/upload/c_fill,h_300,q_auto,so_50p,w_400/v1/course-videos/null_1756277706158_6bb154c9.jpg','user-003','2025-08-27 06:55:14','2025-08-27 06:55:14'),('1423154e-49b1-4061-b041-32ab0cf1ffb8','https://res.cloudinary.com/djg6scfth/video/upload/v1756273673/course-videos/teliet_1756273670485_f02ded79.mp4.mp4',10,'teliet.mp4','https://res.cloudinary.com/djg6scfth/video/upload/c_fill,h_300,q_auto,so_50p,w_400/v1/course-videos/teliet_1756273670485_f02ded79.mp4.jpg','user-003','2025-08-27 05:47:57','2025-08-27 05:47:57'),('29d4f80c-ef86-44f3-8f9c-6189355590eb','https://res.cloudinary.com/djg6scfth/video/upload/v1756277686/course-videos/tlietfaker_1756277680774_dc319703.mp4.mp4',12,'tlietfaker.mp4','https://res.cloudinary.com/djg6scfth/video/upload/c_fill,h_300,q_auto,so_50p,w_400/v1/course-videos/tlietfaker_1756277680774_dc319703.mp4.jpg','user-003','2025-08-27 06:54:53','2025-08-27 06:54:53'),('4c726572-ad59-4aaa-b21c-139fd2b32672','https://res.cloudinary.com/djg6scfth/video/upload/v1756277821/course-videos/tlietfaker_1756277813984_5a1badb6.mp4.mp4',12,'tlietfaker.mp4','https://res.cloudinary.com/djg6scfth/video/upload/c_fill,h_300,q_auto,so_50p,w_400/v1/course-videos/tlietfaker_1756277813984_5a1badb6.mp4.jpg','user-003','2025-08-27 06:57:05','2025-08-27 06:57:05'),('4f1e9e93-7c53-45dd-8375-b2b70d5f9cea','https://res.cloudinary.com/djg6scfth/video/upload/v1756277848/course-videos/null_1756277843219_409bd74d.mp4',10,'null','https://res.cloudinary.com/djg6scfth/video/upload/c_fill,h_300,q_auto,so_50p,w_400/v1/course-videos/null_1756277843219_409bd74d.jpg','user-003','2025-08-27 06:57:33','2025-08-27 06:57:33'),('53c54d74-df95-4feb-aa55-6f35e406df9d','https://res.cloudinary.com/djg6scfth/video/upload/v1756278064/course-videos/teliet_1756278055243_d75f0ca6.mp4.mp4',10,'teliet.mp4','https://res.cloudinary.com/djg6scfth/video/upload/c_fill,h_300,q_auto,so_50p,w_400/v1/course-videos/teliet_1756278055243_d75f0ca6.mp4.jpg','user-003','2025-08-27 07:01:09','2025-08-27 07:01:09'),('5596d8a9-5815-4521-9a61-24c89e53b5b3','https://res.cloudinary.com/djg6scfth/video/upload/v1756277830/course-videos/teliet_1756277825284_022369f0.mp4.mp4',10,'teliet.mp4','https://res.cloudinary.com/djg6scfth/video/upload/c_fill,h_300,q_auto,so_50p,w_400/v1/course-videos/teliet_1756277825284_022369f0.mp4.jpg','user-003','2025-08-27 06:57:15','2025-08-27 06:57:15'),('572554fa-8cee-45c1-bf24-d9a02dadb22b','https://res.cloudinary.com/dghnd5kqw/video/upload/v1758541035/course-videos/course_video_1758541034836_f4f4fdfc.mp4.mp4',4,'course video.mp4','https://res.cloudinary.com/dghnd5kqw/video/upload/c_fill,h_300,q_auto,so_50p,w_400/v1/course-videos/course_video_1758541034836_f4f4fdfc.mp4.jpg','user-003','2025-09-22 11:37:20','2025-09-22 11:37:20'),('68798714-38dd-4f59-b798-1cd428b5befa','https://res.cloudinary.com/dghnd5kqw/video/upload/v1758555158/course-videos/course_video_1758555157614_adb4bb7f.mp4.mp4',4,'course video.mp4','https://res.cloudinary.com/dghnd5kqw/video/upload/c_fill,h_300,q_auto,so_50p,w_400/v1/course-videos/course_video_1758555157614_adb4bb7f.mp4.jpg','user-003','2025-09-22 15:32:43','2025-09-22 15:32:43'),('69587b83-8a0e-451c-9809-3353168c516d','https://res.cloudinary.com/dghnd5kqw/video/upload/v1758554669/course-videos/course_video_1758554667843_54200047.mp4.mp4',4,'course video.mp4','https://res.cloudinary.com/dghnd5kqw/video/upload/c_fill,h_300,q_auto,so_50p,w_400/v1/course-videos/course_video_1758554667843_54200047.mp4.jpg','user-003','2025-09-22 15:24:32','2025-09-22 15:24:32'),('724a8dca-04fd-4067-ae53-6182da4606e4','https://res.cloudinary.com/dghnd5kqw/video/upload/v1757143528/course-videos/null_1757143526510_3de33fb6.mp4',4,'null','https://res.cloudinary.com/dghnd5kqw/video/upload/c_fill,h_300,q_auto,so_50p,w_400/v1/course-videos/null_1757143526510_3de33fb6.jpg','user-003','2025-09-06 07:25:32','2025-09-06 07:25:32'),('84f30edb-f213-4f71-b843-ab98d3a684a4','https://res.cloudinary.com/djg6scfth/video/upload/v1756278077/course-videos/tlietfaker_1756278069437_e7160789.mp4.mp4',12,'tlietfaker.mp4','https://res.cloudinary.com/djg6scfth/video/upload/c_fill,h_300,q_auto,so_50p,w_400/v1/course-videos/tlietfaker_1756278069437_e7160789.mp4.jpg','user-003','2025-08-27 07:01:21','2025-08-27 07:01:21'),('8fa9b45b-5bec-42d2-a585-f41dd1be87f3','https://res.cloudinary.com/dghnd5kqw/video/upload/v1758535525/course-videos/course_video_1758535524602_586b8d69.mp4.mp4',4,'course video.mp4','https://res.cloudinary.com/dghnd5kqw/video/upload/c_fill,h_300,q_auto,so_50p,w_400/v1/course-videos/course_video_1758535524602_586b8d69.mp4.jpg','user-003','2025-09-22 10:05:29','2025-09-22 10:05:29'),('96c4143c-c787-4d00-843c-168efef49a86','https://res.cloudinary.com/djg6scfth/video/upload/v1758689699/course-videos/tlietfaker_1758689696177_6526bb7b.mp4.mp4',12,'tlietfaker.mp4','https://res.cloudinary.com/djg6scfth/video/upload/c_fill,h_300,q_auto,so_50p,w_400/v1/course-videos/tlietfaker_1758689696177_6526bb7b.mp4.jpg','user-003','2025-09-23 21:55:05','2025-09-23 21:55:05'),('a9be853a-a279-4698-901d-b5d98b554635','https://res.cloudinary.com/dghnd5kqw/video/upload/v1758541037/course-videos/course_video_1758541036463_6052dc9a.mp4.mp4',4,'course video.mp4','https://res.cloudinary.com/dghnd5kqw/video/upload/c_fill,h_300,q_auto,so_50p,w_400/v1/course-videos/course_video_1758541036463_6052dc9a.mp4.jpg','user-003','2025-09-22 11:37:21','2025-09-22 11:37:21'),('add7ae8a-3757-4214-be23-72c6a967a3a6','https://res.cloudinary.com/dghnd5kqw/video/upload/v1758599594/course-videos/course_video_1758599592199_f0079076.mp4.mp4',4,'course video.mp4','https://res.cloudinary.com/dghnd5kqw/video/upload/c_fill,h_300,q_auto,so_50p,w_400/v1/course-videos/course_video_1758599592199_f0079076.mp4.jpg','user-003','2025-09-23 03:53:17','2025-09-23 03:53:17'),('b5586081-1720-445e-a0ac-8f49485f11ff','https://res.cloudinary.com/dghnd5kqw/video/upload/v1757217152/course-videos/course_video_1757217149678_1896b4b4.mp4.mp4',4,'course video.mp4','https://res.cloudinary.com/dghnd5kqw/video/upload/c_fill,h_300,q_auto,so_50p,w_400/v1/course-videos/course_video_1757217149678_1896b4b4.mp4.jpg','user-003','2025-09-07 03:52:35','2025-09-07 03:52:35'),('b58e4212-8bb5-4f33-a748-842532c15c4a','https://res.cloudinary.com/dghnd5kqw/video/upload/v1757166798/course-videos/course_video_1757166794939_aad41378.mp4.mp4',4,'course video.mp4','https://res.cloudinary.com/dghnd5kqw/video/upload/c_fill,h_300,q_auto,so_50p,w_400/v1/course-videos/course_video_1757166794939_aad41378.mp4.jpg','user-003','2025-09-06 13:53:21','2025-09-06 13:53:21'),('c2d9d101-c96e-4894-a21e-9f9e558cfcac','https://res.cloudinary.com/dd4znnno1/video/upload/v1755960822/course-videos/Daily_korean_-_Tomorrow_is_Monday___dailykorean__korean__kpop__fyp__viral_1755960818895_2eeb9589.mp4.mp4',8,'Daily korean - Tomorrow is Monday! #dailykorean #korean #kpop #fyp #viral.mp4','https://res.cloudinary.com/dd4znnno1/video/upload/c_fill,h_300,q_auto,so_50p,w_400/v1/course-videos/Daily_korean_-_Tomorrow_is_Monday___dailykorean__korean__kpop__fyp__viral_1755960818895_2eeb9589.mp4.jpg','user-003','2025-08-23 14:53:50','2025-08-23 14:53:50'),('c6533cec-3abf-4975-8ea8-133b8b51c6e9','https://res.cloudinary.com/dghnd5kqw/video/upload/v1757064834/course-videos/course_video_1757064834331_129631d0.mp4.mp4',4,'course video.mp4','https://res.cloudinary.com/dghnd5kqw/video/upload/c_fill,h_300,q_auto,so_50p,w_400/v1/course-videos/course_video_1757064834331_129631d0.mp4.jpg','user-003','2025-09-05 09:33:59','2025-09-05 09:33:59'),('cd4f0a4c-48e8-44c1-ab06-21b1fa9d193a','https://res.cloudinary.com/djg6scfth/video/upload/v1756178344/course-videos/teliet_1756178341377_0dea7b77.mp4.mp4',10,'teliet.mp4','https://res.cloudinary.com/djg6scfth/video/upload/c_fill,h_300,q_auto,so_50p,w_400/v1/course-videos/teliet_1756178341377_0dea7b77.mp4.jpg','user-003','2025-08-26 03:19:09','2025-08-26 03:19:09'),('d7dda3fd-0156-49a9-81b4-3693c4da13b9','https://res.cloudinary.com/dghnd5kqw/video/upload/v1757132016/course-videos/course_video_1757132013996_6db03550.mp4.mp4',4,'course video.mp4','https://res.cloudinary.com/dghnd5kqw/video/upload/c_fill,h_300,q_auto,so_50p,w_400/v1/course-videos/course_video_1757132013996_6db03550.mp4.jpg','user-003','2025-09-06 04:13:38','2025-09-06 04:13:38'),('e17f8a9f-6f37-4684-8399-5c972f4f74ec','https://res.cloudinary.com/dghnd5kqw/video/upload/v1757162696/course-videos/course_video_1757162694214_f30f86be.mp4.mp4',4,'course video.mp4','https://res.cloudinary.com/dghnd5kqw/video/upload/c_fill,h_300,q_auto,so_50p,w_400/v1/course-videos/course_video_1757162694214_f30f86be.mp4.jpg','user-003','2025-09-06 12:44:58','2025-09-06 12:44:58'),('f264f36e-d87b-43a1-8f3d-e00e7bb3a588','https://res.cloudinary.com/djg6scfth/video/upload/v1756277721/course-videos/teliet_1756277716091_80d0e754.mp4.mp4',10,'teliet.mp4','https://res.cloudinary.com/djg6scfth/video/upload/c_fill,h_300,q_auto,so_50p,w_400/v1/course-videos/teliet_1756277716091_80d0e754.mp4.jpg','user-003','2025-08-27 06:55:25','2025-08-27 06:55:25'),('video-001','https://res.cloudinary.com/dlusux56d/video/upload/v1754458845/course-videos/2025-06-26_16-51-20_1754458842464_effb33bb.mp4',1800,'Introduction to Cloudinary','https://res.cloudinary.com/dlusux56d/video/upload/v1754458845/course-videos/2025-06-26_16-51-20_1754458842464_effb33bb.jpg','user-003','2024-12-25 03:30:00','2024-12-25 03:30:00'),('video-002','https://res.cloudinary.com/dlusux56d/video/upload/v1754970951/course-videos/Set_up_React_Environment_1754927894955_080f1112_1754970909241_0d843a02.mp4',2400,'Set up React Environment','https://res.cloudinary.com/dlusux56d/video/upload/v1754970951/course-videos/Set_up_React_Environment_1754927894955_080f1112_1754970909241_0d843a02.jpg','user-003','2024-12-25 04:15:00','2024-12-25 04:15:00'),('video-003','https://res.cloudinary.com/dlusux56d/video/upload/v1754458845/course-videos/2025-06-26_16-51-20_1754458842464_effb33bb.mp4',2700,'Set up React Environment','https://res.cloudinary.com/dlusux56d/video/upload/v1754970951/course-videos/Set_up_React_Environment_1754927894955_080f1112_1754970909241_0d843a02.jpg','user-010','2024-12-26 05:00:00','2024-12-26 05:00:00'),('video-004','https://res.cloudinary.com/dlusux56d/video/upload/v1754970951/course-videos/Set_up_React_Environment_1754927894955_080f1112_1754970909241_0d843a02.mp4',1200,'Set up React Environment','https://res.cloudinary.com/dlusux56d/video/upload/v1754970951/course-videos/Set_up_React_Environment_1754927894955_080f1112_1754970909241_0d843a02.jpg','user-006','2025-08-21 08:37:12','2025-08-21 08:37:12'),('video-005','https://res.cloudinary.com/dlusux56d/video/upload/v1754458845/course-videos/2025-06-26_16-51-20_1754458842464_effb33bb.mp4',2100,'Set up React Environment','https://res.cloudinary.com/dlusux56d/video/upload/v1754970951/course-videos/Set_up_React_Environment_1754927894955_080f1112_1754970909241_0d843a02.jpg','user-008','2025-08-21 08:37:12','2025-08-21 08:37:12'),('video-006','https://res.cloudinary.com/dlusux56d/video/upload/v1754970951/course-videos/Set_up_React_Environment_1754927894955_080f1112_1754970909241_0d843a02.mp4',1500,'Set up React Environment','https://res.cloudinary.com/dlusux56d/video/upload/v1754970951/course-videos/Set_up_React_Environment_1754927894955_080f1112_1754970909241_0d843a02.jpg','user-004','2025-08-21 08:37:12','2025-08-21 08:37:12'),('video-007','https://res.cloudinary.com/dlusux56d/video/upload/v1754458845/course-videos/2025-06-26_16-51-20_1754458842464_effb33bb.mp4',3000,'Introduction to Cloudinary','https://res.cloudinary.com/dlusux56d/video/upload/v1754458845/course-videos/2025-06-26_16-51-20_1754458842464_effb33bb.jpg','user-003','2025-08-21 08:37:12','2025-08-21 08:37:12'),('video-008','https://res.cloudinary.com/dlusux56d/video/upload/v1754970951/course-videos/Set_up_React_Environment_1754927894955_080f1112_1754970909241_0d843a02.mp4',2200,'Set up React Environment','https://res.cloudinary.com/dlusux56d/video/upload/v1754970951/course-videos/Set_up_React_Environment_1754927894955_080f1112_1754970909241_0d843a02.jpg','user-010','2025-08-21 08:37:12','2025-08-21 08:37:12'),('video-009','https://res.cloudinary.com/dlusux56d/video/upload/v1754458845/course-videos/2025-06-26_16-51-20_1754458842464_effb33bb.mp4',1800,'Introduction to Cloudinary','https://res.cloudinary.com/dlusux56d/video/upload/v1754458845/course-videos/2025-06-26_16-51-20_1754458842464_effb33bb.jpg','user-006','2025-08-21 08:37:12','2025-08-21 08:37:12'),('video-010','https://res.cloudinary.com/dlusux56d/video/upload/v1754970951/course-videos/Set_up_React_Environment_1754927894955_080f1112_1754970909241_0d843a02.mp4',2800,'Set up React Environment','https://res.cloudinary.com/dlusux56d/video/upload/v1754970951/course-videos/Set_up_React_Environment_1754927894955_080f1112_1754970909241_0d843a02.jpg','user-004','2025-08-21 08:37:12','2025-08-21 08:37:12'),('video-011','https://res.cloudinary.com/dlusux56d/video/upload/v1754458845/course-videos/2025-06-26_16-51-20_1754458842464_effb33bb.mp4',2600,'Introduction to Cloudinary','https://res.cloudinary.com/dlusux56d/video/upload/v1754458845/course-videos/2025-06-26_16-51-20_1754458842464_effb33bb.jpg','user-003','2025-08-21 08:37:12','2025-08-21 08:37:12'),('video-011-01','https://res.cloudinary.com/dlusux56d/video/upload/v1754458845/course-videos/2025-06-26_16-51-20_1754458842464_effb33bb.mp4',1800,'Introduction to Cloudinary','https://res.cloudinary.com/dlusux56d/video/upload/v1754458845/course-videos/2025-06-26_16-51-20_1754458842464_effb33bb.jpg','user-003','2025-01-03 02:00:00','2025-01-03 02:00:00'),('video-011-02','https://res.cloudinary.com/dlusux56d/video/upload/v1754970951/course-videos/Set_up_React_Environment_1754927894955_080f1112_1754970909241_0d843a02.mp4',2100,'Set up React Environment','https://res.cloudinary.com/dlusux56d/video/upload/v1754970951/course-videos/Set_up_React_Environment_1754927894955_080f1112_1754970909241_0d843a02.jpg','user-003','2025-01-03 02:05:00','2025-01-03 02:05:00'),('video-011-03','https://res.cloudinary.com/dlusux56d/video/upload/v1754458845/course-videos/2025-06-26_16-51-20_1754458842464_effb33bb.mp4',2400,'Introduction to Cloudinary','https://res.cloudinary.com/dlusux56d/video/upload/v1754458845/course-videos/2025-06-26_16-51-20_1754458842464_effb33bb.jpg','user-003','2025-01-03 02:10:00','2025-01-03 02:10:00'),('video-011-04','https://res.cloudinary.com/dlusux56d/video/upload/v1754970951/course-videos/Set_up_React_Environment_1754927894955_080f1112_1754970909241_0d843a02.mp4',2700,'Set up React Environment','https://res.cloudinary.com/dlusux56d/video/upload/v1754970951/course-videos/Set_up_React_Environment_1754927894955_080f1112_1754970909241_0d843a02.jpg','user-003','2025-01-03 02:15:00','2025-01-03 02:15:00'),('video-012','https://res.cloudinary.com/dlusux56d/video/upload/v1754970951/course-videos/Set_up_React_Environment_1754927894955_080f1112_1754970909241_0d843a02.mp4',3200,'Set up React Environment','https://res.cloudinary.com/dlusux56d/video/upload/v1754970951/course-videos/Set_up_React_Environment_1754927894955_080f1112_1754970909241_0d843a02.jpg','user-010','2025-08-21 08:37:12','2025-08-21 08:37:12'),('video-012-01','https://res.cloudinary.com/dlusux56d/video/upload/v1754458845/course-videos/2025-06-26_16-51-20_1754458842464_effb33bb.mp4',2100,'Introduction to Cloudinary','https://res.cloudinary.com/dlusux56d/video/upload/v1754458845/course-videos/2025-06-26_16-51-20_1754458842464_effb33bb.jpg','user-004','2025-01-05 03:00:00','2025-01-05 03:00:00'),('video-012-02','https://res.cloudinary.com/dlusux56d/video/upload/v1754970951/course-videos/Set_up_React_Environment_1754927894955_080f1112_1754970909241_0d843a02.mp4',2700,'Set up React Environment','https://res.cloudinary.com/dlusux56d/video/upload/v1754970951/course-videos/Set_up_React_Environment_1754927894955_080f1112_1754970909241_0d843a02.jpg','user-004','2025-01-05 03:05:00','2025-01-05 03:05:00'),('video-013-01','https://res.cloudinary.com/dlusux56d/video/upload/v1754458845/course-videos/2025-06-26_16-51-20_1754458842464_effb33bb.mp4',1800,'Introduction to Cloudinary','https://res.cloudinary.com/dlusux56d/video/upload/v1754458845/course-videos/2025-06-26_16-51-20_1754458842464_effb33bb.jpg','user-005','2025-01-07 04:00:00','2025-01-07 04:00:00'),('video-013-02','https://res.cloudinary.com/dlusux56d/video/upload/v1754970951/course-videos/Set_up_React_Environment_1754927894955_080f1112_1754970909241_0d843a02.mp4',2400,'Set up React Environment','https://res.cloudinary.com/dlusux56d/video/upload/v1754970951/course-videos/Set_up_React_Environment_1754927894955_080f1112_1754970909241_0d843a02.jpg','user-005','2025-01-07 04:05:00','2025-01-07 04:05:00'),('video-014-01','https://res.cloudinary.com/dlusux56d/video/upload/v1754458845/course-videos/2025-06-26_16-51-20_1754458842464_effb33bb.mp4',2700,'Introduction to Cloudinary','https://res.cloudinary.com/dlusux56d/video/upload/v1754458845/course-videos/2025-06-26_16-51-20_1754458842464_effb33bb.jpg','user-006','2025-01-09 01:00:00','2025-01-09 01:00:00'),('video-014-02','https://res.cloudinary.com/dlusux56d/video/upload/v1754970951/course-videos/Set_up_React_Environment_1754927894955_080f1112_1754970909241_0d843a02.mp4',3000,'Set up React Environment','https://res.cloudinary.com/dlusux56d/video/upload/v1754970951/course-videos/Set_up_React_Environment_1754927894955_080f1112_1754970909241_0d843a02.jpg','user-006','2025-01-09 01:05:00','2025-01-09 01:05:00'),('video-015-01','https://res.cloudinary.com/dlusux56d/video/upload/v1754458845/course-videos/2025-06-26_16-51-20_1754458842464_effb33bb.mp4',1500,'Introduction to Cloudinary','https://res.cloudinary.com/dlusux56d/video/upload/v1754458845/course-videos/2025-06-26_16-51-20_1754458842464_effb33bb.jpg','user-007','2025-01-11 07:00:00','2025-01-11 07:00:00'),('video-015-02','https://res.cloudinary.com/dlusux56d/video/upload/v1754970951/course-videos/Set_up_React_Environment_1754927894955_080f1112_1754970909241_0d843a02.mp4',2100,'Set up React Environment','https://res.cloudinary.com/dlusux56d/video/upload/v1754970951/course-videos/Set_up_React_Environment_1754927894955_080f1112_1754970909241_0d843a02.jpg','user-007','2025-01-11 07:05:00','2025-01-11 07:05:00');
/*!40000 ALTER TABLE `video_contents` ENABLE KEYS */;

--
-- Dumping routines for database 'sybau'
--
/*!40103 SET TIME_ZONE=@OLD_TIME_ZONE */;

/*!40101 SET SQL_MODE=@OLD_SQL_MODE */;
/*!40014 SET FOREIGN_KEY_CHECKS=@OLD_FOREIGN_KEY_CHECKS */;
/*!40014 SET UNIQUE_CHECKS=@OLD_UNIQUE_CHECKS */;
/*!40101 SET CHARACTER_SET_CLIENT=@OLD_CHARACTER_SET_CLIENT */;
/*!40101 SET CHARACTER_SET_RESULTS=@OLD_CHARACTER_SET_RESULTS */;
/*!40101 SET COLLATION_CONNECTION=@OLD_COLLATION_CONNECTION */;
/*!40111 SET SQL_NOTES=@OLD_SQL_NOTES */;

-- Dump completed on 2025-09-24 15:32:29
